"yday","observed","obj","mass.kg","DER.obj","DER.obs","DER.obj2","DER.obs2"
1,50000,50000,0.12084176952674,19239159.0265624,19239159.0265624,19239159.0265624,19239159.0265624
2,51879.3678762452,54869.8468636015,0.12084176952674,21112994.1914392,19962308.1753723,21112994.1914392,19962308.1753723
3,53758.7357524904,59739.693727203,0.12084176952674,22986829.3563159,20685457.3241822,22986829.3563159,20685457.3241822
4,55638.1036287356,64609.5405908045,0.12084176952674,24860664.5211926,21408606.4729921,24860664.5211926,21408606.4729921
5,57517.4715049808,69479.387454406,0.12084176952674,26734499.6860693,22131755.621802,26734499.6860693,22131755.621802
6,59396.839381226,74349.2343180075,0.12084176952674,28608334.850946,22854904.7706119,28608334.850946,22854904.7706119
7,61276.2072574712,79219.0811816091,0.12084176952674,30482170.0158227,23578053.9194218,30482170.0158227,23578053.9194218
8,63155.5751337164,84088.9280452106,0.12084176952674,32356005.1806995,24301203.0682316,32356005.1806995,24301203.0682316
9,65034.9430099616,88958.7749088121,0.12084176952674,34229840.3455762,25024352.2170415,34229840.3455762,25024352.2170415
10,66914.3108862068,93828.6217724136,0.12084176952674,36103675.5104529,25747501.3658514,36103675.5104529,25747501.3658514
11,68793.678762452,98698.4686360151,0.12084176952674,37977510.6753296,26470650.5146613,37977510.6753296,26470650.5146613
12,70673.0466386972,103568.315499617,0.12084176952674,39851345.8402065,27193799.6634712,39851345.8402065,27193799.6634712
13,72552.4145149424,108438.162363218,0.12084176952674,41725181.005083,27916948.8122811,41725181.005083,27916948.8122811
14,74431.7823911876,113308.00922682,0.12084176952674,43599016.1699599,28640097.961091,43599016.1699599,28640097.961091
15,76311.1502674328,118177.856090421,0.12084176952674,45472851.3348364,29363247.1099008,45472851.3348364,29363247.1099008
16,78190.518143678,123047.702954023,0.12084176952674,47346686.4997133,30086396.2587107,47346686.4997133,30086396.2587107
17,80069.8860199232,127917.549817624,0.12084176952674,49220521.6645898,30809545.4075206,49220521.6645898,30809545.4075206
18,81949.2538961684,132787.396681226,0.12084176952674,51094356.8294667,31532694.5563305,51094356.8294667,31532694.5563305
19,83828.6217724136,137657.243544827,0.12084176952674,52968191.9943433,32255843.7051404,52968191.9943433,32255843.7051404
20,85707.9896486588,142527.090408429,0.12084176952674,54842027.1592202,32978992.8539503,54842027.1592202,32978992.8539503
21,87587.357524904,147396.93727203,0.12084176952674,56715862.3240967,33702142.0027602,56715862.3240967,33702142.0027602
22,89466.7254011492,152266.784135632,0.12084176952674,58589697.4889736,34425291.1515701,58589697.4889736,34425291.1515701
23,91346.0932773944,157136.630999233,0.12084176952674,60463532.6538501,35148440.3003799,60463532.6538501,35148440.3003799
24,93225.4611536396,162006.477862835,0.12084176952674,62337367.818727,35871589.4491898,62337367.818727,35871589.4491898
25,95104.8290298848,166876.324726436,0.12084176952674,64211202.9836035,36594738.5979997,64211202.9836035,36594738.5979997
26,96984.19690613,171746.171590038,0.12084176952674,66085038.1484804,37317887.7468096,66085038.1484804,37317887.7468096
27,98863.5647823752,176616.018453639,0.12084176952674,67958873.3133569,38041036.8956195,67958873.3133569,38041036.8956195
28,100742.93265862,181485.865317241,0.12084176952674,69832708.4782338,38764186.0444292,69832708.4782338,38764186.0444292
29,102622.300534866,186355.712180842,0.12084176952674,71706543.6431104,39487335.1932394,71706543.6431104,39487335.1932394
30,104501.668411111,191225.559044444,0.12084176952674,73580378.8079873,40210484.3420492,73580378.8079873,40210484.3420492
31,106381.036287356,196095.405908045,0.12084176952674,75454213.9728638,40933633.490859,75454213.9728638,40933633.490859
32,108260.404163601,200965.252771647,0.12084176952674,77328049.1377407,41656782.6396688,77328049.1377407,41656782.6396688
33,110139.772039846,205835.099635248,0.12084176952674,79201884.3026172,42379931.7884787,79201884.3026172,42379931.7884787
34,112019.139916092,210704.94649885,0.12084176952674,81075719.4674941,43103080.9372888,81075719.4674941,43103080.9372888
35,113898.507792337,215574.793362451,0.12084176952674,82949554.6323706,43826230.0860986,82949554.6323706,43826230.0860986
36,115777.875668582,220444.640226053,0.12084176952674,84823389.7972475,44549379.2349085,84823389.7972475,44549379.2349085
37,117657.243544827,225314.487089654,0.12084176952674,86697224.962124,45272528.3837183,86697224.962124,45272528.3837183
38,119536.611421072,230184.333953256,0.12084176952674,88571060.127001,45995677.5325281,88571060.127001,45995677.5325281
39,121415.979297318,235054.180816857,0.12084176952674,90444895.2918775,46718826.6813383,90444895.2918775,46718826.6813383
40,123295.347173563,239924.027680459,0.12084176952674,92318730.4567544,47441975.8301481,92318730.4567544,47441975.8301481
41,125174.715049808,244793.87454406,0.12084176952674,94192565.6216309,48165124.9789579,94192565.6216309,48165124.9789579
42,127054.082926053,249663.721407662,0.12084176952674,96066400.7865078,48888274.1277677,96066400.7865078,48888274.1277677
43,128933.450802298,254533.568271263,0.12084176952674,97940235.9513843,49611423.2765775,97940235.9513843,49611423.2765775
44,130812.818678544,259403.415134865,0.12084176952674,99814071.1162612,50334572.4253877,99814071.1162612,50334572.4253877
45,132692.186554789,264273.261998466,0.12084176952674,101687906.281138,51057721.5741975,101687906.281138,51057721.5741975
46,134571.554431034,269143.108862068,0.12084176952674,103561741.446015,51780870.7230073,103561741.446015,51780870.7230073
47,135230.527908713,270461.055817427,0.120603598118688,103919297.861664,51959648.9308317,103919297.861664,51959648.9308317
48,135892.705536593,271785.411073185,0.12036543478033,104277779.960427,52138889.9802135,104277779.960427,52138889.9802135
49,136558.079942758,273116.159885517,0.120127287581359,104637175.284135,52318587.6420673,104637175.284135,52318587.6420673
50,137226.643382119,274453.286764238,0.119889164591469,104997471.217816,52498735.608908,104997471.217816,52498735.608908
51,137898.387731382,275796.775462764,0.119651073880355,105358654.989426,52679327.4947128,105358654.989426,52679327.4947128
52,138573.304484015,277146.60896803,0.119413023517709,105720713.669599,52860356.8347994,105720713.669599,52860356.8347994
53,139251.384745202,278502.769490404,0.119175021573226,106083634.17144,53041817.0857201,106083634.17144,53041817.0857201
54,139932.619226787,279865.238453574,0.1189370761166,106447403.250331,53223701.6251656,106447403.250331,53223701.6251656
55,140616.998242214,281233.996484429,0.118699195217524,106812007.503773,53406003.7518865,106812007.503773,53406003.7518865
56,141304.511701459,282609.023402918,0.118461386945692,107177433.371256,53588716.685628,107177433.371256,53588716.685628
57,141995.149105953,283990.298211905,0.118223659370797,107543667.134156,53771833.5670783,107543667.134156,53771833.5670783
58,142688.899543506,285377.799087012,0.117986020562535,107910694.915668,53955347.4578339,107910694.915668,53955347.4578339
59,143385.751683228,286771.503366455,0.117748478590597,108278502.680754,54139251.3403774,108278502.680754,54139251.3403774
60,144085.693770438,288171.387540877,0.117511041524679,108647076.236143,54323538.1180715,108647076.236143,54323538.1180715
61,144788.713621587,289577.427243174,0.117273717434474,109016401.230338,54508200.6151692,109016401.230338,54508200.6151692
62,145494.798619165,290989.597238331,0.117036514389676,109386463.153671,54693231.5768354,109386463.153671,54693231.5768354
63,146203.935706623,292407.871413246,0.116799440459978,109757247.338379,54878623.6691896,109757247.338379,54878623.6691896
64,146916.111383285,293832.222766571,0.116562503715074,110128738.958718,55064369.4793586,110128738.958718,55064369.4793586
65,147631.311699276,295262.623398553,0.116325712224658,110500923.0311,55250461.5155501,110500923.0311,55250461.5155501
66,148349.522250444,296699.044500888,0.116089074058424,110873784.414276,55436892.2071378,110873784.414276,55436892.2071378
67,149070.72817329,298141.45634658,0.115852597286066,111247307.809527,55623653.9047637,111247307.809527,55623653.9047637
68,149794.914139913,299589.828279827,0.115616289977277,111621477.760917,55810738.8804586,111621477.760917,55810738.8804586
69,150522.064352954,301044.128705908,0.115380160201752,111996278.655553,55998139.3277766,111996278.655553,55998139.3277766
70,151252.162540553,302504.325081106,0.115144216029183,112371694.72389,56185847.3619451,112371694.72389,56185847.3619451
71,151985.19195132,303970.38390264,0.114908465529265,112747710.04007,56373855.0200352,112747710.04007,56373855.0200352
72,152721.135349314,305442.270698627,0.114672916771692,113124308.522287,56562154.2611436,113124308.522287,56562154.2611436
73,153459.975009039,306919.950018078,0.114437577826157,113501473.933189,56750736.9665944,113501473.933189,56750736.9665944
74,154201.692710455,308403.38542091,0.114202456762354,113879189.880314,56939594.9401572,113879189.880314,56939594.9401572
75,154946.269734004,309892.539468009,0.113967561649977,114257439.816563,57128719.9082812,114257439.816563,57128719.9082812
76,155693.686855657,311387.373711314,0.11373290055872,114636207.040693,57318103.5203466,114636207.040693,57318103.5203466
77,156443.924341975,312887.84868395,0.113498481558276,115015474.697863,57507737.3489315,115015474.697863,57507737.3489315
78,157196.961945201,314393.923890402,0.113264312718339,115395225.780199,57697612.8900997,115395225.780199,57697612.8900997
79,157952.778898366,315905.557796732,0.113030402108603,115775443.127404,57887721.5637019,115775443.127404,57887721.5637019
80,158711.353910421,317422.707820843,0.112796757798762,116156109.427389,58078054.7136946,116156109.427389,58078054.7136946
81,159472.6651614,318945.330322801,0.11256338785851,116537207.216957,58268603.6084783,116537207.216957,58268603.6084783
82,160236.690297605,320473.380595209,0.11233030035754,116918718.882501,58459359.4412507,116918718.882501,58459359.4412507
83,161003.406426818,322006.812853635,0.112097503365546,117300626.660754,58650313.3303773,117300626.660754,58650313.3303773
84,161772.790113556,323545.580227112,0.111865004952222,117682912.639566,58841456.3197828,117682912.639566,58841456.3197828
85,162544.817374343,325089.634748687,0.111632813187262,118065558.75871,59032779.3793548,118065558.75871,59032779.3793548
86,163319.463673028,326638.927346056,0.111400936140359,118448546.810737,59224273.4053683,118448546.810737,59224273.4053683
87,164096.703916131,328193.407832262,0.111169381881207,118831858.441854,59415929.2209268,118831858.441854,59415929.2209268
88,164876.512448231,329753.024896462,0.110938158479501,119215475.152842,59607737.5764208,119215475.152842,59607737.5764208
89,165658.863047394,331317.726094788,0.110707274004933,119599378.300005,59799689.1500027,119599378.300005,59799689.1500027
90,166443.728920637,332887.457841275,0.110476736527198,119983549.096163,59991774.5480815,119983549.096163,59991774.5480815
91,167231.082699445,334462.165398889,0.110246554115989,120367968.611668,60183984.3058339,120367968.611668,60183984.3058339
92,168020.896435316,336041.792870632,0.110016734841,120752617.77546,60376308.8877298,120752617.77546,60376308.8877298
93,168813.141595375,337626.283190749,0.109787286771926,121137477.376164,60568738.6880823,121137477.376164,60568738.6880823
94,169607.789058015,339215.578116029,0.109558217978459,121522528.063211,60761264.0316055,121522528.063211,60761264.0316055
95,170404.809108605,340809.618217209,0.109329536530293,121907750.347999,60953875.1739996,121907750.347999,60953875.1739996
96,171204.171435239,342408.342870478,0.109101250497123,122293124.605092,61146562.302546,122293124.605092,61146562.302546
97,172005.845124548,344011.690249096,0.108873367948642,122678631.073446,61339315.5367228,122678631.073446,61339315.5367228
98,172809.798657561,345619.597315121,0.108645896954544,123064249.857673,61532124.9288365,123064249.857673,61532124.9288365
99,173615.999905629,347231.999811258,0.108418845584522,123449960.929342,61724980.4646711,123449960.929342,61724980.4646711
100,174424.416126409,348848.832252819,0.108192221908271,123835744.128312,61917872.0641558,123835744.128312,61917872.0641558
101,175235.01395991,350470.027919819,0.107966033995484,124221579.164092,62110789.5820462,124221579.164092,62110789.5820462
102,176047.759424597,352095.518849195,0.107740289915855,124607445.617249,62303722.8086244,124607445.617249,62303722.8086244
103,176862.617913578,353725.235827155,0.107514997739078,124993322.940836,62496661.4704182,124993322.940836,62496661.4704182
104,177679.554190837,355359.108381673,0.107290165534846,125379190.461861,62689595.2309305,125379190.461861,62689595.2309305
105,178498.532387559,356997.064775118,0.107065801372854,125765027.382786,62882513.6913932,125765027.382786,62882513.6913932
106,179319.515998514,358639.031997027,0.106841913322794,126150812.783061,63075406.3915307,126150812.783061,63075406.3915307
107,180142.467878519,360284.935757039,0.106618509454362,126536525.620688,63268262.8103439,126536525.620688,63268262.8103439
108,180967.350238984,361934.700477968,0.10639559783725,126922144.733817,63461072.3669086,126922144.733817,63461072.3669086
109,181794.124644525,363588.249289051,0.106173186541153,127307648.84238,63653824.4211897,127307648.84238,63653824.4211897
110,182622.752009669,365245.504019339,0.105951283635764,127693016.549744,63846508.2748717,127693016.549744,63846508.2748717
111,183453.19259564,366906.38519128,0.105729897190777,128078226.344412,64039113.172206,128078226.344412,64039113.172206
112,184285.406007225,368570.812014449,0.105509035275885,128463256.60174,64231628.3008703,128463256.60174,64231628.3008703
113,185119.351189736,370238.702379471,0.105288705960784,128848085.585695,64424042.7928478,128848085.585695,64424042.7928478
114,185954.98642606,371909.972852121,0.105068917315165,129232691.450633,64616345.7253162,129232691.450633,64616345.7253162
115,186792.2693338,373584.5386676,0.104849677408724,129617052.243117,64808526.1215583,129617052.243117,64808526.1215583
116,187631.15686251,375262.313725019,0.104630994311154,130001145.903758,65000572.9518794,130001145.903758,65000572.9518794
117,188471.60529103,376943.21058206,0.104412876092148,130384950.269089,65192475.1345444,130384950.269089,65192475.1345444
118,189313.570224922,378627.140449844,0.104195330821401,130768443.07346,65384221.53673,130768443.07346,65384221.53673
119,190157.006594002,380314.013188005,0.103978366568606,131151601.95097,65575800.975485,131151601.95097,65575800.975485
120,191001.868649982,382003.737299964,0.103761991403457,131534404.437422,65767202.2187108,131534404.437422,65767202.2187108
121,191848.109964213,383696.219928426,0.103546213395648,131916827.9723,65958413.9861502,131916827.9723,65958413.9861502
122,192695.683425544,385391.366851088,0.103331040614872,132298849.900786,66149424.9503929,132298849.900786,66149424.9503929
123,193544.541238284,387089.082476568,0.103116481130824,132680447.475785,66340223.7378923,132680447.475785,66340223.7378923
124,194394.634920286,388789.269840572,0.102902543013197,133061597.85999,66530798.9299951,133061597.85999,66530798.9299951
125,195245.915301138,390491.830602275,0.102689234331685,133442278.127964,66721139.0639823,133442278.127964,66721139.0639823
126,196098.33252048,392196.66504096,0.102476563155982,133822465.268248,66911232.6341242,133822465.268248,66911232.6341242
127,196951.836026439,393903.672052878,0.102264537555781,134202136.185491,67101068.0927456,134202136.185491,67101068.0927456
128,197806.374574185,395612.74914837,0.102053165600777,134581267.702606,67290633.8513028,134581267.702606,67290633.8513028
129,198661.896224613,397323.792449226,0.101842455360662,134959836.562939,67479918.2814695,134959836.562939,67479918.2814695
130,199518.348343159,399036.696686318,0.101632414905132,135337819.432479,67668909.7162396,135337819.432479,67668909.7162396
131,200375.677598735,400751.355197471,0.101423052303879,135715192.902061,67857596.4510304,135715192.902061,67857596.4510304
132,201233.829962811,402467.659925622,0.101214375626597,136091933.489614,68045966.7448068,136091933.489614,68045966.7448068
133,202092.750708614,404185.501417228,0.101006392942981,136468017.642411,68234008.8212054,136468017.642411,68234008.8212054
134,202952.384410485,405904.76882097,0.100799112322724,136843421.739349,68421710.8696745,136843421.739349,68421710.8696745
135,203812.674943357,407625.349886714,0.100592541835519,137218122.093236,68609061.046618,137218122.093236,68609061.046618
136,204673.56548239,409347.130964781,0.100386689551061,137592094.953107,68796047.4765535,137592094.953107,68796047.4765535
137,205534.998502742,411069.997005483,0.100181563539043,137965316.506544,68982658.253272,137965316.506544,68982658.253272
138,206396.915779487,412793.831558974,0.0999771718691595,138337762.882018,69168881.4410089,138337762.882018,69168881.4410089
139,207259.264964207,414518.529928413,0.0997735210801226,138709413.000985,69354706.5004925,138709413.000985,69354706.5004925
140,208122.019533759,416244.039067518,0.09957061158672,139080257.165063,69540128.5825313,139080257.165063,69540128.5825313
141,208985.159444653,417970.318889307,0.0993684422727585,139450288.570517,69725144.2852585,139450288.570517,69725144.2852585
142,209848.664612365,419697.32922473,0.0991670120220445,139819500.467805,69909750.2339025,139819500.467805,69909750.2339025
143,210712.514912446,421425.029824893,0.0989663197183847,140187886.161843,70093943.0809211,140187886.161843,70093943.0809211
144,211576.690181647,423153.380363294,0.0987663642455855,140555439.012271,70277719.5061357,140555439.012271,70277719.5061357
145,212441.170219037,424882.340438075,0.0985671444874534,140922152.43372,70461076.2168597,140922152.43372,70461076.2168597
146,213305.934787132,426611.869574263,0.0983686593277952,141288019.896053,70644009.9480267,141288019.896053,70644009.9480267
147,214170.963613018,428341.927226036,0.0981709076504173,141653034.924622,70826517.4623111,141653034.924622,70826517.4623111
148,215036.236389485,430072.47277897,0.0979738883391263,142017191.1005,71008595.5502499,142017191.1005,71008595.5502499
149,215901.732776158,431803.465552315,0.0977776002777287,142380482.060717,71190241.0303587,142380482.060717,71190241.0303587
150,216767.43240063,433534.864801259,0.097582042350031,142742901.498488,71371450.749244,142742901.498488,71371450.749244
151,217633.314859603,435266.629719206,0.09738721343984,143104443.16343,71552221.5817152,143104443.16343,71552221.5817152
152,218499.359720027,436998.719440054,0.097193112430962,143465100.861781,71732550.4308903,143465100.861781,71732550.4308903
153,219365.546520238,438731.093040476,0.0969997382072037,143824868.456599,71912434.2282995,143824868.456599,71912434.2282995
154,220231.854771105,440463.70954221,0.0968070896523716,144183739.867971,72091869.9339857,144183739.867971,72091869.9339857
155,221098.263957176,442196.527914353,0.0966151656502722,144541709.073205,72270854.5366022,144541709.073205,72270854.5366022
156,221964.753537822,443929.507075643,0.0964239650847122,144898770.107011,72449385.0535059,144898770.107011,72449385.0535059
157,222831.302948387,445662.605896774,0.0962334868394981,145254917.061695,72627458.5308474,145254917.061695,72627458.5308474
158,223697.89160134,447395.78320268,0.0960437297984364,145610144.08732,72805072.0436599,145610144.08732,72805072.0436599
159,224564.498887427,449128.997774854,0.0958546928453336,145964445.391885,72982222.6959423,145964445.391885,72982222.6959423
160,225431.10417682,450862.208353641,0.0956663748639965,146317815.24148,73158907.62074,146317815.24148,73158907.62074
161,226297.686820279,452595.373640558,0.0954787747382314,146670247.960448,73335123.9802238,146670247.960448,73335123.9802238
162,227164.226150297,454328.452300593,0.0952918913518449,147021737.931523,73510868.9657617,147021737.931523,73510868.9657617
163,228030.701482267,456061.402964535,0.0951057235886437,147372279.595986,73686139.797993,147372279.595986,73686139.797993
164,228897.092115635,457794.18423127,0.0949202703324342,147721867.45379,73860933.7268951,147721867.45379,73860933.7268951
165,229763.377335056,459526.754670113,0.0947355304670231,148070496.063695,74035248.0318474,148070496.063695,74035248.0318474
166,230629.536411558,461259.072823116,0.0945515028762168,148418160.043388,74209080.0216942,148418160.043388,74209080.0216942
167,231495.548603697,462991.097207393,0.0943681864438219,148764854.069603,74382427.0348019,148764854.069603,74382427.0348019
168,232361.393158719,464722.786317439,0.094185580053645,149110572.878229,74555286.4391145,149110572.878229,74555286.4391145
169,233227.049313724,466454.098627448,0.0940036825894927,149455311.264413,74727655.6322066,149455311.264413,74727655.6322066
170,234092.49629682,468184.99259364,0.0938224929351715,149799064.08266,74899532.0413301,149799064.08266,74899532.0413301
171,234957.713328289,469915.426656577,0.0936420099744879,150141826.246922,75070913.123461,150141826.246922,75070913.123461
172,235822.679621746,471645.359243492,0.0934622325912485,150483592.730683,75241796.3653415,150483592.730683,75241796.3653415
173,236687.374385301,473374.748770601,0.0932831596692598,150824358.567038,75412179.2835193,150824358.567038,75412179.2835193
174,237551.776822719,475103.553645438,0.0931047900923285,151164118.848767,75582059.4243834,151164118.848767,75582059.4243834
175,238415.866134582,476831.732269164,0.0929271227442611,151502868.728395,75751434.3641973,151502868.728395,75751434.3641973
176,239279.621519448,478559.243038895,0.092750156508864,151840603.418256,75920301.7091282,151840603.418256,75920301.7091282
177,240143.02217501,480286.044350019,0.092573890269944,152177318.190548,76088659.0952739,152177318.190548,76088659.0952739
178,241006.047299259,482012.094598518,0.0923983229113075,152513008.377374,76256504.1886869,152513008.377374,76256504.1886869
179,241868.676091638,483737.352183276,0.092223453316761,152847669.370787,76423834.6853933,152847669.370787,76423834.6853933
180,242730.887754205,485461.77550841,0.0920492803701112,153181296.622824,76590648.3114121,153181296.622824,76590648.3114121
181,243592.661492785,487185.322985569,0.0918758029551647,153513885.645535,76756942.8227676,153513885.645535,76756942.8227676
182,244453.976518129,488907.953036257,0.0917030199557278,153845432.011002,76922716.0055012,153845432.011002,76922716.0055012
183,245314.812047068,490629.624094136,0.0915309302556073,154175931.351359,77087965.6756794,154175931.351359,77087965.6756794
184,246175.147303669,492350.294607339,0.0913595327386097,154505379.3588,77252689.6793998,154505379.3588,77252689.6793998
185,247034.961520385,494069.923040771,0.0911888262885414,154833771.785583,77416885.8927912,154833771.785583,77416885.8927912
186,247894.233939208,495788.467878416,0.0910188097892092,155161104.444029,77580552.2220147,155161104.444029,77580552.2220147
187,248752.943812815,497505.887625631,0.0908494821244194,155487373.206514,77743686.6032568,155487373.206514,77743686.6032568
188,249611.070405724,499222.140811448,0.0906808421779788,155812574.005452,77906287.0027262,155812574.005452,77906287.0027262
189,250468.592995432,500937.185990863,0.0905128888336938,156136702.83328,78068351.4166404,156136702.83328,78068351.4166404
190,251325.490873565,502650.98174713,0.090345620975371,156459755.742429,78229877.8712144,156459755.742429,78229877.8712144
191,252181.74334702,504363.486694039,0.0901790374868169,156781728.845289,78390864.4226448,156781728.845289,78390864.4226448
192,253037.329739104,506074.659478209,0.0900131372518382,157102618.314181,78551309.1570902,157102618.314181,78551309.1570902
193,253892.229390676,507784.458781352,0.0898479191542413,157422420.381301,78711210.1906503,157422420.381301,78711210.1906503
194,254746.421661282,509492.843322563,0.0896833820778328,157741131.338682,78870565.6693412,157741131.338682,78870565.6693412
195,255599.885930287,511199.771860574,0.0895195249064193,158058747.538133,79029373.7690665,158058747.538133,79029373.7690665
196,256452.601598013,512905.203196027,0.0893563465238074,158375265.391179,79187632.6955891,158375265.391179,79187632.6955891
197,257304.548086864,514609.096173729,0.0891938458138035,158690681.368994,79345340.6844968,158690681.368994,79345340.6844968
198,258155.704842454,516311.409684908,0.0890320216602142,159004992.002332,79502496.0011661,159004992.002332,79502496.0011661
199,259006.051334733,518012.102669466,0.0888708729468462,159318193.881448,79659096.9407239,159318193.881448,79659096.9407239
200,259855.567059105,519711.134118211,0.0887103985575059,159630283.65601,79815141.828005,159630283.65601,79815141.828005
201,260704.231537554,521408.463075107,0.0885505973759999,159941258.035019,79970629.0175098,159941258.035019,79970629.0175098
202,261552.02431975,523104.048639501,0.0883914682861347,160251113.786709,80125556.8933542,160251113.786709,80125556.8933542
203,262398.924984174,524797.849968347,0.088233010171717,160559847.738446,80279923.8692232,160559847.738446,80279923.8692232
204,263244.913139213,526489.826278426,0.0880752219165532,160867456.776628,80433728.3883139,160867456.776628,80433728.3883139
205,264089.968424283,528179.936848565,0.08791810240445,161173937.846571,80586968.9232858,161173937.846571,80586968.9232858
206,264934.070510918,529868.141021835,0.0877616505192138,161479287.952395,80739643.9761974,161479287.952395,80739643.9761974
207,265777.19910388,531554.398207759,0.0876058651446513,161783504.1569,80891752.0784502,161783504.1569,80891752.0784502
208,266619.333942248,533238.667884496,0.0874507451645689,162086583.581444,81043291.790722,162086583.581444,81043291.790722
209,267460.454800519,534920.909601037,0.0872962894627734,162388523.405808,81194261.7029044,162388523.405808,81194261.7029044
210,268300.541489686,536601.082979372,0.0871424969230711,162689320.868061,81344660.4340307,162689320.868061,81344660.4340307
211,269139.573858336,538279.147716673,0.0869893664292686,162988973.264419,81494486.6322091,162988973.264419,81494486.6322091
212,269977.531793722,539955.063587444,0.0868368968651726,163287477.949093,81643738.9745464,163287477.949093,81643738.9745464
213,270814.395222846,541628.790445692,0.0866850871145895,163584832.334146,81792416.1670732,163584832.334146,81792416.1670732
214,271650.144113527,543300.288227055,0.086533936061326,163881033.889329,81940516.9446646,163881033.889329,81940516.9446646
215,272484.75847548,544969.516950961,0.0863834425891885,164176080.141923,82088040.0709614,164176080.141923,82088040.0709614
216,273318.225683016,546636.451366033,0.0862336042894913,164469971.285316,82234985.642658,164469971.285316,82234985.642658
217,274150.562619412,548301.125238825,0.086084413583579,164762718.017264,82381359.0086317,164762718.017264,82381359.0086317
218,274981.794024342,549963.588048685,0.0859358616003038,165054333.734081,82527166.8670402,165054333.734081,82527166.8670402
219,275811.945216126,551623.890432252,0.085787939468518,165344831.923263,82672415.9616316,165344831.923263,82672415.9616316
220,276641.042090941,553282.084181882,0.085640638317074,165634226.16174,82817113.08087,165634226.16174,82817113.08087
221,277469.111122047,554938.222244094,0.0854939492748238,165922530.114139,82961265.0570697,165922530.114139,82961265.0570697
222,278296.179359013,556592.358718026,0.0853478634706199,166209757.531068,83104878.7655338,166209757.531068,83104878.7655338
223,279122.274426956,558244.548853911,0.0852023720333144,166495922.247399,83247961.1236995,166495922.247399,83247961.1236995
224,279947.424525796,559894.849051592,0.0850574660917597,166781038.180582,83390519.0902912,166781038.180582,83390519.0902912
225,280771.658429519,561543.316859038,0.0849131367748079,167065119.328956,83532559.6644779,167065119.328956,83532559.6644779
226,281595.005485461,563190.010970921,0.0847693752113114,167348179.770077,83674089.8850389,167348179.770077,83674089.8850389
227,282417.4956136,564834.9912272,0.0846261725301224,167630233.659065,83815116.8295324,167630233.659065,83815116.8295324
228,283239.159305883,566478.318611765,0.0844835198600932,167911295.226951,83955647.6134757,167911295.226951,83955647.6134757
229,284060.027625551,568120.055251102,0.084341408330076,168191378.779049,84095689.3895243,168191378.779049,84095689.3895243
230,284880.132206511,569760.264413022,0.0841998290689231,168470498.693328,84235249.3466641,168470498.693328,84235249.3466641
231,285699.505252707,571399.010505414,0.0840587732054867,168748669.418806,84374334.7094028,168748669.418806,84374334.7094028
232,286518.179537539,573036.359075079,0.0839182318686192,169025905.473946,84512952.7369731,169025905.473946,84512952.7369731
233,287336.188403293,574672.376806587,0.0837781961871727,169302221.445073,84651110.7225366,169302221.445073,84651110.7225366
234,288153.565760609,576307.131521218,0.0836386572899996,169577631.984794,84788815.9923972,169577631.984794,84788815.9923972
235,288970.346087971,577940.692175941,0.0834996063059521,169852151.810431,84926075.9052156,169852151.810431,84926075.9052156
236,289786.564431242,579573.128862485,0.0833610343638825,170125795.702469,85062897.8512344,170125795.702469,85062897.8512344
237,290602.256403222,581204.512806443,0.083222932592643,170398578.503008,85199289.2515043,170398578.503008,85199289.2515043
238,291417.458183242,582834.916366483,0.0830852921210859,170670515.114232,85335257.557116,170670515.114232,85335257.557116
239,292232.206516804,584464.413033608,0.0829481040780634,170941620.496879,85470810.2484394,170941620.496879,85470810.2484394
240,293046.538715253,586093.077430506,0.0828113595924278,171211909.668731,85605954.8343655,171211909.668731,85605954.8343655
241,293860.492655487,587720.985310973,0.0826750497930315,171481397.703105,85740698.8515526,171481397.703105,85740698.8515526
242,294674.106779719,589348.213559439,0.0825391658087265,171750099.727359,85875049.8636791,171750099.727359,85875049.8636791
243,295487.420095275,590974.840190551,0.0824036987683653,172018030.921399,86009015.4606995,172018030.921399,86009015.4606995
244,296300.472174441,592600.944348883,0.0822686398008,229139324.666557,114569662.333279,172285206.516209,86142603.2581042
245,297113.303154356,594226.606308713,0.0821339800348829,229493683.58385,114746841.791925,172551641.792369,86275820.8961842
246,297925.953736957,595851.907473914,0.0819997105994663,229847078.264538,114923539.132269,172817352.0786,86408676.0393
247,298738.465188969,597476.930377937,0.0818658226234025,230199529.157906,115099764.578953,173082352.750305,86541176.3751526
248,299550.879341957,599101.758683913,0.0817323072355437,230551056.773401,115275528.386701,173346659.228121,86673329.6140607
249,300363.238592421,600726.477184843,0.0815991555647421,230901681.678714,115450840.839357,173610286.976477,86805143.4882383
250,301175.58590196,602351.17180392,0.0814663587398501,231251424.497871,115625712.248936,173873251.502159,86936625.7510795
251,301987.964797477,603975.929594954,0.0813339078897198,231600305.909332,115800152.954666,174135568.352882,87067784.1764408
252,302800.419371461,605600.838742922,0.0812017941432036,231948346.6441,115974173.32205,174397253.115864,87198626.5579322
253,303612.994282316,607225.988564633,0.0810700086291538,232295567.48383,116147783.741915,174658321.416414,87329160.7082067
254,304425.734754764,608851.469509527,0.0809385424764225,232641989.258956,116320994.629478,174918788.916508,87459394.4582543
255,305238.686580302,610477.373160603,0.080807386813862,232987632.846815,116493816.423407,175178671.313394,87589335.6566974
256,306051.896117732,612103.792235464,0.0806765327703247,233332519.169775,116666259.584888,175437984.338177,87718992.1690884
257,306865.410293763,613730.820587526,0.0805459714746627,233676669.193381,116838334.596691,175696743.754422,87848371.877211
258,307679.276603666,615358.553207332,0.0804156940557283,234020103.924486,117010051.962243,175954965.356756,87977482.6783781
259,308493.543112023,616987.086224046,0.0802856916423738,234362844.409403,117181422.204702,176212664.969476,88106332.484738
260,309308.258453529,618616.516907057,0.0801559553634515,234704911.73205,117352455.866025,176469858.44515,88234929.2225753
261,310123.471833881,620246.943667763,0.0800264763478136,235046327.0121,117523163.50605,176726561.663233,88363280.8316164
262,310939.233030742,621878.466061484,0.0798972457243123,235387111.403132,117693555.701566,176982790.528671,88491395.2643353
263,311755.592394779,623511.184789558,0.0797682546218,235727286.090789,117863643.045394,177238560.970518,88619280.485259
264,312572.600850782,625145.201701563,0.0796394941691289,236066872.290923,118033436.145462,177493888.940544,88746944.470272
265,313390.309898872,626780.619797744,0.0795109554951512,236405891.247758,118202945.623879,177748790.411848,88874395.205924
266,314208.771615782,628417.543231564,0.0793826297287193,236744364.232032,118372182.116016,178003281.377467,89001640.6887337
267,315028.038656232,630056.077312465,0.0792545079986853,237082312.539154,118541156.269577,178257377.848988,89128688.9244938
268,315848.164254387,631696.328508773,0.0791265814339015,237419757.487349,118709878.743675,178511095.85515,89255547.927575
269,316669.202225403,633338.404450806,0.0789988411632203,237756720.415806,118878360.207903,178764451.440456,89382225.7202278
270,317491.206967069,634982.413934138,0.0788712783154939,238093222.682812,119046611.341406,179017460.663768,89508730.3318841
271,318314.233461537,636628.466923074,0.0787438840195744,238429285.663892,119214642.831946,179270139.596911,89635069.7984557
272,319138.337277146,638276.674554291,0.0786166494043143,238764930.74994,119382465.37497,179522504.323263,89761252.1616315
273,319963.574570347,639927.149140695,0.0784895655985657,239100179.345338,119550089.672669,179774570.936344,89887285.4681721
274,320790.002087722,641580.004175443,0.0783626237311809,239435052.866076,119717526.433038,180026355.538403,90013177.7692016
275,321617.677168103,643235.354336206,0.0782358149310122,239769572.737859,119884786.36893,180277874.238992,90138937.119496
276,322446.657744793,644893.315489586,0.0781091303269118,240103760.394204,120051880.197102,180529143.153537,90264571.5767683
277,323277.002347898,646554.004695795,0.077982561047732,240437637.274531,120218818.637266,180780178.401903,90390089.2009515
278,324108.770106746,648217.540213491,0.0778560982223251,240771224.822238,120385612.411119,181030996.106946,90515498.0534731
279,324942.020752437,649884.041504875,0.0777297329795433,241104544.482772,120552272.241386,181281612.393062,90640806.1965309
280,325776.814620488,651553.629240976,0.0776034564482389,241437617.701679,120718808.85084,181532043.384721,90766021.6923606
281,326613.212653582,653226.425307165,0.0774772597572641,241770465.92264,120885232.96132,181782305.204992,90891152.602496
282,327451.276404455,654902.552808911,0.0773511340354713,242103110.585501,121051555.29275,182032413.974061,91016206.9870304
283,328291.068038873,656582.136077746,0.0772250704117126,242435573.124281,121217786.562141,182282385.80773,91141192.9038651
284,329132.650338739,658265.300677478,0.0770990600148403,242767874.965162,121383937.482581,182532236.815911,91266118.4079556
285,329976.086705314,659952.173410628,0.0769730939737067,243100037.52446,121550018.76223,182781983.101098,91390991.550549
286,330821.441162569,661642.882325137,0.0768471634171641,243432082.20659,121716041.103295,183031640.756834,91515820.3784173
287,331668.778360639,663337.556721278,0.0767212594740647,243764030.401986,121882015.200993,183281225.866155,91640612.9330773
288,332518.163579429,665036.327158857,0.0765953732732608,244095903.485026,122047951.742513,183530754.50002,91765377.25001
289,333369.66273232,666739.32546464,0.0764694959436046,244427722.811918,122213861.405959,183780242.715728,91890121.357864
290,323924.007307909,646181.347949152,0.0764694959436046,236891134.766467,118751068.740706,178113635.162757,89286517.8501548
291,314478.351883499,625623.370433664,0.0764694959436046,229354546.721015,115288276.075453,172447027.609786,86682914.3424459
292,305032.696459088,605065.392918176,0.0764694959436046,221817958.675563,111825483.4102,166780420.056814,84079310.8347368
293,295587.041034677,584507.415402688,0.0764694959436046,214281370.630111,108362690.744947,161113812.503843,81475707.3270276
294,286141.385610267,563949.4378872,0.0764694959436046,206744782.58466,104899898.079694,155447204.950872,78872103.8193187
295,276695.730185856,543391.460371712,0.0764694959436046,199208194.539208,101437105.414441,149780597.397901,76268500.3116095
296,267250.074761445,522833.482856224,0.0764694959436046,191671606.493756,97974312.7491874,144113989.84493,73664896.8039003
297,257804.419337035,502275.505340736,0.0764694959436046,184135018.448305,94511520.0839346,138447382.291958,71061293.2961914
298,248358.763912624,481717.527825248,0.0764694959436046,176598430.402853,91048727.4186814,132780774.738987,68457689.7884823
299,238913.108488213,461159.55030976,0.0764694959436046,169061842.357401,87585934.7534282,127114167.186016,65854086.2807731
300,229467.453063803,440601.572794272,0.0764694959436046,161525254.311949,84123142.0881754,121447559.633045,63250482.7730642
301,220021.797639392,420043.595278784,0.0764694959436046,153988666.266498,80660349.4229222,115780952.080073,60646879.265355
302,210576.142214981,399485.617763296,0.0764694959436046,146452078.221046,77197556.757669,110114344.527102,58043275.7576458
303,201130.486790571,378927.640247808,0.0764694959436046,138915490.175594,73734764.0924161,104447736.974131,55439672.2499369
304,191684.83136616,358369.66273232,0.0764694959436046,131378902.130143,70271971.4271629,98781129.4211598,52836068.7422278
305,182239.175941749,337811.685216832,0.0764694959436046,123842314.084691,66809178.7619097,93114521.8681885,50232465.2345186
306,172793.520517339,317253.707701344,0.0764694959436046,116305726.039239,63346386.0966569,87447914.3152173,47628861.7268097
307,163347.865092928,296695.730185856,0.0764694959436046,108769137.993787,59883593.4314037,81781306.7622461,45025258.2191005
308,153902.209668517,276137.752670368,0.0764694959436046,101232549.948336,56420800.7661505,76114699.2092749,42421654.7113913
309,144456.554244107,255579.77515488,0.0764694959436046,93695961.9028839,52958008.1008976,70448091.6563037,39818051.2036824
310,135010.898819696,235021.797639392,0.0764694959436046,86159373.8574322,49495215.4356444,64781484.1033325,37214447.6959733
311,125565.243395285,214463.820123904,0.0764694959436046,78622785.8119805,46032422.7703912,59114876.5503612,34610844.1882641
312,116119.587970875,193905.842608416,0.0764694959436046,71086197.7665287,42569630.1051384,53448268.99739,32007240.6805552
313,106673.932546464,173347.865092928,0.0764694959436046,63549609.721077,39106837.4398852,47781661.4444188,29403637.172846
314,97228.2771220533,152789.88757744,0.0764694959436046,56013021.6756253,35644044.7746321,42115053.8914476,26800033.6651369
315,87782.6216976427,132231.910061952,0.0764694959436046,48476433.6301736,32181252.109379,36448446.3384764,24196430.1574278
316,78336.966273232,111673.932546464,0.0764694959436046,40939845.5847218,28718459.4441259,30781838.7855051,21592826.6497187
317,68891.3108488213,91115.955030976,0.0764694959436046,33403257.5392701,25255666.7788728,25115231.2325339,18989223.1420097
318,59445.6554244107,70557.977515488,0.0764694959436046,25866669.4938184,21792874.1136198,19448623.6795627,16385619.6343006
319,50000,50000,0.0764694959436046,18330081.4483667,18330081.4483667,13782016.1265915,13782016.1265915
