"habitat","yday","fit","lcl","ucl"
"perm",1,0.1,0.0429006396207949,0.217927244481872
"perm",2,0.105,0.0451890196079662,0.227334223432258
"perm",3,0.11,0.0474920106300327,0.236619536669861
"perm",4,0.115,0.0498097530697464,0.245785529384838
"perm",5,0.12,0.0521423891140332,0.254834486878611
"perm",6,0.125,0.05449006278307,0.263768636463447
"perm",7,0.13,0.0568529199599259,0.2725901492902
"perm",8,0.135,0.0592311084207803,0.281301142107345
"perm",9,0.14,0.0616247778657315,0.289903678954323
"perm",10,0.145,0.0640340799502085,0.298399772792019
"perm",11,0.15,0.0664591683170002,0.306791387073089
"perm",12,0.156,0.0693903315672166,0.316726104867075
"perm",13,0.162,0.0723447242215726,0.326516349619743
"perm",14,0.168,0.0753226235173919,0.336165250024321
"perm",15,0.174,0.0783243111213,0.345675845081949
"perm",16,0.18,0.0813500732180347,0.355051087292873
"perm",17,0.188,0.0854223751734472,0.367345808577381
"perm",18,0.196,0.0895386960724391,0.379411573197959
"perm",19,0.204,0.0936997535177782,0.391254717722234
"perm",20,0.212,0.0979062807953984,0.402881347028795
"perm",21,0.22,0.102159027305197,0.414297344800565
"perm",22,0.228,0.106458759006109,0.425508383452992
"perm",23,0.236,0.110806258876019,0.436519933532251
"perm",24,0.244,0.115202327387084,0.447337272616181
"perm",25,0.252,0.119647782997075,0.457965493748372
"perm",26,0.26,0.124143462657373,0.468409513433743
"perm",27,0.266,0.12754869612497,0.476124508093368
"perm",28,0.272,0.130983030011007,0.483740506093627
"perm",29,0.278,0.134446838945444,0.491259400733686
"perm",30,0.284,0.137940504016451,0.498683037339712
"perm",31,0.29,0.141464412910176,0.506013214774753
"perm",32,0.292,0.142645838033236,0.508436142952981
"perm",33,0.294,0.143830682126918,0.510848945879791
"perm",34,0.296,0.145018960054159,0.513251686891947
"perm",35,0.298,0.146210686764172,0.515644428799054
"perm",36,0.3,0.147405877293071,0.518027233889033
"perm",37,0.3,0.147405877293071,0.518027233889033
"perm",38,0.3,0.147405877293071,0.518027233889033
"perm",39,0.3,0.147405877293071,0.518027233889033
"perm",40,0.3,0.147405877293071,0.518027233889033
"perm",41,0.3,0.147405877293071,0.518027233889033
"perm",42,0.3,0.147405877293071,0.518027233889033
"perm",43,0.3,0.147405877293071,0.518027233889033
"perm",44,0.3,0.147405877293071,0.518027233889033
"perm",45,0.3,0.147405877293071,0.518027233889033
"perm",46,0.3,0.147405877293071,0.518027233889033
"perm",47,0.3,0.147405877293071,0.518027233889033
"perm",48,0.3,0.147405877293071,0.518027233889033
"perm",49,0.3,0.147405877293071,0.518027233889033
"perm",50,0.3,0.147405877293071,0.518027233889033
"perm",51,0.3,0.147405877293071,0.518027233889033
"perm",52,0.3,0.147405877293071,0.518027233889033
"perm",53,0.3,0.147405877293071,0.518027233889033
"perm",54,0.3,0.147405877293071,0.518027233889033
"perm",55,0.3,0.147405877293071,0.518027233889033
"perm",56,0.3,0.147405877293071,0.518027233889033
"perm",57,0.3,0.147405877293071,0.518027233889033
"perm",58,0.3,0.147405877293071,0.518027233889033
"perm",59,0.3,0.147405877293071,0.518027233889033
"perm",60,0.3,0.147405877293071,0.518027233889033
"perm",61,0.3,0.147405877293071,0.518027233889033
"perm",62,0.3,0.147405877293071,0.518027233889033
"perm",63,0.3,0.147405877293071,0.518027233889033
"perm",64,0.3,0.147405877293071,0.518027233889033
"perm",65,0.3,0.147405877293071,0.518027233889033
"perm",66,0.3,0.147405877293071,0.518027233889033
"perm",67,0.3,0.147405877293071,0.518027233889033
"perm",68,0.3,0.147405877293071,0.518027233889033
"perm",69,0.3,0.147405877293071,0.518027233889033
"perm",70,0.3,0.147405877293071,0.518027233889033
"perm",71,0.3,0.147405877293071,0.518027233889033
"perm",72,0.3,0.147405877293071,0.518027233889033
"perm",73,0.3,0.147405877293071,0.518027233889033
"perm",74,0.3,0.147405877293071,0.518027233889033
"perm",75,0.3,0.147405877293071,0.518027233889033
"perm",76,0.3,0.147405877293071,0.518027233889033
"perm",77,0.3,0.147405877293071,0.518027233889033
"perm",78,0.3,0.147405877293071,0.518027233889033
"perm",79,0.3,0.147405877293071,0.518027233889033
"perm",80,0.3,0.147405877293071,0.518027233889033
"perm",81,0.3,0.147405877293071,0.518027233889033
"perm",82,0.3,0.147405877293071,0.518027233889033
"perm",83,0.3,0.147405877293071,0.518027233889033
"perm",84,0.3,0.147405877293071,0.518027233889033
"perm",85,0.3,0.147405877293071,0.518027233889033
"perm",86,0.3,0.147405877293071,0.518027233889033
"perm",87,0.3,0.147405877293071,0.518027233889033
"perm",88,0.3,0.147405877293071,0.518027233889033
"perm",89,0.3,0.147405877293071,0.518027233889033
"perm",90,0.3,0.147405877293071,0.518027233889033
"perm",91,0.3,0.147405877293071,0.518027233889033
"perm",92,0.298,0.146210686764172,0.515644428799054
"perm",93,0.296,0.145018960054159,0.513251686891947
"perm",94,0.294,0.143830682126918,0.510848945879791
"perm",95,0.292,0.142645838033236,0.508436142952981
"perm",96,0.29,0.141464412910176,0.506013214774753
"perm",97,0.284,0.137940504016451,0.498683037339712
"perm",98,0.278,0.134446838945444,0.491259400733686
"perm",99,0.272,0.130983030011007,0.483740506093627
"perm",100,0.266,0.12754869612497,0.476124508093368
"perm",101,0.26,0.124143462657373,0.468409513433743
"perm",102,0.248,0.117418829934766,0.45267471159788
"perm",103,0.236,0.110806258876019,0.436519933532251
"perm",104,0.224,0.104302971475021,0.419928137482908
"perm",105,0.212,0.0979062807953984,0.402881347028795
"perm",106,0.2,0.0916135872689986,0.385360586112829
"perm",107,0.19,0.0864473008549318,0.370383462835967
"perm",108,0.18,0.0813500732180347,0.355051087292873
"perm",109,0.17,0.0763205288679345,0.339350668085208
"perm",110,0.16,0.0713573286020975,0.323268792256218
"perm",111,0.15,0.0664591683170002,0.306791387073089
"perm",112,0.14,0.0616247778657315,0.289903678954323
"perm",113,0.13,0.0568529199599259,0.2725901492902
"perm",114,0.12,0.0521423891140332,0.254834486878611
"perm",115,0.11,0.0474920106300327,0.236619536669861
"perm",116,0.1,0.0429006396207949,0.217927244481872
"perm",117,0.092,0.0392692772857236,0.202616981605667
"perm",118,0.084,0.0356744064748354,0.186978868124588
"perm",119,0.076,0.0321154798836102,0.171002259284914
"perm",120,0.068,0.0285919610978067,0.154676044468138
"perm",121,0.06,0.025103324323935,0.137988621423479
"perm",122,0.058,0.0242365548184125,0.133758918220374
"perm",123,0.056,0.0233719252205916,0.129505689952449
"perm",124,0.054,0.0225094276156359,0.125228739807301
"perm",125,0.052,0.0216490541276934,0.120927868770994
"perm",126,0.05,0.0207907969196567,0.116602875597184
"perm",127,0.05,0.0207907969196567,0.116602875597184
"perm",128,0.05,0.0207907969196567,0.116602875597184
"perm",129,0.05,0.0207907969196567,0.116602875597184
"perm",130,0.05,0.0207907969196567,0.116602875597184
"perm",131,0.05,0.0207907969196567,0.116602875597184
"perm",132,0.05,0.0207907969196567,0.116602875597184
"perm",133,0.05,0.0207907969196567,0.116602875597184
"perm",134,0.05,0.0207907969196567,0.116602875597184
"perm",135,0.05,0.0207907969196567,0.116602875597184
"perm",136,0.05,0.0207907969196567,0.116602875597184
"perm",137,0.05,0.0207907969196567,0.116602875597184
"perm",138,0.05,0.0207907969196567,0.116602875597184
"perm",139,0.05,0.0207907969196567,0.116602875597184
"perm",140,0.05,0.0207907969196567,0.116602875597184
"perm",141,0.05,0.0207907969196567,0.116602875597184
"perm",142,0.05,0.0207907969196567,0.116602875597184
"perm",143,0.05,0.0207907969196567,0.116602875597184
"perm",144,0.05,0.0207907969196567,0.116602875597184
"perm",145,0.05,0.0207907969196567,0.116602875597184
"perm",146,0.05,0.0207907969196567,0.116602875597184
"perm",147,0.05,0.0207907969196567,0.116602875597184
"perm",148,0.05,0.0207907969196567,0.116602875597184
"perm",149,0.05,0.0207907969196567,0.116602875597184
"perm",150,0.05,0.0207907969196567,0.116602875597184
"perm",151,0.05,0.0207907969196567,0.116602875597184
"perm",152,0.05,0.0207907969196567,0.116602875597184
"perm",153,0.05,0.0207907969196567,0.116602875597184
"perm",154,0.05,0.0207907969196567,0.116602875597184
"perm",155,0.05,0.0207907969196567,0.116602875597184
"perm",156,0.05,0.0207907969196567,0.116602875597184
"perm",157,0.05,0.0207907969196567,0.116602875597184
"perm",158,0.05,0.0207907969196567,0.116602875597184
"perm",159,0.05,0.0207907969196567,0.116602875597184
"perm",160,0.05,0.0207907969196567,0.116602875597184
"perm",161,0.05,0.0207907969196567,0.116602875597184
"perm",162,0.05,0.0207907969196567,0.116602875597184
"perm",163,0.05,0.0207907969196567,0.116602875597184
"perm",164,0.05,0.0207907969196567,0.116602875597184
"perm",165,0.05,0.0207907969196567,0.116602875597184
"perm",166,0.05,0.0207907969196567,0.116602875597184
"perm",167,0.05,0.0207907969196567,0.116602875597184
"perm",168,0.05,0.0207907969196567,0.116602875597184
"perm",169,0.05,0.0207907969196567,0.116602875597184
"perm",170,0.05,0.0207907969196567,0.116602875597184
"perm",171,0.05,0.0207907969196567,0.116602875597184
"perm",172,0.05,0.0207907969196567,0.116602875597184
"perm",173,0.05,0.0207907969196567,0.116602875597184
"perm",174,0.05,0.0207907969196567,0.116602875597184
"perm",175,0.05,0.0207907969196567,0.116602875597184
"perm",176,0.05,0.0207907969196567,0.116602875597184
"perm",177,0.05,0.0207907969196567,0.116602875597184
"perm",178,0.05,0.0207907969196567,0.116602875597184
"perm",179,0.05,0.0207907969196567,0.116602875597184
"perm",180,0.05,0.0207907969196567,0.116602875597184
"perm",181,0.05,0.0207907969196567,0.116602875597184
"perm",182,0.05,0.0207907969196567,0.116602875597184
"perm",183,0.05,0.0207907969196567,0.116602875597184
"perm",184,0.05,0.0207907969196567,0.116602875597184
"perm",185,0.05,0.0207907969196567,0.116602875597184
"perm",186,0.05,0.0207907969196567,0.116602875597184
"perm",187,0.05,0.0207907969196567,0.116602875597184
"perm",188,0.05,0.0207907969196567,0.116602875597184
"perm",189,0.05,0.0207907969196567,0.116602875597184
"perm",190,0.05,0.0207907969196567,0.116602875597184
"perm",191,0.05,0.0207907969196567,0.116602875597184
"perm",192,0.05,0.0207907969196567,0.116602875597184
"perm",193,0.05,0.0207907969196567,0.116602875597184
"perm",194,0.05,0.0207907969196567,0.116602875597184
"perm",195,0.05,0.0207907969196567,0.116602875597184
"perm",196,0.05,0.0207907969196567,0.116602875597184
"perm",197,0.05,0.0207907969196567,0.116602875597184
"perm",198,0.05,0.0207907969196567,0.116602875597184
"perm",199,0.05,0.0207907969196567,0.116602875597184
"perm",200,0.05,0.0207907969196567,0.116602875597184
"perm",201,0.05,0.0207907969196567,0.116602875597184
"perm",202,0.05,0.0207907969196567,0.116602875597184
"perm",203,0.05,0.0207907969196567,0.116602875597184
"perm",204,0.05,0.0207907969196567,0.116602875597184
"perm",205,0.05,0.0207907969196567,0.116602875597184
"perm",206,0.05,0.0207907969196567,0.116602875597184
"perm",207,0.05,0.0207907969196567,0.116602875597184
"perm",208,0.05,0.0207907969196567,0.116602875597184
"perm",209,0.05,0.0207907969196567,0.116602875597184
"perm",210,0.05,0.0207907969196567,0.116602875597184
"perm",211,0.05,0.0207907969196567,0.116602875597184
"perm",212,0.05,0.0207907969196567,0.116602875597184
"perm",213,0.05,0.0207907969196567,0.116602875597184
"perm",214,0.05,0.0207907969196567,0.116602875597184
"perm",215,0.05,0.0207907969196567,0.116602875597184
"perm",216,0.05,0.0207907969196567,0.116602875597184
"perm",217,0.05,0.0207907969196567,0.116602875597184
"perm",218,0.05,0.0207907969196567,0.116602875597184
"perm",219,0.05,0.0207907969196567,0.116602875597184
"perm",220,0.05,0.0207907969196567,0.116602875597184
"perm",221,0.05,0.0207907969196567,0.116602875597184
"perm",222,0.05,0.0207907969196567,0.116602875597184
"perm",223,0.05,0.0207907969196567,0.116602875597184
"perm",224,0.05,0.0207907969196567,0.116602875597184
"perm",225,0.05,0.0207907969196567,0.116602875597184
"perm",226,0.05,0.0207907969196567,0.116602875597184
"perm",227,0.05,0.0207907969196567,0.116602875597184
"perm",228,0.05,0.0207907969196567,0.116602875597184
"perm",229,0.05,0.0207907969196567,0.116602875597184
"perm",230,0.05,0.0207907969196567,0.116602875597184
"perm",231,0.05,0.0207907969196567,0.116602875597184
"perm",232,0.05,0.0207907969196567,0.116602875597184
"perm",233,0.05,0.0207907969196567,0.116602875597184
"perm",234,0.05,0.0207907969196567,0.116602875597184
"perm",235,0.05,0.0207907969196567,0.116602875597184
"perm",236,0.05,0.0207907969196567,0.116602875597184
"perm",237,0.05,0.0207907969196567,0.116602875597184
"perm",238,0.05,0.0207907969196567,0.116602875597184
"perm",239,0.05,0.0207907969196567,0.116602875597184
"perm",240,0.05,0.0207907969196567,0.116602875597184
"perm",241,0.05,0.0207907969196567,0.116602875597184
"perm",242,0.05,0.0207907969196567,0.116602875597184
"perm",243,0.05,0.0207907969196567,0.116602875597184
"perm",244,0.05,0.0207907969196567,0.116602875597184
"perm",245,0.05,0.0207907969196567,0.116602875597184
"perm",246,0.05,0.0207907969196567,0.116602875597184
"perm",247,0.05,0.0207907969196567,0.116602875597184
"perm",248,0.05,0.0207907969196567,0.116602875597184
"perm",249,0.05,0.0207907969196567,0.116602875597184
"perm",250,0.05,0.0207907969196567,0.116602875597184
"perm",251,0.05,0.0207907969196567,0.116602875597184
"perm",252,0.05,0.0207907969196567,0.116602875597184
"perm",253,0.05,0.0207907969196567,0.116602875597184
"perm",254,0.05,0.0207907969196567,0.116602875597184
"perm",255,0.05,0.0207907969196567,0.116602875597184
"perm",256,0.05,0.0207907969196567,0.116602875597184
"perm",257,0.05,0.0207907969196567,0.116602875597184
"perm",258,0.05,0.0207907969196567,0.116602875597184
"perm",259,0.05,0.0207907969196567,0.116602875597184
"perm",260,0.05,0.0207907969196567,0.116602875597184
"perm",261,0.05,0.0207907969196567,0.116602875597184
"perm",262,0.05,0.0207907969196567,0.116602875597184
"perm",263,0.05,0.0207907969196567,0.116602875597184
"perm",264,0.05,0.0207907969196567,0.116602875597184
"perm",265,0.05,0.0207907969196567,0.116602875597184
"perm",266,0.05,0.0207907969196567,0.116602875597184
"perm",267,0.05,0.0207907969196567,0.116602875597184
"perm",268,0.05,0.0207907969196567,0.116602875597184
"perm",269,0.05,0.0207907969196567,0.116602875597184
"perm",270,0.05,0.0207907969196567,0.116602875597184
"perm",271,0.05,0.0207907969196567,0.116602875597184
"perm",272,0.05,0.0207907969196567,0.116602875597184
"perm",273,0.05,0.0207907969196567,0.116602875597184
"perm",274,0.05,0.0207907969196567,0.116602875597184
"perm",275,0.05,0.0207907969196567,0.116602875597184
"perm",276,0.05,0.0207907969196567,0.116602875597184
"perm",277,0.05,0.0207907969196567,0.116602875597184
"perm",278,0.05,0.0207907969196567,0.116602875597184
"perm",279,0.05,0.0207907969196567,0.116602875597184
"perm",280,0.05,0.0207907969196567,0.116602875597184
"perm",281,0.05,0.0207907969196567,0.116602875597184
"perm",282,0.05,0.0207907969196567,0.116602875597184
"perm",283,0.05,0.0207907969196567,0.116602875597184
"perm",284,0.05,0.0207907969196567,0.116602875597184
"perm",285,0.05,0.0207907969196567,0.116602875597184
"perm",286,0.05,0.0207907969196567,0.116602875597184
"perm",287,0.05,0.0207907969196567,0.116602875597184
"perm",288,0.05,0.0207907969196567,0.116602875597184
"perm",289,0.05,0.0207907969196567,0.116602875597184
"perm",290,0.05,0.0207907969196567,0.116602875597184
"perm",291,0.05,0.0207907969196567,0.116602875597184
"perm",292,0.05,0.0207907969196567,0.116602875597184
"perm",293,0.05,0.0207907969196567,0.116602875597184
"perm",294,0.05,0.0207907969196567,0.116602875597184
"perm",295,0.05,0.0207907969196567,0.116602875597184
"perm",296,0.05,0.0207907969196567,0.116602875597184
"perm",297,0.05,0.0207907969196567,0.116602875597184
"perm",298,0.05,0.0207907969196567,0.116602875597184
"perm",299,0.05,0.0207907969196567,0.116602875597184
"perm",300,0.05,0.0207907969196567,0.116602875597184
"perm",301,0.05,0.0207907969196567,0.116602875597184
"perm",302,0.05,0.0207907969196567,0.116602875597184
"perm",303,0.05,0.0207907969196567,0.116602875597184
"perm",304,0.05,0.0207907969196567,0.116602875597184
"perm",305,0.05,0.0207907969196567,0.116602875597184
"perm",306,0.05,0.0207907969196567,0.116602875597184
"perm",307,0.05,0.0207907969196567,0.116602875597184
"perm",308,0.05,0.0207907969196567,0.116602875597184
"perm",309,0.05,0.0207907969196567,0.116602875597184
"perm",310,0.05,0.0207907969196567,0.116602875597184
"perm",311,0.05,0.0207907969196567,0.116602875597184
"perm",312,0.05,0.0207907969196567,0.116602875597184
"perm",313,0.05,0.0207907969196567,0.116602875597184
"perm",314,0.05,0.0207907969196567,0.116602875597184
"perm",315,0.05,0.0207907969196567,0.116602875597184
"perm",316,0.05,0.0207907969196567,0.116602875597184
"perm",317,0.05,0.0207907969196567,0.116602875597184
"perm",318,0.05,0.0207907969196567,0.116602875597184
"perm",319,0.05,0.0207907969196567,0.116602875597184
"seas",1,0,0,0
"seas",2,0,0,0
"seas",3,0,0,0
"seas",4,0,0,0
"seas",5,0,0,0
"seas",6,0,0,0
"seas",7,0,0,0
"seas",8,0,0,0
"seas",9,0,0,0
"seas",10,0,0,0
"seas",11,0,0,0
"seas",12,0,0,0
"seas",13,0,0,0
"seas",14,0,0,0
"seas",15,0,0,0
"seas",16,0,0,0
"seas",17,0,0,0
"seas",18,0,0,0
"seas",19,0,0,0
"seas",20,0,0,0
"seas",21,0,0,0
"seas",22,0,0,0
"seas",23,0,0,0
"seas",24,0,0,0
"seas",25,0,0,0
"seas",26,0,0,0
"seas",27,0,0,0
"seas",28,0,0,0
"seas",29,0,0,0
"seas",30,0,0,0
"seas",31,1,1,1
"seas",32,0.94,0.863419124756993,0.975560063993342
"seas",33,0.88,0.747416018038747,0.949198307327208
"seas",34,0.82,0.647665985378252,0.920678770805335
"seas",35,0.76,0.560976851138878,0.889725219101672
"seas",36,0.7,0.484941018018829,0.85601216423711
"seas",37,0.66,0.439237352627694,0.831815926917451
"seas",38,0.62,0.396994525132535,0.806090760513435
"seas",39,0.58,0.357833776278995,0.778687020510223
"seas",40,0.54,0.32142967082877,0.74943487509453
"seas",41,0.5,0.28750103252092,0.718140782216048
"seas",42,0.48,0.27138742737215,0.70166000396293
"seas",43,0.46,0.255803667485027,0.684583202211303
"seas",44,0.44,0.240724042123665,0.666877448967917
"seas",45,0.42,0.226124477557873,0.648507345208806
"seas",46,0.4,0.211982408819051,0.629434784654102
"seas",47,0.392,0.20644889318945,0.621599977563282
"seas",48,0.384,0.200983878815733,0.613643470507504
"seas",49,0.376,0.195586101522508,0.605562405698594
"seas",50,0.368,0.190254328050965,0.597353835166116
"seas",51,0.36,0.184987355119499,0.589014717171764
"seas",52,0.358,0.183680598742127,0.586909173948127
"seas",53,0.356,0.182377800804215,0.584795225772375
"seas",54,0.354,0.181078943346546,0.582672822217258
"seas",55,0.352,0.179784008518382,0.580541912451321
"seas",56,0.35,0.17849297857664,0.578402445234845
"seas",57,0.35,0.17849297857664,0.578402445234845
"seas",58,0.35,0.17849297857664,0.578402445234845
"seas",59,0.35,0.17849297857664,0.578402445234845
"seas",60,0.35,0.17849297857664,0.578402445234845
"seas",61,0.35,0.17849297857664,0.578402445234845
"seas",62,0.35,0.17849297857664,0.578402445234845
"seas",63,0.35,0.17849297857664,0.578402445234845
"seas",64,0.35,0.17849297857664,0.578402445234845
"seas",65,0.35,0.17849297857664,0.578402445234845
"seas",66,0.35,0.17849297857664,0.578402445234845
"seas",67,0.35,0.17849297857664,0.578402445234845
"seas",68,0.35,0.17849297857664,0.578402445234845
"seas",69,0.35,0.17849297857664,0.578402445234845
"seas",70,0.35,0.17849297857664,0.578402445234845
"seas",71,0.35,0.17849297857664,0.578402445234845
"seas",72,0.35,0.17849297857664,0.578402445234845
"seas",73,0.35,0.17849297857664,0.578402445234845
"seas",74,0.35,0.17849297857664,0.578402445234845
"seas",75,0.35,0.17849297857664,0.578402445234845
"seas",76,0.35,0.17849297857664,0.578402445234845
"seas",77,0.35,0.17849297857664,0.578402445234845
"seas",78,0.35,0.17849297857664,0.578402445234845
"seas",79,0.35,0.17849297857664,0.578402445234845
"seas",80,0.35,0.17849297857664,0.578402445234845
"seas",81,0.35,0.17849297857664,0.578402445234845
"seas",82,0.35,0.17849297857664,0.578402445234845
"seas",83,0.35,0.17849297857664,0.578402445234845
"seas",84,0.35,0.17849297857664,0.578402445234845
"seas",85,0.35,0.17849297857664,0.578402445234845
"seas",86,0.35,0.17849297857664,0.578402445234845
"seas",87,0.35,0.17849297857664,0.578402445234845
"seas",88,0.35,0.17849297857664,0.578402445234845
"seas",89,0.35,0.17849297857664,0.578402445234845
"seas",90,0.35,0.17849297857664,0.578402445234845
"seas",91,0.35,0.17849297857664,0.578402445234845
"seas",92,0.346,0.175922562913536,0.574097631425376
"seas",93,0.342,0.173367556535131,0.569757962548478
"seas",94,0.338,0.170827821290743,0.56538301356346
"seas",95,0.334,0.168303220676205,0.560972352490534
"seas",96,0.33,0.165793619809413,0.556525540268634
"seas",97,0.317,0.157739408801542,0.541818287458529
"seas",98,0.304,0.149837775645457,0.526708541071192
"seas",99,0.291,0.142084425402155,0.511179549312549
"seas",100,0.278,0.134475222832748,0.495213617696692
"seas",101,0.265,0.127006185044102,0.478792041788262
"seas",102,0.253,0.120232774173276,0.463212152523449
"seas",103,0.241,0.113572609240653,0.447210733676656
"seas",104,0.229,0.107022873720835,0.430770443284722
"seas",105,0.217,0.100580843719746,0.41387297488027
"seas",106,0.205,0.0942438841975527,0.396498989492957
"seas",107,0.195,0.0890415047438349,0.381641947104761
"seas",108,0.185,0.0839088867665429,0.366427355530495
"seas",109,0.175,0.0788446364079873,0.350842150412726
"seas",110,0.165,0.0738473966977971,0.334872623074854
"seas",111,0.155,0.068915846340698,0.318504380303889
"seas",112,0.145,0.0640486985517841,0.301722301082808
"seas",113,0.135,0.0592446999371242,0.284510489999091
"seas",114,0.125,0.0545026294176582,0.266852227027703
"seas",115,0.115,0.0498212971944439,0.24872991335503
"seas",116,0.105,0.0451995437534102,0.230125012874782
"seas",117,0.096,0.0410899708249236,0.212951865449259
"seas",118,0.087,0.0370269366919448,0.195357031735249
"seas",119,0.078,0.033009655263698,0.177324786923451
"seas",120,0.069,0.029037358054188,0.158838614519948
"seas",121,0.06,0.0251092936921125,0.139881155888207
"seas",122,0.058,0.0242423232009936,0.135602567362102
"seas",123,0.056,0.0233774927485499,0.131299601110796
"seas",124,0.054,0.0225147944208095,0.126972048196931
"seas",125,0.052,0.0216542203427738,0.122619697288621
"seas",126,0.05,0.0207957626781787,0.118242334625047
"seas",127,0.05,0.0207957626781787,0.118242334625047
"seas",128,0.05,0.0207957626781787,0.118242334625047
"seas",129,0.05,0.0207957626781787,0.118242334625047
"seas",130,0.05,0.0207957626781787,0.118242334625047
"seas",131,0.05,0.0207957626781787,0.118242334625047
"seas",132,0.05,0.0207957626781787,0.118242334625047
"seas",133,0.05,0.0207957626781787,0.118242334625047
"seas",134,0.05,0.0207957626781787,0.118242334625047
"seas",135,0.05,0.0207957626781787,0.118242334625047
"seas",136,0.05,0.0207957626781787,0.118242334625047
"seas",137,0.05,0.0207957626781787,0.118242334625047
"seas",138,0.05,0.0207957626781787,0.118242334625047
"seas",139,0.05,0.0207957626781787,0.118242334625047
"seas",140,0.05,0.0207957626781787,0.118242334625047
"seas",141,0.05,0.0207957626781787,0.118242334625047
"seas",142,0.05,0.0207957626781787,0.118242334625047
"seas",143,0.05,0.0207957626781787,0.118242334625047
"seas",144,0.05,0.0207957626781787,0.118242334625047
"seas",145,0.05,0.0207957626781787,0.118242334625047
"seas",146,0.05,0.0207957626781787,0.118242334625047
"seas",147,0.05,0.0207957626781787,0.118242334625047
"seas",148,0.05,0.0207957626781787,0.118242334625047
"seas",149,0.05,0.0207957626781787,0.118242334625047
"seas",150,0.05,0.0207957626781787,0.118242334625047
"seas",151,0.05,0.0207957626781787,0.118242334625047
"seas",152,0.05,0.0207957626781787,0.118242334625047
"seas",153,0.05,0.0207957626781787,0.118242334625047
"seas",154,0.05,0.0207957626781787,0.118242334625047
"seas",155,0.05,0.0207957626781787,0.118242334625047
"seas",156,0.05,0.0207957626781787,0.118242334625047
"seas",157,0.05,0.0207957626781787,0.118242334625047
"seas",158,0.05,0.0207957626781787,0.118242334625047
"seas",159,0.05,0.0207957626781787,0.118242334625047
"seas",160,0.05,0.0207957626781787,0.118242334625047
"seas",161,0.05,0.0207957626781787,0.118242334625047
"seas",162,0.05,0.0207957626781787,0.118242334625047
"seas",163,0.05,0.0207957626781787,0.118242334625047
"seas",164,0.05,0.0207957626781787,0.118242334625047
"seas",165,0.05,0.0207957626781787,0.118242334625047
"seas",166,0.05,0.0207957626781787,0.118242334625047
"seas",167,0.05,0.0207957626781787,0.118242334625047
"seas",168,0.05,0.0207957626781787,0.118242334625047
"seas",169,0.05,0.0207957626781787,0.118242334625047
"seas",170,0.05,0.0207957626781787,0.118242334625047
"seas",171,0.05,0.0207957626781787,0.118242334625047
"seas",172,0.05,0.0207957626781787,0.118242334625047
"seas",173,0.05,0.0207957626781787,0.118242334625047
"seas",174,0.05,0.0207957626781787,0.118242334625047
"seas",175,0.05,0.0207957626781787,0.118242334625047
"seas",176,0.05,0.0207957626781787,0.118242334625047
"seas",177,0.05,0.0207957626781787,0.118242334625047
"seas",178,0.05,0.0207957626781787,0.118242334625047
"seas",179,0.05,0.0207957626781787,0.118242334625047
"seas",180,0.05,0.0207957626781787,0.118242334625047
"seas",181,0.05,0.0207957626781787,0.118242334625047
"seas",182,0.05,0.0207957626781787,0.118242334625047
"seas",183,0.05,0.0207957626781787,0.118242334625047
"seas",184,0.05,0.0207957626781787,0.118242334625047
"seas",185,0.05,0.0207957626781787,0.118242334625047
"seas",186,0.05,0.0207957626781787,0.118242334625047
"seas",187,0.05,0.0207957626781787,0.118242334625047
"seas",188,0.05,0.0207957626781787,0.118242334625047
"seas",189,0.05,0.0207957626781787,0.118242334625047
"seas",190,0.05,0.0207957626781787,0.118242334625047
"seas",191,0.05,0.0207957626781787,0.118242334625047
"seas",192,0.05,0.0207957626781787,0.118242334625047
"seas",193,0.05,0.0207957626781787,0.118242334625047
"seas",194,0.05,0.0207957626781787,0.118242334625047
"seas",195,0.05,0.0207957626781787,0.118242334625047
"seas",196,0.05,0.0207957626781787,0.118242334625047
"seas",197,0.05,0.0207957626781787,0.118242334625047
"seas",198,0.05,0.0207957626781787,0.118242334625047
"seas",199,0.05,0.0207957626781787,0.118242334625047
"seas",200,0.05,0.0207957626781787,0.118242334625047
"seas",201,0.05,0.0207957626781787,0.118242334625047
"seas",202,0.05,0.0207957626781787,0.118242334625047
"seas",203,0.05,0.0207957626781787,0.118242334625047
"seas",204,0.05,0.0207957626781787,0.118242334625047
"seas",205,0.05,0.0207957626781787,0.118242334625047
"seas",206,0.05,0.0207957626781787,0.118242334625047
"seas",207,0.05,0.0207957626781787,0.118242334625047
"seas",208,0.05,0.0207957626781787,0.118242334625047
"seas",209,0.05,0.0207957626781787,0.118242334625047
"seas",210,0.05,0.0207957626781787,0.118242334625047
"seas",211,0.05,0.0207957626781787,0.118242334625047
"seas",212,0.05,0.0207957626781787,0.118242334625047
"seas",213,0.05,0.0207957626781787,0.118242334625047
"seas",214,0.05,0.0207957626781787,0.118242334625047
"seas",215,0.05,0.0207957626781787,0.118242334625047
"seas",216,0.05,0.0207957626781787,0.118242334625047
"seas",217,0.052,0.0216542203427738,0.122619697288621
"seas",218,0.054,0.0225147944208095,0.126972048196931
"seas",219,0.056,0.0233774927485499,0.131299601110796
"seas",220,0.058,0.0242423232009936,0.135602567362102
"seas",221,0.06,0.0251092936921125,0.139881155888207
"seas",222,0.064,0.0268496866425823,0.148366023743929
"seas",223,0.068,0.0285987357004267,0.156755829557129
"seas",224,0.072,0.0303565056053295,0.165052162000426
"seas",225,0.076,0.0321230617441785,0.173256574542778
"seas",226,0.08,0.0338984701591737,0.181370586419212
"seas",227,0.09,0.0383761593168143,0.201269785180833
"seas",228,0.1,0.0429106547727044,0.220635528298737
"seas",229,0.11,0.0475030444392131,0.239488983280427
"seas",230,0.12,0.0521544441870499,0.257850212350954
"seas",231,0.13,0.056865998749202,0.275738243665091
"seas",232,0.144,0.0635654773750784,0.300020727153979
"seas",233,0.158,0.0703884912849332,0.323457603409653
"seas",234,0.172,0.0773384891751076,0.34609228732627
"seas",235,0.186,0.0844190493159548,0.367965271813083
"seas",236,0.2,0.0916338856949672,0.389114369552297
"seas",237,0.214,0.0989868545127443,0.40957493114471
"seas",238,0.228,0.106481961055675,0.42938004229058
"seas",239,0.242,0.114123366971072,0.448560702319272
"seas",240,0.256,0.121915397972515,0.467145986093982
"seas",241,0.27,0.129862552005397,0.485163191070093
"seas",242,0.284,0.137969507905042,0.502637971071545
"seas",243,0.298,0.14624113458242,0.519594458163975
"seas",244,0.312,0.154682500775363,0.536055373842258
"seas",245,0.326,0.1632988854063,0.552042130609712
"seas",246,0.34,0.172095788590997,0.567574924903936
"seas",247,0.354,0.181078943346546,0.582672822217258
"seas",248,0.368,0.190254328050965,0.597353835166116
"seas",249,0.382,0.199628179711315,0.611634995181542
"seas",250,0.396,0.209207008102216,0.625532418420639
"seas",251,0.41,0.218997610842108,0.639061366435342
"seas",252,0.424,0.229007089480638,0.652236302078618
"seas",253,0.438,0.239242866677172,0.665070941078646
"seas",254,0.452,0.249712704557772,0.677578299667601
"seas",255,0.466,0.260424724346037,0.689770738612747
"seas",256,0.48,0.27138742737215,0.70166000396293
"seas",257,0.494,0.282609717574354,0.71325726479283
"seas",258,0.508,0.294100925618024,0.724573148199914
"seas",259,0.522,0.305870834769647,0.735617771784586
"seas",260,0.536,0.317929708676515,0.746400773822204
"seas",261,0.55,0.330288321217909,0.756931341316077
"seas",262,0.564,0.342957988610274,0.767218236103054
"seas",263,0.578,0.355950603967448,0.777269819167636
"seas",264,0.592,0.369278674537831,0.787094073306393
"seas",265,0.606,0.382955361863526,0.796698624271839
"seas",266,0.62,0.396994525132535,0.806090760513435
"seas",267,0.632,0.409327643557265,0.813977389566061
"seas",268,0.644,0.421947446374519,0.821717296198004
"seas",269,0.656,0.434864047134298,0.829314537098083
"seas",270,0.668,0.448088040756764,0.836773020771087
"seas",271,0.68,0.461630532516579,0.844096514242679
"seas",272,0.692,0.475503169147029,0.851288649403523
"seas",273,0.704,0.489718172247025,0.858352929015069
"seas",274,0.716,0.504288374192383,0.865292732397857
"seas",275,0.728,0.519227256773185,0.872111320821761
"seas",276,0.74,0.534548992801719,0.878811842616225
"seas",277,0.75,0.547620296313247,0.884307617514361
"seas",278,0.76,0.560976851138878,0.889725219101672
"seas",279,0.77,0.574628097723309,0.895066303535189
"seas",280,0.78,0.588583897735746,0.90033248051752
"seas",281,0.79,0.602854557828261,0.905525314914286
"seas",282,0.798,0.614505010829172,0.909627799687313
"seas",283,0.806,0.626369607795904,0.913685079539112
"seas",284,0.814,0.638454307680782,0.917697897539397
"seas",285,0.822,0.650765292597935,0.921666980560714
"seas",286,0.83,0.663308978368748,0.925593039717379
"seas",287,0.838,0.676092025670998,0.929476770790209
"seas",288,0.846,0.689121351832397,0.933318854637599
"seas",289,0.854,0.702404143312407,0.937119957593437
"seas",290,0.862,0.715947868919651,0.940880731852358
"seas",291,0.87,0.729760293816009,0.944601815842802
"seas",292,0.876,0.740300792693849,0.94736695858173
"seas",293,0.882,0.751000498316828,0.950110386235031
"seas",294,0.888,0.761863045190379,0.95283235360002
"seas",295,0.894,0.772892179296961,0.955533111503272
"seas",296,0.9,0.784091762403091,0.958212906877672
"seas",297,0.906,0.795465776567628,0.960871982837672
"seas",298,0.912,0.807018328862345,0.963510578752821
"seas",299,0.918,0.818753656316565,0.966128930319591
"seas",300,0.924,0.83067613109836,0.968727269631564
"seas",301,0.93,0.842790265945611,0.971305825248011
"seas",302,0.936,0.855100719861121,0.973864822260912
"seas",303,0.942,0.867612304086872,0.97640448236046
"seas",304,0.948,0.880329988373508,0.978925023899077
"seas",305,0.954,0.893258907562235,0.981426661954003
"seas",306,0.96,0.906404368497416,0.983909608388467
"seas",307,0.964,0.915291011676443,0.985554624972071
"seas",308,0.968,0.924278001394913,0.987191488065041
"seas",309,0.972,0.93336704694875,0.988820258136432
"seas",310,0.976,0.942559896676928,0.990440995058827
"seas",311,0.98,0.951858339082638,0.992053758115677
"seas",312,0.983,0.958902565249809,0.993258132893374
"seas",313,0.986,0.966008003303224,0.99445807995532
"seas",314,0.989,0.973175454589742,0.995653623673534
"seas",315,0.992,0.980405734505154,0.996844788241488
"seas",316,0.995,0.987699672803417,0.998031597675747
"seas",317,0.996666666666667,0.991779677667035,0.998689063185154
"seas",318,0.998333333333333,0.995879737322622,0.999345195943795
"seas",319,1,1,1
"rice",1,0,0,0
"rice",2,0,0,0
"rice",3,0,0,0
"rice",4,0,0,0
"rice",5,0,0,0
"rice",6,0,0,0
"rice",7,0,0,0
"rice",8,0,0,0
"rice",9,0,0,0
"rice",10,0,0,0
"rice",11,0,0,0
"rice",12,0,0,0
"rice",13,0,0,0
"rice",14,0,0,0
"rice",15,0,0,0
"rice",16,0,0,0
"rice",17,0,0,0
"rice",18,0,0,0
"rice",19,0,0,0
"rice",20,0,0,0
"rice",21,0,0,0
"rice",22,0,0,0
"rice",23,0,0,0
"rice",24,0,0,0
"rice",25,0,0,0
"rice",26,0,0,0
"rice",27,0,0,0
"rice",28,0,0,0
"rice",29,0,0,0
"rice",30,0,0,0
"rice",31,0,0,0
"rice",32,0,0,0
"rice",33,0,0,0
"rice",34,0,0,0
"rice",35,0,0,0
"rice",36,0,0,0
"rice",37,0,0,0
"rice",38,0,0,0
"rice",39,0,0,0
"rice",40,0,0,0
"rice",41,0,0,0
"rice",42,0,0,0
"rice",43,0,0,0
"rice",44,0,0,0
"rice",45,0,0,0
"rice",46,0,0,0
"rice",47,0,0,0
"rice",48,0,0,0
"rice",49,0,0,0
"rice",50,0,0,0
"rice",51,0,0,0
"rice",52,0,0,0
"rice",53,0,0,0
"rice",54,0,0,0
"rice",55,0,0,0
"rice",56,0,0,0
"rice",57,0,0,0
"rice",58,0,0,0
"rice",59,0,0,0
"rice",60,0,0,0
"rice",61,0,0,0
"rice",62,0,0,0
"rice",63,0.999490544128018,0.997282628311039,0.999904658152254
"rice",64,0.999345019820463,0.996545067614787,0.99987611207039
"rice",65,0.999158865907601,0.995608558773874,0.99983935280311
"rice",66,0.998921167584051,0.994421139822008,0.999792135593355
"rice",67,0.998618250279282,0.992918221033379,0.999731642137301
"rice",68,0.998233047333073,0.99101996529902,0.99965434710975
"rice",69,0.997744347260197,0.988628335247756,0.999555857836925
"rice",70,0.997125907959707,0.985623876196961,0.999430723246079
"rice",71,0.996345450016809,0.981862485921767,0.99927221241321
"rice",72,0.995363508256934,0.977172317180853,0.999072056167664
"rice",73,0.994132122764958,0.971351077773286,0.998820143866596
"rice",74,0.992593422512007,0.964164461142525,0.998504179699589
"rice",75,0.990678131865435,0.955346416170567,0.998109296551413
"rice",76,0.988304088440568,0.944602313414137,0.997617634120092
"rice",77,0.985374967046886,0.931616500241176,0.997007906866908
"rice",78,0.981779276454572,0.916064922132412,0.996254957353918
"rice",79,0.977389737460015,0.897633288286347,0.995329292790357
"rice",80,0.972063422212233,0.876041611809175,0.994196655944302
"rice",81,0.965642967270931,0.851074314937165,0.992817667480502
"rice",82,0.957959321850269,0.822613986778609,0.991147613924351
"rice",83,0.948836427816461,0.79067476994589,0.989136455933004
"rice",84,0.938097967496715,0.755429174638482,0.986729097236686
"rice",85,0.925576162447759,0.717221782178436,0.983865955575468
"rice",86,0.91112286772513,0.676565815802361,0.980483999745132
"rice",87,0.894622277471035,0.634119273400986,0.976518275142559
"rice",88,0.876004342615417,0.590642125260425,0.971903963732357
"rice",89,0.855257682825273,0.546940409926125,0.966579024350449
"rice",90,0.832440267364408,0.503805697818155,0.960487354269444
"rice",91,0.807686043848812,0.461959324446156,0.953582336817645
"rice",92,0.781206066043069,0.422009361200788,0.945830605228672
"rice",93,0.753283224891166,0.384424771769121,0.937215768265981
"rice",94,0.724260573375371,0.349527313118185,0.927741786595658
"rice",95,0.694524233999811,0.317498551067444,0.917435661764819
"rice",96,0.664482750920294,0.288397534298337,0.906349113204857
"rice",97,0.634545279511143,0.262184262723328,0.894558979211623
"rice",98,0.605101070565218,0.238744724966348,0.882166183184644
"rice",99,0.576502315180738,0.217914446842572,0.869293244687402
"rice",100,0.549051703061019,0.199498741203259,0.856080465976739
"rice",101,0.522995210969676,0.18328890144741,0.842681064077475
"rice",102,0.498519873864687,0.169074325457064,0.829255623063535
"rice",103,0.475755733098283,0.156650998503151,0.815966294573082
"rice",104,0.454780856532462,0.145826965510528,0.802971170853752
"rice",105,0.435628265209629,0.136425462516644,0.790419199160071
"rice",106,0.418293786809684,0.128286354706607,0.778445962656808
"rice",107,0.402745440221539,0.12126702893016,0.767171574129854
"rice",108,0.388932074700334,0.115242280225214,0.756699761196748
"rice",109,0.37678804123913,0.110102384606754,0.747115694221036
"rice",110,0.366236928763734,0.105751131290633,0.738484426634146
"rice",111,0.357197084635163,0.102104977254654,0.730852228331618
"rice",112,0.34958477861777,0.0990915821080784,0.724247487483434
"rice",113,0.343315168033956,0.0966478930802641,0.718680806872173
"rice",114,0.338303905549632,0.0947188902797686,0.714146471507173
"rice",115,0.334469173263861,0.0932568112175626,0.710625050968612
"rice",116,0.33173220166258,0.0922200621681666,0.708085181098806
"rice",117,0.33001674297223,0.091571979926559,0.706484675472392
"rice",118,0.329250663553226,0.0912805927830196,0.705773788688143
"rice",119,0.329202202547086,0.0912597714669399,0.705734779790399
"rice",120,0.329202202547086,0.0912597714669399,0.705734779790399
"rice",121,0.329202202547086,0.0912597714669399,0.705734779790399
"rice",122,0.329202202547086,0.0912597714669399,0.705734779790399
"rice",123,0.329202202547086,0.0912597714669399,0.705734779790399
"rice",124,0.329202202547086,0.0912597714669399,0.705734779790399
"rice",125,0.329202202547086,0.0912597714669399,0.705734779790399
"rice",126,0.329202202547086,0.0912597714669399,0.705734779790399
"rice",127,0.329202202547086,0.0912597714669399,0.705734779790399
"rice",128,0.329202202547086,0.0912597714669399,0.705734779790399
"rice",129,0.329202202547086,0.0912597714669399,0.705734779790399
"rice",130,0.329202202547086,0.0912597714669399,0.705734779790399
"rice",131,0.329202202547086,0.0912597714669399,0.705734779790399
"rice",132,0.329202202547086,0.0912597714669399,0.705734779790399
"rice",133,0.329202202547086,0.0912597714669399,0.705734779790399
"rice",134,0.329202202547086,0.0912597714669399,0.705734779790399
"rice",135,0.329202202547086,0.0912597714669399,0.705734779790399
"rice",136,0.329202202547086,0.0912597714669399,0.705734779790399
"rice",137,0.329202202547086,0.0912597714669399,0.705734779790399
"rice",138,0.329202202547086,0.0912597714669399,0.705734779790399
"rice",139,0.329202202547086,0.0912597714669399,0.705734779790399
"rice",140,0.329202202547086,0.0912597714669399,0.705734779790399
"rice",141,0.329202202547086,0.0912597714669399,0.705734779790399
"rice",142,0.329202202547086,0.0912597714669399,0.705734779790399
"rice",143,0.329202202547086,0.0912597714669399,0.705734779790399
"rice",144,0.329202202547086,0.0912597714669399,0.705734779790399
"rice",145,0.329202202547086,0.0912597714669399,0.705734779790399
"rice",146,0.329202202547086,0.0912597714669399,0.705734779790399
"rice",147,0.329202202547086,0.0912597714669399,0.705734779790399
"rice",148,0.329202202547086,0.0912597714669399,0.705734779790399
"rice",149,0.329202202547086,0.0912597714669399,0.705734779790399
"rice",150,0.329202202547086,0.0912597714669399,0.705734779790399
"rice",151,0.329202202547086,0.0912597714669399,0.705734779790399
"rice",152,0.329202202547086,0.0912597714669399,0.705734779790399
"rice",153,0.329202202547086,0.0912597714669399,0.705734779790399
"rice",154,0.329202202547086,0.0912597714669399,0.705734779790399
"rice",155,0.329202202547086,0.0912597714669399,0.705734779790399
"rice",156,0.329202202547086,0.0912597714669399,0.705734779790399
"rice",157,0.329202202547086,0.0912597714669399,0.705734779790399
"rice",158,0.329202202547086,0.0912597714669399,0.705734779790399
"rice",159,0.329202202547086,0.0912597714669399,0.705734779790399
"rice",160,0.329202202547086,0.0912597714669399,0.705734779790399
"rice",161,0.329202202547086,0.0912597714669399,0.705734779790399
"rice",162,0.329202202547086,0.0912597714669399,0.705734779790399
"rice",163,0.329202202547086,0.0912597714669399,0.705734779790399
"rice",164,0.329202202547086,0.0912597714669399,0.705734779790399
"rice",165,0.329202202547086,0.0912597714669399,0.705734779790399
"rice",166,0.329202202547086,0.0912597714669399,0.705734779790399
"rice",167,0.329202202547086,0.0912597714669399,0.705734779790399
"rice",168,0.329202202547086,0.0912597714669399,0.705734779790399
"rice",169,0.329202202547086,0.0912597714669399,0.705734779790399
"rice",170,0.329202202547086,0.0912597714669399,0.705734779790399
"rice",171,0.329202202547086,0.0912597714669399,0.705734779790399
"rice",172,0.329202202547086,0.0912597714669399,0.705734779790399
"rice",173,0.329202202547086,0.0912597714669399,0.705734779790399
"rice",174,0.329202202547086,0.0912597714669399,0.705734779790399
"rice",175,0.329250663553226,0.0912805927830196,0.705773788688143
"rice",176,0.329519361203668,0.0913835277229886,0.706021366596308
"rice",177,0.33001674297223,0.091571979926559,0.706484675472392
"rice",178,0.330751404051093,0.0918495431582763,0.707170476656616
"rice",179,0.33173220166258,0.0922200621681666,0.708085181098806
"rice",180,0.33296830307038,0.09268767102168,0.709234835480653
"rice",181,0.334469173263861,0.0932568112175626,0.710625050968612
"rice",182,0.336244449071223,0.093932209071805,0.712260828154891
"rice",183,0.338303905549632,0.0947188902797686,0.714146471507173
"rice",184,0.34065745158624,0.095622208394104,0.716285534479977
"rice",185,0.343315168033956,0.0966478930802641,0.718680806872173
"rice",186,0.346287436058804,0.0978021379679405,0.721334384840775
"rice",187,0.34958477861777,0.0990915821080784,0.724247487483434
"rice",188,0.353217786834191,0.100523327710311,0.727420361163443
"rice",189,0.357197084635163,0.102104977254654,0.730852228331618
"rice",190,0.3615332838648,0.103844671935925,0.734541239129321
"rice",191,0.366236928763734,0.105751131290633,0.738484426634146
"rice",192,0.37131842870954,0.107833693801221,0.742677666719501
"rice",193,0.37678804123913,0.110102384606754,0.747115694221036
"rice",194,0.382655970474873,0.112568040451581,0.751792222276239
"rice",195,0.388932074700334,0.115242280225214,0.756699761196748
"rice",196,0.395625680067724,0.118137522761815,0.761829553986505
"rice",197,0.402745440221539,0.12126702893016,0.767171574129854
"rice",198,0.410299179158445,0.124644941648445,0.772714535202131
"rice",199,0.418293786809684,0.128286354706607,0.778445962656808
"rice",200,0.426735240277516,0.13220744758073,0.784352370592948
"rice",201,0.435628265209629,0.136425462516644,0.790419199160071
"rice",202,0.444976260057546,0.140958804292111,0.796630962206255
"rice",203,0.454780856532462,0.145826965510528,0.802971170853752
"rice",204,0.465041606519073,0.151050497573214,0.809422379043054
"rice",205,0.475755733098283,0.156650998503151,0.815966294573082
"rice",206,0.486917881188935,0.162651082223848,0.822583905817684
"rice",207,0.498519873864687,0.169074325457064,0.829255623063535
"rice",208,0.510550481394878,0.175945187964716,0.835961432954977
"rice",209,0.522995210969676,0.18328890144741,0.842681064077475
"rice",210,0.53583612583067,0.191131322055067,0.849394161282827
"rice",211,0.549051703061019,0.199498741203259,0.856080465976739
"rice",212,0.562616739512575,0.208417649271157,0.862719999273078
"rice",213,0.576502315180738,0.217914446842572,0.869293244687402
"rice",214,0.590675822709571,0.228015098509615,0.875781326910792
"rice",215,0.605101070565218,0.238744724966348,0.882166183184644
"rice",216,0.619738465726274,0.250127130260105,0.888430723894034
"rice",217,0.634545279511143,0.262184262723328,0.894558979211623
"rice",218,0.649475997441523,0.27493561035345,0.900536228949892
"rice",219,0.664482750920294,0.288397534298337,0.906349113204857
"rice",220,0.679515825118712,0.302582547664219,0.911985721882138
"rice",221,0.694524233999811,0.317498551067444,0.917435661764819
"rice",222,0.709456350060332,0.3331480411118,0.922690100387416
"rice",223,0.724260573375371,0.349527313118185,0.927741786595658
"rice",224,0.738886022097597,0.366625684697075,0.932585048271806
"rice",225,0.753283224891166,0.384424771769121,0.937215768265981
"rice",226,0.767404795019385,0.402897852941799,0.941631340074392
"rice",227,0.781206066043069,0.422009361200788,0.945830605228672
"rice",228,0.794645670338609,0.44171454309687,0.949813774694705
"rice",229,0.807686043848812,0.461959324446156,0.953582336817645
"rice",230,0.820293843500497,0.482680417551903,0.957138954490448
"rice",231,0.832440267364408,0.503805697818155,0.960487354269444
"rice",232,0.844101271656399,0.525254867339377,0.963632210119168
"rice",233,0.855257682825273,0.546940409926125,0.966579024350449
"rice",234,0.865895206986774,0.568768826737615,0.969334008133183
"rice",235,0.876004342615417,0.590642125260425,0.971903963732357
"rice",236,0.885580205509739,0.612459518100647,0.974296170347168
"rice",237,0.894622277471035,0.634119273400986,0.976518275142559
"rice",238,0.903134091810114,0.655520647096379,0.978578190763139
"rice",239,0.91112286772513,0.676565815802361,0.980483999745132
"rice",240,0.918599104325224,0.697161721723548,0.982243865648557
"rice",241,0.925576162447759,0.717221782178436,0.983865955575468
"rice",242,0.932069845430616,0.73666740141265,0.985358373340009
"rice",243,0.938097967496715,0.755429174638482,0.986729097236686
"rice",244,0.943679951051546,0.773447825756483,0.987985930527689
"rice",245,0.948836427816461,0.79067476994589,0.989136455933004
"rice",246,0.953588885412268,0.807072400265426,0.990188002466746
"rice",247,0.957959321850269,0.822613986778609,0.991147613924351
"rice",248,0.961969952506505,0.837283345044454,0.992022028462312
"rice",249,0.965642967270931,0.851074314937165,0.992817667480502
"rice",250,0.969000299829525,0.863989965435009,0.993540624367564
"rice",251,0.972063422212233,0.876041611809175,0.994196655944302
"rice",252,0.974853196780454,0.887247821525511,0.994791183548322
"rice",253,0.977389737460015,0.897633288286347,0.995329292790357
"rice",254,0.979692312435719,0.907227745035119,0.995815739230515
"rice",255,0.981779276454572,0.916064922132412,0.996254957353918
"rice",256,0.983668024926722,0.924181560446788,0.996651071286483
"rice",257,0.985374967046886,0.931616500241176,0.997007906866908
"rice",258,0.986915515247729,0.938409860013544,0.997329004732876
"rice",259,0.988304088440568,0.944602313414137,0.997617634120092
"rice",260,0.989554129026318,0.950234477846245,0.997876807596419
"rice",261,0.990678131865435,0.955346416170567,0.998109296551413
"rice",262,0.991687667662643,0.959977175444197,0.99831764404004
"rice",263,0.992593422512007,0.964164461142525,0.998504179699589
"rice",264,0.993405231631404,0.967944345471587,0.998671032385527
"rice",265,0.994132122764958,0.971351077773286,0.998820143866596
"rice",266,0.994782363373059,0.974416967189918,0.998953282477913
"rice",267,0.995363508256934,0.977172317180853,0.999072056167664
"rice",268,0.995882446908779,0.979645403250595,0.999177924902905
"rice",269,0.996345450016809,0.981862485921767,0.99927221241321
"rice",270,0.9967582146759,0.983847851772888,0.999356117262173
"rice",271,0.997125907959707,0.985623876196961,0.999430723246079
"rice",272,0.997453208600355,0.987211102376039,0.999497009126889
"rice",273,0.997744347260197,0.988628335247756,0.999555857836925
"rice",274,0.99800314533795,0.98989274707074,0.999608065175971
"rice",275,0.999490544128018,0.997282628311039,0.999904658152254
"rice",276,0.999345019820463,0.996545067614787,0.99987611207039
"rice",277,0.999158865907601,0.995608558773874,0.99983935280311
"rice",278,0.998921167584051,0.994421139822008,0.999792135593355
"rice",279,0.998618250279282,0.992918221033379,0.999731642137301
"rice",280,0.998233047333073,0.99101996529902,0.99965434710975
"rice",281,0.997744347260197,0.988628335247756,0.999555857836925
"rice",282,0.997125907959707,0.985623876196961,0.999430723246079
"rice",283,0.996345450016809,0.981862485921767,0.99927221241321
"rice",284,0.995363508256934,0.977172317180853,0.999072056167664
"rice",285,0.994132122764958,0.971351077773286,0.998820143866596
"rice",286,0.992593422512007,0.964164461142525,0.998504179699589
"rice",287,0.990678131865435,0.955346416170567,0.998109296551413
"rice",288,0.988304088440568,0.944602313414137,0.997617634120092
"rice",289,0.985374967046886,0.931616500241176,0.997007906866908
"rice",290,0.981779276454572,0.916064922132412,0.996254957353918
"rice",291,0.977389737460015,0.897633288286347,0.995329292790357
"rice",292,0.972063422212233,0.876041611809175,0.994196655944302
"rice",293,0.965642967270931,0.851074314937165,0.992817667480502
"rice",294,0.957959321850269,0.822613986778609,0.991147613924351
"rice",295,0.948836427816461,0.79067476994589,0.989136455933004
"rice",296,0.938097967496715,0.755429174638482,0.986729097236686
"rice",297,0.925576162447759,0.717221782178436,0.983865955575468
"rice",298,0.91112286772513,0.676565815802361,0.980483999745132
"rice",299,0.894622277471035,0.634119273400986,0.976518275142559
"rice",300,0.876004342615417,0.590642125260425,0.971903963732357
"rice",301,0.855257682825273,0.546940409926125,0.966579024350449
"rice",302,0.832440267364408,0.503805697818155,0.960487354269444
"rice",303,0.807686043848812,0.461959324446156,0.953582336817645
"rice",304,0.781206066043069,0.422009361200788,0.945830605228672
"rice",305,0.753283224891166,0.384424771769121,0.937215768265981
"rice",306,0.724260573375371,0.349527313118185,0.927741786595658
"rice",307,0.694524233999811,0.317498551067444,0.917435661764819
"rice",308,0.664482750920294,0.288397534298337,0.906349113204857
"rice",309,0.634545279511143,0.262184262723328,0.894558979211623
"rice",310,0.605101070565218,0.238744724966348,0.882166183184644
"rice",311,0.576502315180738,0.217914446842572,0.869293244687402
"rice",312,0.549051703061019,0.199498741203259,0.856080465976739
"rice",313,0.522995210969676,0.18328890144741,0.842681064077475
"rice",314,0.498519873864687,0.169074325457064,0.829255623063535
"rice",315,0.475755733098283,0.156650998503151,0.815966294573082
"rice",316,0.454780856532462,0.145826965510528,0.802971170853752
"rice",317,0.435628265209629,0.136425462516644,0.790419199160071
"rice",318,0.418293786809684,0.128286354706607,0.778445962656808
"rice",319,0.402745440221539,0.12126702893016,0.767171574129854
"corn",1,0,0,0
"corn",2,0,0,0
"corn",3,0,0,0
"corn",4,0,0,0
"corn",5,0,0,0
"corn",6,0,0,0
"corn",7,0,0,0
"corn",8,0,0,0
"corn",9,0,0,0
"corn",10,0,0,0
"corn",11,0,0,0
"corn",12,0,0,0
"corn",13,0,0,0
"corn",14,0,0,0
"corn",15,0,0,0
"corn",16,0,0,0
"corn",17,0,0,0
"corn",18,0,0,0
"corn",19,0,0,0
"corn",20,0,0,0
"corn",21,0,0,0
"corn",22,0,0,0
"corn",23,0,0,0
"corn",24,0,0,0
"corn",25,0,0,0
"corn",26,0,0,0
"corn",27,0,0,0
"corn",28,0,0,0
"corn",29,0,0,0
"corn",30,0,0,0
"corn",31,0,0,0
"corn",32,0,0,0
"corn",33,0,0,0
"corn",34,0,0,0
"corn",35,0,0,0
"corn",36,0,0,0
"corn",37,0,0,0
"corn",38,0,0,0
"corn",39,0,0,0
"corn",40,0,0,0
"corn",41,0,0,0
"corn",42,0,0,0
"corn",43,0,0,0
"corn",44,0,0,0
"corn",45,0,0,0
"corn",46,0,0,0
"corn",47,0,0,0
"corn",48,0,0,0
"corn",49,0,0,0
"corn",50,0,0,0
"corn",51,0,0,0
"corn",52,0,0,0
"corn",53,0,0,0
"corn",54,0,0,0
"corn",55,0,0,0
"corn",56,0,0,0
"corn",57,0,0,0
"corn",58,0,0,0
"corn",59,0,0,0
"corn",60,0,0,0
"corn",61,0,0,0
"corn",62,0,0,0
"corn",63,0.3292022,0.09125977,0.7057348
"corn",64,0.3292022,0.09125977,0.7057348
"corn",65,0.3292022,0.09125977,0.7057348
"corn",66,0.3292022,0.09125977,0.7057348
"corn",67,0.3292022,0.09125977,0.7057348
"corn",68,0.3292022,0.09125977,0.7057348
"corn",69,0.3292022,0.09125977,0.7057348
"corn",70,0.3292022,0.09125977,0.7057348
"corn",71,0.3292022,0.09125977,0.7057348
"corn",72,0.3292022,0.09125977,0.7057348
"corn",73,0.3292022,0.09125977,0.7057348
"corn",74,0.3292022,0.09125977,0.7057348
"corn",75,0.3292022,0.09125977,0.7057348
"corn",76,0.3292022,0.09125977,0.7057348
"corn",77,0.3292022,0.09125977,0.7057348
"corn",78,0.3292022,0.09125977,0.7057348
"corn",79,0.3292022,0.09125977,0.7057348
"corn",80,0.3292022,0.09125977,0.7057348
"corn",81,0.3292022,0.09125977,0.7057348
"corn",82,0.3292022,0.09125977,0.7057348
"corn",83,0.3292022,0.09125977,0.7057348
"corn",84,0.3292022,0.09125977,0.7057348
"corn",85,0.3292022,0.09125977,0.7057348
"corn",86,0.3292022,0.09125977,0.7057348
"corn",87,0.3292022,0.09125977,0.7057348
"corn",88,0.3292022,0.09125977,0.7057348
"corn",89,0.3292022,0.09125977,0.7057348
"corn",90,0.3292022,0.09125977,0.7057348
"corn",91,0.3292022,0.09125977,0.7057348
"corn",92,0.3292022,0.09125977,0.7057348
"corn",93,0.3292022,0.09125977,0.7057348
"corn",94,0.3292022,0.09125977,0.7057348
"corn",95,0.3292022,0.09125977,0.7057348
"corn",96,0.3292022,0.09125977,0.7057348
"corn",97,0.3292022,0.09125977,0.7057348
"corn",98,0.3292022,0.09125977,0.7057348
"corn",99,0.3292022,0.09125977,0.7057348
"corn",100,0.3292022,0.09125977,0.7057348
"corn",101,0.3292022,0.09125977,0.7057348
"corn",102,0.3292022,0.09125977,0.7057348
"corn",103,0.3292022,0.09125977,0.7057348
"corn",104,0.3292022,0.09125977,0.7057348
"corn",105,0.3292022,0.09125977,0.7057348
"corn",106,0.3292022,0.09125977,0.7057348
"corn",107,0.3292022,0.09125977,0.7057348
"corn",108,0.3292022,0.09125977,0.7057348
"corn",109,0.3292022,0.09125977,0.7057348
"corn",110,0.3292022,0.09125977,0.7057348
"corn",111,0.3292022,0.09125977,0.7057348
"corn",112,0.3292022,0.09125977,0.7057348
"corn",113,0.3292022,0.09125977,0.7057348
"corn",114,0.3292022,0.09125977,0.7057348
"corn",115,0.3292022,0.09125977,0.7057348
"corn",116,0.3292022,0.09125977,0.7057348
"corn",117,0.3292022,0.09125977,0.7057348
"corn",118,0.3292022,0.09125977,0.7057348
"corn",119,0.3292022,0.09125977,0.7057348
"corn",120,0.3292022,0.09125977,0.7057348
"corn",121,0.3292022,0.09125977,0.7057348
"corn",122,0.3292022,0.09125977,0.7057348
"corn",123,0.3292022,0.09125977,0.7057348
"corn",124,0.3292022,0.09125977,0.7057348
"corn",125,0.3292022,0.09125977,0.7057348
"corn",126,0.3292022,0.09125977,0.7057348
"corn",127,0.3292022,0.09125977,0.7057348
"corn",128,0.3292022,0.09125977,0.7057348
"corn",129,0.3292022,0.09125977,0.7057348
"corn",130,0.3292022,0.09125977,0.7057348
"corn",131,0.3292022,0.09125977,0.7057348
"corn",132,0.3292022,0.09125977,0.7057348
"corn",133,0.3292022,0.09125977,0.7057348
"corn",134,0.3292022,0.09125977,0.7057348
"corn",135,0.3292022,0.09125977,0.7057348
"corn",136,0.3292022,0.09125977,0.7057348
"corn",137,0.3292022,0.09125977,0.7057348
"corn",138,0.3292022,0.09125977,0.7057348
"corn",139,0.3292022,0.09125977,0.7057348
"corn",140,0.3292022,0.09125977,0.7057348
"corn",141,0.3292022,0.09125977,0.7057348
"corn",142,0.3292022,0.09125977,0.7057348
"corn",143,0.3292022,0.09125977,0.7057348
"corn",144,0.3292022,0.09125977,0.7057348
"corn",145,0.3292022,0.09125977,0.7057348
"corn",146,0.3292022,0.09125977,0.7057348
"corn",147,0.3292022,0.09125977,0.7057348
"corn",148,0.3292022,0.09125977,0.7057348
"corn",149,0.3292022,0.09125977,0.7057348
"corn",150,0.3292022,0.09125977,0.7057348
"corn",151,0.3292022,0.09125977,0.7057348
"corn",152,0.3292022,0.09125977,0.7057348
"corn",153,0.3292022,0.09125977,0.7057348
"corn",154,0.3292022,0.09125977,0.7057348
"corn",155,0.3292022,0.09125977,0.7057348
"corn",156,0.3292022,0.09125977,0.7057348
"corn",157,0.3292022,0.09125977,0.7057348
"corn",158,0.3292022,0.09125977,0.7057348
"corn",159,0.3292022,0.09125977,0.7057348
"corn",160,0.3292022,0.09125977,0.7057348
"corn",161,0.3292022,0.09125977,0.7057348
"corn",162,0.3292022,0.09125977,0.7057348
"corn",163,0.3292022,0.09125977,0.7057348
"corn",164,0.3292022,0.09125977,0.7057348
"corn",165,0.3292022,0.09125977,0.7057348
"corn",166,0.3292022,0.09125977,0.7057348
"corn",167,0.3292022,0.09125977,0.7057348
"corn",168,0.3292022,0.09125977,0.7057348
"corn",169,0.3292022,0.09125977,0.7057348
"corn",170,0.3292022,0.09125977,0.7057348
"corn",171,0.3292022,0.09125977,0.7057348
"corn",172,0.3292022,0.09125977,0.7057348
"corn",173,0.3292022,0.09125977,0.7057348
"corn",174,0.3292022,0.09125977,0.7057348
"corn",175,0.3292022,0.09125977,0.7057348
"corn",176,0.3292022,0.09125977,0.7057348
"corn",177,0.3292022,0.09125977,0.7057348
"corn",178,0.3292022,0.09125977,0.7057348
"corn",179,0.3292022,0.09125977,0.7057348
"corn",180,0.3292022,0.09125977,0.7057348
"corn",181,0.3292022,0.09125977,0.7057348
"corn",182,0.3292022,0.09125977,0.7057348
"corn",183,0.3292022,0.09125977,0.7057348
"corn",184,0.3292022,0.09125977,0.7057348
"corn",185,0.3292022,0.09125977,0.7057348
"corn",186,0.3292022,0.09125977,0.7057348
"corn",187,0.3292022,0.09125977,0.7057348
"corn",188,0.3292022,0.09125977,0.7057348
"corn",189,0.3292022,0.09125977,0.7057348
"corn",190,0.3292022,0.09125977,0.7057348
"corn",191,0.3292022,0.09125977,0.7057348
"corn",192,0.3292022,0.09125977,0.7057348
"corn",193,0.3292022,0.09125977,0.7057348
"corn",194,0.3292022,0.09125977,0.7057348
"corn",195,0.3292022,0.09125977,0.7057348
"corn",196,0.3292022,0.09125977,0.7057348
"corn",197,0.3292022,0.09125977,0.7057348
"corn",198,0.3292022,0.09125977,0.7057348
"corn",199,0.3292022,0.09125977,0.7057348
"corn",200,0.3292022,0.09125977,0.7057348
"corn",201,0.3292022,0.09125977,0.7057348
"corn",202,0.3292022,0.09125977,0.7057348
"corn",203,0.3292022,0.09125977,0.7057348
"corn",204,0.3292022,0.09125977,0.7057348
"corn",205,0.3292022,0.09125977,0.7057348
"corn",206,0.3292022,0.09125977,0.7057348
"corn",207,0.3292022,0.09125977,0.7057348
"corn",208,0.3292022,0.09125977,0.7057348
"corn",209,0.3292022,0.09125977,0.7057348
"corn",210,0.3292022,0.09125977,0.7057348
"corn",211,0.3292022,0.09125977,0.7057348
"corn",212,0.3292022,0.09125977,0.7057348
"corn",213,0.3292022,0.09125977,0.7057348
"corn",214,0.3292022,0.09125977,0.7057348
"corn",215,0.3292022,0.09125977,0.7057348
"corn",216,0.3292022,0.09125977,0.7057348
"corn",217,0.3292022,0.09125977,0.7057348
"corn",218,0.3292022,0.09125977,0.7057348
"corn",219,0.3292022,0.09125977,0.7057348
"corn",220,0.3292022,0.09125977,0.7057348
"corn",221,0.3292022,0.09125977,0.7057348
"corn",222,0.3292022,0.09125977,0.7057348
"corn",223,0.3292022,0.09125977,0.7057348
"corn",224,0.3292022,0.09125977,0.7057348
"corn",225,0.3292022,0.09125977,0.7057348
"corn",226,0.3292022,0.09125977,0.7057348
"corn",227,0.3292022,0.09125977,0.7057348
"corn",228,0.3292022,0.09125977,0.7057348
"corn",229,0.3292022,0.09125977,0.7057348
"corn",230,0.3292022,0.09125977,0.7057348
"corn",231,0.3292022,0.09125977,0.7057348
"corn",232,0.3292022,0.09125977,0.7057348
"corn",233,0.3292022,0.09125977,0.7057348
"corn",234,0.3292022,0.09125977,0.7057348
"corn",235,0.3292022,0.09125977,0.7057348
"corn",236,0.3292022,0.09125977,0.7057348
"corn",237,0.3292022,0.09125977,0.7057348
"corn",238,0.3292022,0.09125977,0.7057348
"corn",239,0.3292022,0.09125977,0.7057348
"corn",240,0.3292022,0.09125977,0.7057348
"corn",241,0.3292022,0.09125977,0.7057348
"corn",242,0.3292022,0.09125977,0.7057348
"corn",243,0.3292022,0.09125977,0.7057348
"corn",244,0.3292022,0.09125977,0.7057348
"corn",245,0.3292022,0.09125977,0.7057348
"corn",246,0.3292022,0.09125977,0.7057348
"corn",247,0.3292022,0.09125977,0.7057348
"corn",248,0.3292022,0.09125977,0.7057348
"corn",249,0.3292022,0.09125977,0.7057348
"corn",250,0.3292022,0.09125977,0.7057348
"corn",251,0.3292022,0.09125977,0.7057348
"corn",252,0.3292022,0.09125977,0.7057348
"corn",253,0.3292022,0.09125977,0.7057348
"corn",254,0.3292022,0.09125977,0.7057348
"corn",255,0.3292022,0.09125977,0.7057348
"corn",256,0.3292022,0.09125977,0.7057348
"corn",257,0.3292022,0.09125977,0.7057348
"corn",258,0.3292022,0.09125977,0.7057348
"corn",259,0.3292022,0.09125977,0.7057348
"corn",260,0.3292022,0.09125977,0.7057348
"corn",261,0.3292022,0.09125977,0.7057348
"corn",262,0.3292022,0.09125977,0.7057348
"corn",263,0.3292022,0.09125977,0.7057348
"corn",264,0.3292022,0.09125977,0.7057348
"corn",265,0.3292022,0.09125977,0.7057348
"corn",266,0.3292022,0.09125977,0.7057348
"corn",267,0.3292022,0.09125977,0.7057348
"corn",268,0.3292022,0.09125977,0.7057348
"corn",269,0.3292022,0.09125977,0.7057348
"corn",270,0.3292022,0.09125977,0.7057348
"corn",271,0.3292022,0.09125977,0.7057348
"corn",272,0.3292022,0.09125977,0.7057348
"corn",273,0.3292022,0.09125977,0.7057348
"corn",274,0.3292022,0.09125977,0.7057348
"corn",275,0.3292022,0.09125977,0.7057348
"corn",276,0.3292022,0.09125977,0.7057348
"corn",277,0.3292022,0.09125977,0.7057348
"corn",278,0.3292022,0.09125977,0.7057348
"corn",279,0.3292022,0.09125977,0.7057348
"corn",280,0.3292022,0.09125977,0.7057348
"corn",281,0.3292022,0.09125977,0.7057348
"corn",282,0.3292022,0.09125977,0.7057348
"corn",283,0.3292022,0.09125977,0.7057348
"corn",284,0.3292022,0.09125977,0.7057348
"corn",285,0.3292022,0.09125977,0.7057348
"corn",286,0.3292022,0.09125977,0.7057348
"corn",287,0.3292022,0.09125977,0.7057348
"corn",288,0.3292022,0.09125977,0.7057348
"corn",289,0.3292022,0.09125977,0.7057348
"corn",290,0.3292022,0.09125977,0.7057348
"corn",291,0.3292022,0.09125977,0.7057348
"corn",292,0.3292022,0.09125977,0.7057348
"corn",293,0.3292022,0.09125977,0.7057348
"corn",294,0.3292022,0.09125977,0.7057348
"corn",295,0.3292022,0.09125977,0.7057348
"corn",296,0.3292022,0.09125977,0.7057348
"corn",297,0.3292022,0.09125977,0.7057348
"corn",298,0.3292022,0.09125977,0.7057348
"corn",299,0.3292022,0.09125977,0.7057348
"corn",300,0.3292022,0.09125977,0.7057348
"corn",301,0.3292022,0.09125977,0.7057348
"corn",302,0.3292022,0.09125977,0.7057348
"corn",303,0.3292022,0.09125977,0.7057348
"corn",304,0.3292022,0.09125977,0.7057348
"corn",305,0.3292022,0.09125977,0.7057348
"corn",306,0.3292022,0.09125977,0.7057348
"corn",307,0.3292022,0.09125977,0.7057348
"corn",308,0.3292022,0.09125977,0.7057348
"corn",309,0.3292022,0.09125977,0.7057348
"corn",310,0.3292022,0.09125977,0.7057348
"corn",311,0.3292022,0.09125977,0.7057348
"corn",312,0.3292022,0.09125977,0.7057348
"corn",313,0.3292022,0.09125977,0.7057348
"corn",314,0.3292022,0.09125977,0.7057348
"corn",315,0.3292022,0.09125977,0.7057348
"corn",316,0.3292022,0.09125977,0.7057348
"corn",317,0.3292022,0.09125977,0.7057348
"corn",318,0.3292022,0.09125977,0.7057348
"corn",319,0.3292022,0.09125977,0.7057348
"other",1,0,0,0
"other",2,0,0,0
"other",3,0,0,0
"other",4,0,0,0
"other",5,0,0,0
"other",6,0,0,0
"other",7,0,0,0
"other",8,0,0,0
"other",9,0,0,0
"other",10,0,0,0
"other",11,0,0,0
"other",12,0,0,0
"other",13,0,0,0
"other",14,0,0,0
"other",15,0,0,0
"other",16,0,0,0
"other",17,0,0,0
"other",18,0,0,0
"other",19,0,0,0
"other",20,0,0,0
"other",21,0,0,0
"other",22,0,0,0
"other",23,0,0,0
"other",24,0,0,0
"other",25,0,0,0
"other",26,0,0,0
"other",27,0,0,0
"other",28,0,0,0
"other",29,0,0,0
"other",30,0,0,0
"other",31,0,0,0
"other",32,0,0,0
"other",33,0,0,0
"other",34,0,0,0
"other",35,0,0,0
"other",36,0,0,0
"other",37,0,0,0
"other",38,0,0,0
"other",39,0,0,0
"other",40,0,0,0
"other",41,0,0,0
"other",42,0,0,0
"other",43,0,0,0
"other",44,0,0,0
"other",45,0,0,0
"other",46,0,0,0
"other",47,0,0,0
"other",48,0,0,0
"other",49,0,0,0
"other",50,0,0,0
"other",51,0,0,0
"other",52,0,0,0
"other",53,0,0,0
"other",54,0,0,0
"other",55,0,0,0
"other",56,0,0,0
"other",57,0,0,0
"other",58,0,0,0
"other",59,0,0,0
"other",60,0,0,0
"other",61,0,0,0
"other",62,0,0,0
"other",63,0.3292022,0.09125977,0.7057348
"other",64,0.3292022,0.09125977,0.7057348
"other",65,0.3292022,0.09125977,0.7057348
"other",66,0.3292022,0.09125977,0.7057348
"other",67,0.3292022,0.09125977,0.7057348
"other",68,0.3292022,0.09125977,0.7057348
"other",69,0.3292022,0.09125977,0.7057348
"other",70,0.3292022,0.09125977,0.7057348
"other",71,0.3292022,0.09125977,0.7057348
"other",72,0.3292022,0.09125977,0.7057348
"other",73,0.3292022,0.09125977,0.7057348
"other",74,0.3292022,0.09125977,0.7057348
"other",75,0.3292022,0.09125977,0.7057348
"other",76,0.3292022,0.09125977,0.7057348
"other",77,0.3292022,0.09125977,0.7057348
"other",78,0.3292022,0.09125977,0.7057348
"other",79,0.3292022,0.09125977,0.7057348
"other",80,0.3292022,0.09125977,0.7057348
"other",81,0.3292022,0.09125977,0.7057348
"other",82,0.3292022,0.09125977,0.7057348
"other",83,0.3292022,0.09125977,0.7057348
"other",84,0.3292022,0.09125977,0.7057348
"other",85,0.3292022,0.09125977,0.7057348
"other",86,0.3292022,0.09125977,0.7057348
"other",87,0.3292022,0.09125977,0.7057348
"other",88,0.3292022,0.09125977,0.7057348
"other",89,0.3292022,0.09125977,0.7057348
"other",90,0.3292022,0.09125977,0.7057348
"other",91,0.3292022,0.09125977,0.7057348
"other",92,0.3292022,0.09125977,0.7057348
"other",93,0.3292022,0.09125977,0.7057348
"other",94,0.3292022,0.09125977,0.7057348
"other",95,0.3292022,0.09125977,0.7057348
"other",96,0.3292022,0.09125977,0.7057348
"other",97,0.3292022,0.09125977,0.7057348
"other",98,0.3292022,0.09125977,0.7057348
"other",99,0.3292022,0.09125977,0.7057348
"other",100,0.3292022,0.09125977,0.7057348
"other",101,0.3292022,0.09125977,0.7057348
"other",102,0.3292022,0.09125977,0.7057348
"other",103,0.3292022,0.09125977,0.7057348
"other",104,0.3292022,0.09125977,0.7057348
"other",105,0.3292022,0.09125977,0.7057348
"other",106,0.3292022,0.09125977,0.7057348
"other",107,0.3292022,0.09125977,0.7057348
"other",108,0.3292022,0.09125977,0.7057348
"other",109,0.3292022,0.09125977,0.7057348
"other",110,0.3292022,0.09125977,0.7057348
"other",111,0.3292022,0.09125977,0.7057348
"other",112,0.3292022,0.09125977,0.7057348
"other",113,0.3292022,0.09125977,0.7057348
"other",114,0.3292022,0.09125977,0.7057348
"other",115,0.3292022,0.09125977,0.7057348
"other",116,0.3292022,0.09125977,0.7057348
"other",117,0.3292022,0.09125977,0.7057348
"other",118,0.3292022,0.09125977,0.7057348
"other",119,0.3292022,0.09125977,0.7057348
"other",120,0.3292022,0.09125977,0.7057348
"other",121,0.3292022,0.09125977,0.7057348
"other",122,0.3292022,0.09125977,0.7057348
"other",123,0.3292022,0.09125977,0.7057348
"other",124,0.3292022,0.09125977,0.7057348
"other",125,0.3292022,0.09125977,0.7057348
"other",126,0.3292022,0.09125977,0.7057348
"other",127,0.3292022,0.09125977,0.7057348
"other",128,0.3292022,0.09125977,0.7057348
"other",129,0.3292022,0.09125977,0.7057348
"other",130,0.3292022,0.09125977,0.7057348
"other",131,0.3292022,0.09125977,0.7057348
"other",132,0.3292022,0.09125977,0.7057348
"other",133,0.3292022,0.09125977,0.7057348
"other",134,0.3292022,0.09125977,0.7057348
"other",135,0.3292022,0.09125977,0.7057348
"other",136,0.3292022,0.09125977,0.7057348
"other",137,0.3292022,0.09125977,0.7057348
"other",138,0.3292022,0.09125977,0.7057348
"other",139,0.3292022,0.09125977,0.7057348
"other",140,0.3292022,0.09125977,0.7057348
"other",141,0.3292022,0.09125977,0.7057348
"other",142,0.3292022,0.09125977,0.7057348
"other",143,0.3292022,0.09125977,0.7057348
"other",144,0.3292022,0.09125977,0.7057348
"other",145,0.3292022,0.09125977,0.7057348
"other",146,0.3292022,0.09125977,0.7057348
"other",147,0.3292022,0.09125977,0.7057348
"other",148,0.3292022,0.09125977,0.7057348
"other",149,0.3292022,0.09125977,0.7057348
"other",150,0.3292022,0.09125977,0.7057348
"other",151,0.3292022,0.09125977,0.7057348
"other",152,0.3292022,0.09125977,0.7057348
"other",153,0.3292022,0.09125977,0.7057348
"other",154,0.3292022,0.09125977,0.7057348
"other",155,0.3292022,0.09125977,0.7057348
"other",156,0.3292022,0.09125977,0.7057348
"other",157,0.3292022,0.09125977,0.7057348
"other",158,0.3292022,0.09125977,0.7057348
"other",159,0.3292022,0.09125977,0.7057348
"other",160,0.3292022,0.09125977,0.7057348
"other",161,0.3292022,0.09125977,0.7057348
"other",162,0.3292022,0.09125977,0.7057348
"other",163,0.3292022,0.09125977,0.7057348
"other",164,0.3292022,0.09125977,0.7057348
"other",165,0.3292022,0.09125977,0.7057348
"other",166,0.3292022,0.09125977,0.7057348
"other",167,0.3292022,0.09125977,0.7057348
"other",168,0.3292022,0.09125977,0.7057348
"other",169,0.3292022,0.09125977,0.7057348
"other",170,0.3292022,0.09125977,0.7057348
"other",171,0.3292022,0.09125977,0.7057348
"other",172,0.3292022,0.09125977,0.7057348
"other",173,0.3292022,0.09125977,0.7057348
"other",174,0.3292022,0.09125977,0.7057348
"other",175,0.3292022,0.09125977,0.7057348
"other",176,0.3292022,0.09125977,0.7057348
"other",177,0.3292022,0.09125977,0.7057348
"other",178,0.3292022,0.09125977,0.7057348
"other",179,0.3292022,0.09125977,0.7057348
"other",180,0.3292022,0.09125977,0.7057348
"other",181,0.3292022,0.09125977,0.7057348
"other",182,0.3292022,0.09125977,0.7057348
"other",183,0.3292022,0.09125977,0.7057348
"other",184,0.3292022,0.09125977,0.7057348
"other",185,0.3292022,0.09125977,0.7057348
"other",186,0.3292022,0.09125977,0.7057348
"other",187,0.3292022,0.09125977,0.7057348
"other",188,0.3292022,0.09125977,0.7057348
"other",189,0.3292022,0.09125977,0.7057348
"other",190,0.3292022,0.09125977,0.7057348
"other",191,0.3292022,0.09125977,0.7057348
"other",192,0.3292022,0.09125977,0.7057348
"other",193,0.3292022,0.09125977,0.7057348
"other",194,0.3292022,0.09125977,0.7057348
"other",195,0.3292022,0.09125977,0.7057348
"other",196,0.3292022,0.09125977,0.7057348
"other",197,0.3292022,0.09125977,0.7057348
"other",198,0.3292022,0.09125977,0.7057348
"other",199,0.3292022,0.09125977,0.7057348
"other",200,0.3292022,0.09125977,0.7057348
"other",201,0.3292022,0.09125977,0.7057348
"other",202,0.3292022,0.09125977,0.7057348
"other",203,0.3292022,0.09125977,0.7057348
"other",204,0.3292022,0.09125977,0.7057348
"other",205,0.3292022,0.09125977,0.7057348
"other",206,0.3292022,0.09125977,0.7057348
"other",207,0.3292022,0.09125977,0.7057348
"other",208,0.3292022,0.09125977,0.7057348
"other",209,0.3292022,0.09125977,0.7057348
"other",210,0.3292022,0.09125977,0.7057348
"other",211,0.3292022,0.09125977,0.7057348
"other",212,0.3292022,0.09125977,0.7057348
"other",213,0.3292022,0.09125977,0.7057348
"other",214,0.3292022,0.09125977,0.7057348
"other",215,0.3292022,0.09125977,0.7057348
"other",216,0.3292022,0.09125977,0.7057348
"other",217,0.3292022,0.09125977,0.7057348
"other",218,0.3292022,0.09125977,0.7057348
"other",219,0.3292022,0.09125977,0.7057348
"other",220,0.3292022,0.09125977,0.7057348
"other",221,0.3292022,0.09125977,0.7057348
"other",222,0.3292022,0.09125977,0.7057348
"other",223,0.3292022,0.09125977,0.7057348
"other",224,0.3292022,0.09125977,0.7057348
"other",225,0.3292022,0.09125977,0.7057348
"other",226,0.3292022,0.09125977,0.7057348
"other",227,0.3292022,0.09125977,0.7057348
"other",228,0.3292022,0.09125977,0.7057348
"other",229,0.3292022,0.09125977,0.7057348
"other",230,0.3292022,0.09125977,0.7057348
"other",231,0.3292022,0.09125977,0.7057348
"other",232,0.3292022,0.09125977,0.7057348
"other",233,0.3292022,0.09125977,0.7057348
"other",234,0.3292022,0.09125977,0.7057348
"other",235,0.3292022,0.09125977,0.7057348
"other",236,0.3292022,0.09125977,0.7057348
"other",237,0.3292022,0.09125977,0.7057348
"other",238,0.3292022,0.09125977,0.7057348
"other",239,0.3292022,0.09125977,0.7057348
"other",240,0.3292022,0.09125977,0.7057348
"other",241,0.3292022,0.09125977,0.7057348
"other",242,0.3292022,0.09125977,0.7057348
"other",243,0.3292022,0.09125977,0.7057348
"other",244,0.3292022,0.09125977,0.7057348
"other",245,0.3292022,0.09125977,0.7057348
"other",246,0.3292022,0.09125977,0.7057348
"other",247,0.3292022,0.09125977,0.7057348
"other",248,0.3292022,0.09125977,0.7057348
"other",249,0.3292022,0.09125977,0.7057348
"other",250,0.3292022,0.09125977,0.7057348
"other",251,0.3292022,0.09125977,0.7057348
"other",252,0.3292022,0.09125977,0.7057348
"other",253,0.3292022,0.09125977,0.7057348
"other",254,0.3292022,0.09125977,0.7057348
"other",255,0.3292022,0.09125977,0.7057348
"other",256,0.3292022,0.09125977,0.7057348
"other",257,0.3292022,0.09125977,0.7057348
"other",258,0.3292022,0.09125977,0.7057348
"other",259,0.3292022,0.09125977,0.7057348
"other",260,0.3292022,0.09125977,0.7057348
"other",261,0.3292022,0.09125977,0.7057348
"other",262,0.3292022,0.09125977,0.7057348
"other",263,0.3292022,0.09125977,0.7057348
"other",264,0.3292022,0.09125977,0.7057348
"other",265,0.3292022,0.09125977,0.7057348
"other",266,0.3292022,0.09125977,0.7057348
"other",267,0.3292022,0.09125977,0.7057348
"other",268,0.3292022,0.09125977,0.7057348
"other",269,0.3292022,0.09125977,0.7057348
"other",270,0.3292022,0.09125977,0.7057348
"other",271,0.3292022,0.09125977,0.7057348
"other",272,0.3292022,0.09125977,0.7057348
"other",273,0.3292022,0.09125977,0.7057348
"other",274,0.3292022,0.09125977,0.7057348
"other",275,0.3292022,0.09125977,0.7057348
"other",276,0.3292022,0.09125977,0.7057348
"other",277,0.3292022,0.09125977,0.7057348
"other",278,0.3292022,0.09125977,0.7057348
"other",279,0.3292022,0.09125977,0.7057348
"other",280,0.3292022,0.09125977,0.7057348
"other",281,0.3292022,0.09125977,0.7057348
"other",282,0.3292022,0.09125977,0.7057348
"other",283,0.3292022,0.09125977,0.7057348
"other",284,0.3292022,0.09125977,0.7057348
"other",285,0.3292022,0.09125977,0.7057348
"other",286,0.3292022,0.09125977,0.7057348
"other",287,0.3292022,0.09125977,0.7057348
"other",288,0.3292022,0.09125977,0.7057348
"other",289,0.3292022,0.09125977,0.7057348
"other",290,0.3292022,0.09125977,0.7057348
"other",291,0.3292022,0.09125977,0.7057348
"other",292,0.3292022,0.09125977,0.7057348
"other",293,0.3292022,0.09125977,0.7057348
"other",294,0.3292022,0.09125977,0.7057348
"other",295,0.3292022,0.09125977,0.7057348
"other",296,0.3292022,0.09125977,0.7057348
"other",297,0.3292022,0.09125977,0.7057348
"other",298,0.3292022,0.09125977,0.7057348
"other",299,0.3292022,0.09125977,0.7057348
"other",300,0.3292022,0.09125977,0.7057348
"other",301,0.3292022,0.09125977,0.7057348
"other",302,0.3292022,0.09125977,0.7057348
"other",303,0.3292022,0.09125977,0.7057348
"other",304,0.3292022,0.09125977,0.7057348
"other",305,0.3292022,0.09125977,0.7057348
"other",306,0.3292022,0.09125977,0.7057348
"other",307,0.3292022,0.09125977,0.7057348
"other",308,0.3292022,0.09125977,0.7057348
"other",309,0.3292022,0.09125977,0.7057348
"other",310,0.3292022,0.09125977,0.7057348
"other",311,0.3292022,0.09125977,0.7057348
"other",312,0.3292022,0.09125977,0.7057348
"other",313,0.3292022,0.09125977,0.7057348
"other",314,0.3292022,0.09125977,0.7057348
"other",315,0.3292022,0.09125977,0.7057348
"other",316,0.3292022,0.09125977,0.7057348
"other",317,0.3292022,0.09125977,0.7057348
"other",318,0.3292022,0.09125977,0.7057348
"other",319,0.3292022,0.09125977,0.7057348
"corn_north",1,0,0,0
"corn_north",2,0,0,0
"corn_north",3,0,0,0
"corn_north",4,0,0,0
"corn_north",5,0,0,0
"corn_north",6,0,0,0
"corn_north",7,0,0,0
"corn_north",8,0,0,0
"corn_north",9,0,0,0
"corn_north",10,0,0,0
"corn_north",11,0,0,0
"corn_north",12,0,0,0
"corn_north",13,0,0,0
"corn_north",14,0,0,0
"corn_north",15,0,0,0
"corn_north",16,0,0,0
"corn_north",17,0,0,0
"corn_north",18,0,0,0
"corn_north",19,0,0,0
"corn_north",20,0,0,0
"corn_north",21,0,0,0
"corn_north",22,0,0,0
"corn_north",23,0,0,0
"corn_north",24,0,0,0
"corn_north",25,0,0,0
"corn_north",26,0,0,0
"corn_north",27,0,0,0
"corn_north",28,0,0,0
"corn_north",29,0,0,0
"corn_north",30,0,0,0
"corn_north",31,0,0,0
"corn_north",32,0,0,0
"corn_north",33,0,0,0
"corn_north",34,0,0,0
"corn_north",35,0,0,0
"corn_north",36,0,0,0
"corn_north",37,0,0,0
"corn_north",38,0,0,0
"corn_north",39,0,0,0
"corn_north",40,0,0,0
"corn_north",41,0,0,0
"corn_north",42,0,0,0
"corn_north",43,0,0,0
"corn_north",44,0,0,0
"corn_north",45,0,0,0
"corn_north",46,0,0,0
"corn_north",47,0,0,0
"corn_north",48,0,0,0
"corn_north",49,0,0,0
"corn_north",50,0,0,0
"corn_north",51,0,0,0
"corn_north",52,0,0,0
"corn_north",53,0,0,0
"corn_north",54,0,0,0
"corn_north",55,0,0,0
"corn_north",56,0,0,0
"corn_north",57,0,0,0
"corn_north",58,0,0,0
"corn_north",59,0,0,0
"corn_north",60,0,0,0
"corn_north",61,0,0,0
"corn_north",62,0,0,0
"corn_north",63,0.3292022,0.09125977,0.7057348
"corn_north",64,0.3292022,0.09125977,0.7057348
"corn_north",65,0.3292022,0.09125977,0.7057348
"corn_north",66,0.3292022,0.09125977,0.7057348
"corn_north",67,0.3292022,0.09125977,0.7057348
"corn_north",68,0.3292022,0.09125977,0.7057348
"corn_north",69,0.3292022,0.09125977,0.7057348
"corn_north",70,0.3292022,0.09125977,0.7057348
"corn_north",71,0.3292022,0.09125977,0.7057348
"corn_north",72,0.3292022,0.09125977,0.7057348
"corn_north",73,0.3292022,0.09125977,0.7057348
"corn_north",74,0.3292022,0.09125977,0.7057348
"corn_north",75,0.3292022,0.09125977,0.7057348
"corn_north",76,0.3292022,0.09125977,0.7057348
"corn_north",77,0.3292022,0.09125977,0.7057348
"corn_north",78,0.3292022,0.09125977,0.7057348
"corn_north",79,0.3292022,0.09125977,0.7057348
"corn_north",80,0.3292022,0.09125977,0.7057348
"corn_north",81,0.3292022,0.09125977,0.7057348
"corn_north",82,0.3292022,0.09125977,0.7057348
"corn_north",83,0.3292022,0.09125977,0.7057348
"corn_north",84,0.3292022,0.09125977,0.7057348
"corn_north",85,0.3292022,0.09125977,0.7057348
"corn_north",86,0.3292022,0.09125977,0.7057348
"corn_north",87,0.3292022,0.09125977,0.7057348
"corn_north",88,0.3292022,0.09125977,0.7057348
"corn_north",89,0.3292022,0.09125977,0.7057348
"corn_north",90,0.3292022,0.09125977,0.7057348
"corn_north",91,0.3292022,0.09125977,0.7057348
"corn_north",92,0.3292022,0.09125977,0.7057348
"corn_north",93,0.3292022,0.09125977,0.7057348
"corn_north",94,0.3292022,0.09125977,0.7057348
"corn_north",95,0.3292022,0.09125977,0.7057348
"corn_north",96,0.3292022,0.09125977,0.7057348
"corn_north",97,0.3292022,0.09125977,0.7057348
"corn_north",98,0.3292022,0.09125977,0.7057348
"corn_north",99,0.3292022,0.09125977,0.7057348
"corn_north",100,0.3292022,0.09125977,0.7057348
"corn_north",101,0.3292022,0.09125977,0.7057348
"corn_north",102,0.3292022,0.09125977,0.7057348
"corn_north",103,0.3292022,0.09125977,0.7057348
"corn_north",104,0.3292022,0.09125977,0.7057348
"corn_north",105,0.3292022,0.09125977,0.7057348
"corn_north",106,0.3292022,0.09125977,0.7057348
"corn_north",107,0.3292022,0.09125977,0.7057348
"corn_north",108,0.3292022,0.09125977,0.7057348
"corn_north",109,0.3292022,0.09125977,0.7057348
"corn_north",110,0.3292022,0.09125977,0.7057348
"corn_north",111,0.3292022,0.09125977,0.7057348
"corn_north",112,0.3292022,0.09125977,0.7057348
"corn_north",113,0.3292022,0.09125977,0.7057348
"corn_north",114,0.3292022,0.09125977,0.7057348
"corn_north",115,0.3292022,0.09125977,0.7057348
"corn_north",116,0.3292022,0.09125977,0.7057348
"corn_north",117,0.3292022,0.09125977,0.7057348
"corn_north",118,0.3292022,0.09125977,0.7057348
"corn_north",119,0.3292022,0.09125977,0.7057348
"corn_north",120,0.3292022,0.09125977,0.7057348
"corn_north",121,0.3292022,0.09125977,0.7057348
"corn_north",122,0.3292022,0.09125977,0.7057348
"corn_north",123,0.3292022,0.09125977,0.7057348
"corn_north",124,0.3292022,0.09125977,0.7057348
"corn_north",125,0.3292022,0.09125977,0.7057348
"corn_north",126,0.3292022,0.09125977,0.7057348
"corn_north",127,0.3292022,0.09125977,0.7057348
"corn_north",128,0.3292022,0.09125977,0.7057348
"corn_north",129,0.3292022,0.09125977,0.7057348
"corn_north",130,0.3292022,0.09125977,0.7057348
"corn_north",131,0.3292022,0.09125977,0.7057348
"corn_north",132,0.3292022,0.09125977,0.7057348
"corn_north",133,0.3292022,0.09125977,0.7057348
"corn_north",134,0.3292022,0.09125977,0.7057348
"corn_north",135,0.3292022,0.09125977,0.7057348
"corn_north",136,0.3292022,0.09125977,0.7057348
"corn_north",137,0.3292022,0.09125977,0.7057348
"corn_north",138,0.3292022,0.09125977,0.7057348
"corn_north",139,0.3292022,0.09125977,0.7057348
"corn_north",140,0.3292022,0.09125977,0.7057348
"corn_north",141,0.3292022,0.09125977,0.7057348
"corn_north",142,0.3292022,0.09125977,0.7057348
"corn_north",143,0.3292022,0.09125977,0.7057348
"corn_north",144,0.3292022,0.09125977,0.7057348
"corn_north",145,0.3292022,0.09125977,0.7057348
"corn_north",146,0.3292022,0.09125977,0.7057348
"corn_north",147,0.3292022,0.09125977,0.7057348
"corn_north",148,0.3292022,0.09125977,0.7057348
"corn_north",149,0.3292022,0.09125977,0.7057348
"corn_north",150,0.3292022,0.09125977,0.7057348
"corn_north",151,0.3292022,0.09125977,0.7057348
"corn_north",152,0.3292022,0.09125977,0.7057348
"corn_north",153,0.3292022,0.09125977,0.7057348
"corn_north",154,0.3292022,0.09125977,0.7057348
"corn_north",155,0.3292022,0.09125977,0.7057348
"corn_north",156,0.3292022,0.09125977,0.7057348
"corn_north",157,0.3292022,0.09125977,0.7057348
"corn_north",158,0.3292022,0.09125977,0.7057348
"corn_north",159,0.3292022,0.09125977,0.7057348
"corn_north",160,0.3292022,0.09125977,0.7057348
"corn_north",161,0.3292022,0.09125977,0.7057348
"corn_north",162,0.3292022,0.09125977,0.7057348
"corn_north",163,0.3292022,0.09125977,0.7057348
"corn_north",164,0.3292022,0.09125977,0.7057348
"corn_north",165,0.3292022,0.09125977,0.7057348
"corn_north",166,0.3292022,0.09125977,0.7057348
"corn_north",167,0.3292022,0.09125977,0.7057348
"corn_north",168,0.3292022,0.09125977,0.7057348
"corn_north",169,0.3292022,0.09125977,0.7057348
"corn_north",170,0.3292022,0.09125977,0.7057348
"corn_north",171,0.3292022,0.09125977,0.7057348
"corn_north",172,0.3292022,0.09125977,0.7057348
"corn_north",173,0.3292022,0.09125977,0.7057348
"corn_north",174,0.3292022,0.09125977,0.7057348
"corn_north",175,0.3292022,0.09125977,0.7057348
"corn_north",176,0.3292022,0.09125977,0.7057348
"corn_north",177,0.3292022,0.09125977,0.7057348
"corn_north",178,0.3292022,0.09125977,0.7057348
"corn_north",179,0.3292022,0.09125977,0.7057348
"corn_north",180,0.3292022,0.09125977,0.7057348
"corn_north",181,0.3292022,0.09125977,0.7057348
"corn_north",182,0.3292022,0.09125977,0.7057348
"corn_north",183,0.3292022,0.09125977,0.7057348
"corn_north",184,0.3292022,0.09125977,0.7057348
"corn_north",185,0.3292022,0.09125977,0.7057348
"corn_north",186,0.3292022,0.09125977,0.7057348
"corn_north",187,0.3292022,0.09125977,0.7057348
"corn_north",188,0.3292022,0.09125977,0.7057348
"corn_north",189,0.3292022,0.09125977,0.7057348
"corn_north",190,0.3292022,0.09125977,0.7057348
"corn_north",191,0.3292022,0.09125977,0.7057348
"corn_north",192,0.3292022,0.09125977,0.7057348
"corn_north",193,0.3292022,0.09125977,0.7057348
"corn_north",194,0.3292022,0.09125977,0.7057348
"corn_north",195,0.3292022,0.09125977,0.7057348
"corn_north",196,0.3292022,0.09125977,0.7057348
"corn_north",197,0.3292022,0.09125977,0.7057348
"corn_north",198,0.3292022,0.09125977,0.7057348
"corn_north",199,0.3292022,0.09125977,0.7057348
"corn_north",200,0.3292022,0.09125977,0.7057348
"corn_north",201,0.3292022,0.09125977,0.7057348
"corn_north",202,0.3292022,0.09125977,0.7057348
"corn_north",203,0.3292022,0.09125977,0.7057348
"corn_north",204,0.3292022,0.09125977,0.7057348
"corn_north",205,0.3292022,0.09125977,0.7057348
"corn_north",206,0.3292022,0.09125977,0.7057348
"corn_north",207,0.3292022,0.09125977,0.7057348
"corn_north",208,0.3292022,0.09125977,0.7057348
"corn_north",209,0.3292022,0.09125977,0.7057348
"corn_north",210,0.3292022,0.09125977,0.7057348
"corn_north",211,0.3292022,0.09125977,0.7057348
"corn_north",212,0.3292022,0.09125977,0.7057348
"corn_north",213,0.3292022,0.09125977,0.7057348
"corn_north",214,0.3292022,0.09125977,0.7057348
"corn_north",215,0.3292022,0.09125977,0.7057348
"corn_north",216,0.3292022,0.09125977,0.7057348
"corn_north",217,0.3292022,0.09125977,0.7057348
"corn_north",218,0.3292022,0.09125977,0.7057348
"corn_north",219,0.3292022,0.09125977,0.7057348
"corn_north",220,0.3292022,0.09125977,0.7057348
"corn_north",221,0.3292022,0.09125977,0.7057348
"corn_north",222,0.3292022,0.09125977,0.7057348
"corn_north",223,0.3292022,0.09125977,0.7057348
"corn_north",224,0.3292022,0.09125977,0.7057348
"corn_north",225,0.3292022,0.09125977,0.7057348
"corn_north",226,0.3292022,0.09125977,0.7057348
"corn_north",227,0.3292022,0.09125977,0.7057348
"corn_north",228,0.3292022,0.09125977,0.7057348
"corn_north",229,0.3292022,0.09125977,0.7057348
"corn_north",230,0.3292022,0.09125977,0.7057348
"corn_north",231,0.3292022,0.09125977,0.7057348
"corn_north",232,0.3292022,0.09125977,0.7057348
"corn_north",233,0.3292022,0.09125977,0.7057348
"corn_north",234,0.3292022,0.09125977,0.7057348
"corn_north",235,0.3292022,0.09125977,0.7057348
"corn_north",236,0.3292022,0.09125977,0.7057348
"corn_north",237,0.3292022,0.09125977,0.7057348
"corn_north",238,0.3292022,0.09125977,0.7057348
"corn_north",239,0.3292022,0.09125977,0.7057348
"corn_north",240,0.3292022,0.09125977,0.7057348
"corn_north",241,0.3292022,0.09125977,0.7057348
"corn_north",242,0.3292022,0.09125977,0.7057348
"corn_north",243,0.3292022,0.09125977,0.7057348
"corn_north",244,0.3292022,0.09125977,0.7057348
"corn_north",245,0.3292022,0.09125977,0.7057348
"corn_north",246,0.3292022,0.09125977,0.7057348
"corn_north",247,0.3292022,0.09125977,0.7057348
"corn_north",248,0.3292022,0.09125977,0.7057348
"corn_north",249,0.3292022,0.09125977,0.7057348
"corn_north",250,0.3292022,0.09125977,0.7057348
"corn_north",251,0.3292022,0.09125977,0.7057348
"corn_north",252,0.3292022,0.09125977,0.7057348
"corn_north",253,0.3292022,0.09125977,0.7057348
"corn_north",254,0.3292022,0.09125977,0.7057348
"corn_north",255,0.3292022,0.09125977,0.7057348
"corn_north",256,0.3292022,0.09125977,0.7057348
"corn_north",257,0.3292022,0.09125977,0.7057348
"corn_north",258,0.3292022,0.09125977,0.7057348
"corn_north",259,0.3292022,0.09125977,0.7057348
"corn_north",260,0.3292022,0.09125977,0.7057348
"corn_north",261,0.3292022,0.09125977,0.7057348
"corn_north",262,0.3292022,0.09125977,0.7057348
"corn_north",263,0.3292022,0.09125977,0.7057348
"corn_north",264,0.3292022,0.09125977,0.7057348
"corn_north",265,0.3292022,0.09125977,0.7057348
"corn_north",266,0.3292022,0.09125977,0.7057348
"corn_north",267,0.3292022,0.09125977,0.7057348
"corn_north",268,0.3292022,0.09125977,0.7057348
"corn_north",269,0.3292022,0.09125977,0.7057348
"corn_north",270,0.3292022,0.09125977,0.7057348
"corn_north",271,0.3292022,0.09125977,0.7057348
"corn_north",272,0.3292022,0.09125977,0.7057348
"corn_north",273,0.3292022,0.09125977,0.7057348
"corn_north",274,0.3292022,0.09125977,0.7057348
"corn_north",275,0.3292022,0.09125977,0.7057348
"corn_north",276,0.3292022,0.09125977,0.7057348
"corn_north",277,0.3292022,0.09125977,0.7057348
"corn_north",278,0.3292022,0.09125977,0.7057348
"corn_north",279,0.3292022,0.09125977,0.7057348
"corn_north",280,0.3292022,0.09125977,0.7057348
"corn_north",281,0.3292022,0.09125977,0.7057348
"corn_north",282,0.3292022,0.09125977,0.7057348
"corn_north",283,0.3292022,0.09125977,0.7057348
"corn_north",284,0.3292022,0.09125977,0.7057348
"corn_north",285,0.3292022,0.09125977,0.7057348
"corn_north",286,0.3292022,0.09125977,0.7057348
"corn_north",287,0.3292022,0.09125977,0.7057348
"corn_north",288,0.3292022,0.09125977,0.7057348
"corn_north",289,0.3292022,0.09125977,0.7057348
"corn_north",290,0.3292022,0.09125977,0.7057348
"corn_north",291,0.3292022,0.09125977,0.7057348
"corn_north",292,0.3292022,0.09125977,0.7057348
"corn_north",293,0.3292022,0.09125977,0.7057348
"corn_north",294,0.3292022,0.09125977,0.7057348
"corn_north",295,0.3292022,0.09125977,0.7057348
"corn_north",296,0.3292022,0.09125977,0.7057348
"corn_north",297,0.3292022,0.09125977,0.7057348
"corn_north",298,0.3292022,0.09125977,0.7057348
"corn_north",299,0.3292022,0.09125977,0.7057348
"corn_north",300,0.3292022,0.09125977,0.7057348
"corn_north",301,0.3292022,0.09125977,0.7057348
"corn_north",302,0.3292022,0.09125977,0.7057348
"corn_north",303,0.3292022,0.09125977,0.7057348
"corn_north",304,0.3292022,0.09125977,0.7057348
"corn_north",305,0.3292022,0.09125977,0.7057348
"corn_north",306,0.3292022,0.09125977,0.7057348
"corn_north",307,0.3292022,0.09125977,0.7057348
"corn_north",308,0.3292022,0.09125977,0.7057348
"corn_north",309,0.3292022,0.09125977,0.7057348
"corn_north",310,0.3292022,0.09125977,0.7057348
"corn_north",311,0.3292022,0.09125977,0.7057348
"corn_north",312,0.3292022,0.09125977,0.7057348
"corn_north",313,0.3292022,0.09125977,0.7057348
"corn_north",314,0.3292022,0.09125977,0.7057348
"corn_north",315,0.3292022,0.09125977,0.7057348
"corn_north",316,0.3292022,0.09125977,0.7057348
"corn_north",317,0.3292022,0.09125977,0.7057348
"corn_north",318,0.3292022,0.09125977,0.7057348
"corn_north",319,0.3292022,0.09125977,0.7057348
