time,corn,other,perm,rice,seas,group,br
1,0,0,0.1,0,0,2013-14,1
2,0,0,0.105,0,0,2013-14,1
3,0,0,0.11,0,0,2013-14,1
4,0,0,0.115,0,0,2013-14,1
5,0,0,0.12,0,0,2013-14,1
6,0,0,0.125,0,0,2013-14,1
7,0,0,0.13,0,0,2013-14,1
8,0,0,0.135,0,0,2013-14,1
9,0,0,0.14,0,0,2013-14,1
10,0,0,0.145,0,0,2013-14,1
11,0,0,0.15,0,0,2013-14,1
12,0,0,0.156,0,0,2013-14,1
13,0,0,0.162,0,0,2013-14,1
14,0,0,0.168,0,0,2013-14,1
15,0,0,0.174,0,0,2013-14,1
16,0,0,0.18,0,0,2013-14,1
17,0,0,0.188,0,0,2013-14,1
18,0,0,0.196,0,0,2013-14,1
19,0,0,0.204,0,0,2013-14,1
20,0,0,0.212,0,0,2013-14,1
21,0,0,0.22,0,0,2013-14,1
22,0,0,0.228,0,0,2013-14,1
23,0,0,0.236,0,0,2013-14,1
24,0,0,0.244,0,0,2013-14,1
25,0,0,0.252,0,0,2013-14,1
26,0,0,0.26,0,0,2013-14,1
27,0,0,0.266,0,0,2013-14,1
28,0,0,0.272,0,0,2013-14,1
29,0,0,0.278,0,0,2013-14,1
30,0,0,0.284,0,0,2013-14,1
31,0,0,0.29,0,1,2013-14,1
32,0,0,0.292,0,0.94,2013-14,1
33,0,0,0.294,0,0.88,2013-14,1
34,0,0,0.296,0,0.82,2013-14,1
35,0,0,0.298,0,0.76,2013-14,1
36,0,0,0.3,0,0.7,2013-14,1
37,0,0,0.3,0,0.66,2013-14,1
38,0,0,0.3,0,0.62,2013-14,1
39,0,0,0.3,0,0.58,2013-14,1
40,0,0,0.3,0,0.54,2013-14,1
41,0,0,0.3,0,0.5,2013-14,1
42,0,0,0.3,0,0.48,2013-14,1
43,0,0,0.3,0,0.46,2013-14,1
44,0,0,0.3,0,0.44,2013-14,1
45,0,0,0.3,0,0.42,2013-14,1
46,0,0,0.3,0,0.4,2013-14,1
47,0,0,0.3,0,0.392,2013-14,1
48,0,0,0.3,0,0.384,2013-14,1
49,0,0,0.3,0,0.376,2013-14,1
50,0,0,0.3,0,0.368,2013-14,1
51,0,0,0.3,0,0.36,2013-14,1
52,0,0,0.3,0,0.358,2013-14,1
53,0,0,0.3,0,0.356,2013-14,1
54,0,0,0.3,0,0.354,2013-14,1
55,0,0,0.3,0,0.352,2013-14,1
56,0,0,0.3,0,0.35,2013-14,1
57,0,0,0.3,0,0.35,2013-14,1
58,0,0,0.3,0,0.35,2013-14,1
59,0,0,0.3,0,0.35,2013-14,1
60,0,0,0.3,0,0.35,2013-14,1
61,0,0,0.3,0,0.35,2013-14,1
62,0,0,0.3,0,0.35,2013-14,1
63,0.3292022,0.3292022,0.3,0.999490544128018,0.35,2013-14,1
64,0.3292022,0.3292022,0.3,0.999345019820463,0.35,2013-14,1
65,0.3292022,0.3292022,0.3,0.999158865907601,0.35,2013-14,1
66,0.3292022,0.3292022,0.3,0.998921167584051,0.35,2013-14,1
67,0.3292022,0.3292022,0.3,0.998618250279282,0.35,2013-14,1
68,0.3292022,0.3292022,0.3,0.998233047333073,0.35,2013-14,1
69,0.3292022,0.3292022,0.3,0.997744347260197,0.35,2013-14,1
70,0.3292022,0.3292022,0.3,0.997125907959707,0.35,2013-14,1
71,0.3292022,0.3292022,0.3,0.996345450016809,0.35,2013-14,1
72,0.3292022,0.3292022,0.3,0.995363508256934,0.35,2013-14,1
73,0.3292022,0.3292022,0.3,0.994132122764958,0.35,2013-14,1
74,0.3292022,0.3292022,0.3,0.992593422512007,0.35,2013-14,1
75,0.3292022,0.3292022,0.3,0.990678131865435,0.35,2013-14,1
76,0.3292022,0.3292022,0.3,0.988304088440568,0.35,2013-14,1
77,0.3292022,0.3292022,0.3,0.985374967046886,0.35,2013-14,1
78,0.3292022,0.3292022,0.3,0.981779276454572,0.35,2013-14,1
79,0.3292022,0.3292022,0.3,0.977389737460015,0.35,2013-14,1
80,0.3292022,0.3292022,0.3,0.972063422212233,0.35,2013-14,1
81,0.3292022,0.3292022,0.3,0.965642967270931,0.35,2013-14,1
82,0.3292022,0.3292022,0.3,0.957959321850269,0.35,2013-14,1
83,0.3292022,0.3292022,0.3,0.948836427816461,0.35,2013-14,1
84,0.3292022,0.3292022,0.3,0.938097967496715,0.35,2013-14,1
85,0.3292022,0.3292022,0.3,0.925576162447759,0.35,2013-14,1
86,0.3292022,0.3292022,0.3,0.91112286772513,0.35,2013-14,1
87,0.3292022,0.3292022,0.3,0.894622277471035,0.35,2013-14,1
88,0.3292022,0.3292022,0.3,0.876004342615417,0.35,2013-14,1
89,0.3292022,0.3292022,0.3,0.855257682825273,0.35,2013-14,1
90,0.3292022,0.3292022,0.3,0.832440267364408,0.35,2013-14,1
91,0.3292022,0.3292022,0.3,0.807686043848812,0.35,2013-14,1
92,0.3292022,0.3292022,0.298,0.781206066043069,0.346,2013-14,1
93,0.3292022,0.3292022,0.296,0.753283224891166,0.342,2013-14,1
94,0.3292022,0.3292022,0.294,0.724260573375371,0.338,2013-14,1
95,0.3292022,0.3292022,0.292,0.694524233999811,0.334,2013-14,1
96,0.3292022,0.3292022,0.29,0.664482750920294,0.33,2013-14,1
97,0.3292022,0.3292022,0.284,0.634545279511143,0.317,2013-14,1
98,0.3292022,0.3292022,0.278,0.605101070565218,0.304,2013-14,1
99,0.3292022,0.3292022,0.272,0.576502315180738,0.291,2013-14,1
100,0.3292022,0.3292022,0.266,0.549051703061019,0.278,2013-14,1
101,0.3292022,0.3292022,0.26,0.522995210969676,0.265,2013-14,1
102,0.3292022,0.3292022,0.248,0.498519873864687,0.253,2013-14,1
103,0.3292022,0.3292022,0.236,0.475755733098283,0.241,2013-14,1
104,0.3292022,0.3292022,0.224,0.454780856532462,0.229,2013-14,1
105,0.3292022,0.3292022,0.212,0.435628265209629,0.217,2013-14,1
106,0.3292022,0.3292022,0.2,0.418293786809684,0.205,2013-14,1
107,0.3292022,0.3292022,0.19,0.402745440221539,0.195,2013-14,1
108,0.3292022,0.3292022,0.18,0.388932074700334,0.185,2013-14,1
109,0.3292022,0.3292022,0.17,0.37678804123913,0.175,2013-14,1
110,0.3292022,0.3292022,0.16,0.366236928763734,0.165,2013-14,1
111,0.3292022,0.3292022,0.15,0.357197084635163,0.155,2013-14,1
112,0.3292022,0.3292022,0.14,0.34958477861777,0.145,2013-14,1
113,0.3292022,0.3292022,0.13,0.343315168033956,0.135,2013-14,1
114,0.3292022,0.3292022,0.12,0.338303905549632,0.125,2013-14,1
115,0.3292022,0.3292022,0.11,0.334469173263861,0.115,2013-14,1
116,0.3292022,0.3292022,0.1,0.33173220166258,0.105,2013-14,1
117,0.3292022,0.3292022,0.092,0.33001674297223,0.096,2013-14,1
118,0.3292022,0.3292022,0.084,0.329250663553226,0.087,2013-14,1
119,0.3292022,0.3292022,0.076,0.329202202547086,0.078,2013-14,1
120,0.3292022,0.3292022,0.068,0.329202202547086,0.069,2013-14,1
121,0.3292022,0.3292022,0.06,0.329202202547086,0.06,2013-14,1
122,0.3292022,0.3292022,0.058,0.329202202547086,0.058,2013-14,1
123,0.3292022,0.3292022,0.056,0.329202202547086,0.056,2013-14,1
124,0.3292022,0.3292022,0.054,0.329202202547086,0.054,2013-14,1
125,0.3292022,0.3292022,0.052,0.329202202547086,0.052,2013-14,1
126,0.3292022,0.3292022,0.05,0.329202202547086,0.05,2013-14,1
127,0.3292022,0.3292022,0.05,0.329202202547086,0.05,2013-14,1
128,0.3292022,0.3292022,0.05,0.329202202547086,0.05,2013-14,1
129,0.3292022,0.3292022,0.05,0.329202202547086,0.05,2013-14,1
130,0.3292022,0.3292022,0.05,0.329202202547086,0.05,2013-14,1
131,0.3292022,0.3292022,0.05,0.329202202547086,0.05,2013-14,1
132,0.3292022,0.3292022,0.05,0.329202202547086,0.05,2013-14,1
133,0.3292022,0.3292022,0.05,0.329202202547086,0.05,2013-14,1
134,0.3292022,0.3292022,0.05,0.329202202547086,0.05,2013-14,1
135,0.3292022,0.3292022,0.05,0.329202202547086,0.05,2013-14,1
136,0.3292022,0.3292022,0.05,0.329202202547086,0.05,2013-14,1
137,0.3292022,0.3292022,0.05,0.329202202547086,0.05,2013-14,1
138,0.3292022,0.3292022,0.05,0.329202202547086,0.05,2013-14,1
139,0.3292022,0.3292022,0.05,0.329202202547086,0.05,2013-14,1
140,0.3292022,0.3292022,0.05,0.329202202547086,0.05,2013-14,1
141,0.3292022,0.3292022,0.05,0.329202202547086,0.05,2013-14,1
142,0.3292022,0.3292022,0.05,0.329202202547086,0.05,2013-14,1
143,0.3292022,0.3292022,0.05,0.329202202547086,0.05,2013-14,1
144,0.3292022,0.3292022,0.05,0.329202202547086,0.05,2013-14,1
145,0.3292022,0.3292022,0.05,0.329202202547086,0.05,2013-14,1
146,0.3292022,0.3292022,0.05,0.329202202547086,0.05,2013-14,1
147,0.3292022,0.3292022,0.05,0.329202202547086,0.05,2013-14,1
148,0.3292022,0.3292022,0.05,0.329202202547086,0.05,2013-14,1
149,0.3292022,0.3292022,0.05,0.329202202547086,0.05,2013-14,1
150,0.3292022,0.3292022,0.05,0.329202202547086,0.05,2013-14,1
151,0.3292022,0.3292022,0.05,0.329202202547086,0.05,2013-14,1
152,0.3292022,0.3292022,0.05,0.329202202547086,0.05,2013-14,1
153,0.3292022,0.3292022,0.05,0.329202202547086,0.05,2013-14,1
154,0.3292022,0.3292022,0.05,0.329202202547086,0.05,2013-14,1
155,0.3292022,0.3292022,0.05,0.329202202547086,0.05,2013-14,1
156,0.3292022,0.3292022,0.05,0.329202202547086,0.05,2013-14,1
157,0.3292022,0.3292022,0.05,0.329202202547086,0.05,2013-14,1
158,0.3292022,0.3292022,0.05,0.329202202547086,0.05,2013-14,1
159,0.3292022,0.3292022,0.05,0.329202202547086,0.05,2013-14,1
160,0.3292022,0.3292022,0.05,0.329202202547086,0.05,2013-14,1
161,0.3292022,0.3292022,0.05,0.329202202547086,0.05,2013-14,1
162,0.3292022,0.3292022,0.05,0.329202202547086,0.05,2013-14,1
163,0.3292022,0.3292022,0.05,0.329202202547086,0.05,2013-14,1
164,0.3292022,0.3292022,0.05,0.329202202547086,0.05,2013-14,1
165,0.3292022,0.3292022,0.05,0.329202202547086,0.05,2013-14,1
166,0.3292022,0.3292022,0.05,0.329202202547086,0.05,2013-14,1
167,0.3292022,0.3292022,0.05,0.329202202547086,0.05,2013-14,1
168,0.3292022,0.3292022,0.05,0.329202202547086,0.05,2013-14,1
169,0.3292022,0.3292022,0.05,0.329202202547086,0.05,2013-14,1
170,0.3292022,0.3292022,0.05,0.329202202547086,0.05,2013-14,1
171,0.3292022,0.3292022,0.05,0.329202202547086,0.05,2013-14,1
172,0.3292022,0.3292022,0.05,0.329202202547086,0.05,2013-14,1
173,0.3292022,0.3292022,0.05,0.329202202547086,0.05,2013-14,1
174,0.3292022,0.3292022,0.05,0.329202202547086,0.05,2013-14,1
175,0.3292022,0.3292022,0.05,0.329250663553226,0.05,2013-14,1
176,0.3292022,0.3292022,0.05,0.329519361203668,0.05,2013-14,1
177,0.3292022,0.3292022,0.05,0.33001674297223,0.05,2013-14,1
178,0.3292022,0.3292022,0.05,0.330751404051093,0.05,2013-14,1
179,0.3292022,0.3292022,0.05,0.33173220166258,0.05,2013-14,1
180,0.3292022,0.3292022,0.05,0.33296830307038,0.05,2013-14,1
181,0.3292022,0.3292022,0.05,0.334469173263861,0.05,2013-14,1
182,0.3292022,0.3292022,0.05,0.336244449071223,0.05,2013-14,1
183,0.3292022,0.3292022,0.05,0.338303905549632,0.05,2013-14,1
184,0.3292022,0.3292022,0.05,0.34065745158624,0.05,2013-14,1
185,0.3292022,0.3292022,0.05,0.343315168033956,0.05,2013-14,1
186,0.3292022,0.3292022,0.05,0.346287436058804,0.05,2013-14,1
187,0.3292022,0.3292022,0.05,0.34958477861777,0.05,2013-14,1
188,0.3292022,0.3292022,0.05,0.35321778683419103,0.05,2013-14,1
189,0.3292022,0.3292022,0.05,0.357197084635163,0.05,2013-14,1
190,0.3292022,0.3292022,0.05,0.3615332838648,0.05,2013-14,1
191,0.3292022,0.3292022,0.05,0.366236928763734,0.05,2013-14,1
192,0.3292022,0.3292022,0.05,0.37131842870954,0.05,2013-14,1
193,0.3292022,0.3292022,0.05,0.37678804123913,0.05,2013-14,1
194,0.3292022,0.3292022,0.05,0.382655970474873,0.05,2013-14,1
195,0.3292022,0.3292022,0.05,0.388932074700334,0.05,2013-14,1
196,0.3292022,0.3292022,0.05,0.395625680067724,0.05,2013-14,1
197,0.3292022,0.3292022,0.05,0.402745440221539,0.05,2013-14,1
198,0.3292022,0.3292022,0.05,0.410299179158445,0.05,2013-14,1
199,0.3292022,0.3292022,0.05,0.418293786809684,0.05,2013-14,1
200,0.3292022,0.3292022,0.05,0.426735240277516,0.05,2013-14,1
201,0.3292022,0.3292022,0.05,0.435628265209629,0.05,2013-14,1
202,0.3292022,0.3292022,0.05,0.444976260057546,0.05,2013-14,1
203,0.3292022,0.3292022,0.05,0.454780856532462,0.05,2013-14,1
204,0.3292022,0.3292022,0.05,0.465041606519073,0.05,2013-14,1
205,0.3292022,0.3292022,0.05,0.475755733098283,0.05,2013-14,1
206,0.3292022,0.3292022,0.05,0.486917881188935,0.05,2013-14,1
207,0.3292022,0.3292022,0.05,0.498519873864687,0.05,2013-14,1
208,0.3292022,0.3292022,0.05,0.510550481394878,0.05,2013-14,1
209,0.3292022,0.3292022,0.05,0.522995210969676,0.05,2013-14,1
210,0.3292022,0.3292022,0.05,0.53583612583067,0.05,2013-14,1
211,0.3292022,0.3292022,0.05,0.549051703061019,0.05,2013-14,1
212,0.3292022,0.3292022,0.05,0.562616739512575,0.05,2013-14,1
213,0.3292022,0.3292022,0.05,0.576502315180738,0.05,2013-14,1
214,0.3292022,0.3292022,0.05,0.590675822709571,0.05,2013-14,1
215,0.3292022,0.3292022,0.05,0.605101070565218,0.05,2013-14,1
216,0.3292022,0.3292022,0.05,0.619738465726274,0.05,2013-14,1
217,0.3292022,0.3292022,0.05,0.634545279511143,0.052,2013-14,1
218,0.3292022,0.3292022,0.05,0.649475997441523,0.054,2013-14,1
219,0.3292022,0.3292022,0.05,0.664482750920294,0.056,2013-14,1
220,0.3292022,0.3292022,0.05,0.679515825118712,0.058,2013-14,1
221,0.3292022,0.3292022,0.05,0.694524233999811,0.06,2013-14,1
222,0.3292022,0.3292022,0.05,0.709456350060332,0.064,2013-14,1
223,0.3292022,0.3292022,0.05,0.724260573375371,0.068,2013-14,1
224,0.3292022,0.3292022,0.05,0.738886022097597,0.072,2013-14,1
225,0.3292022,0.3292022,0.05,0.753283224891166,0.076,2013-14,1
226,0.3292022,0.3292022,0.05,0.767404795019385,0.08,2013-14,1
227,0.3292022,0.3292022,0.05,0.781206066043069,0.09,2013-14,1
228,0.3292022,0.3292022,0.05,0.794645670338609,0.1,2013-14,1
229,0.3292022,0.3292022,0.05,0.807686043848812,0.11,2013-14,1
230,0.3292022,0.3292022,0.05,0.820293843500497,0.12,2013-14,1
231,0.3292022,0.3292022,0.05,0.832440267364408,0.13,2013-14,1
232,0.3292022,0.3292022,0.05,0.844101271656399,0.144,2013-14,1
233,0.3292022,0.3292022,0.05,0.855257682825273,0.158,2013-14,1
234,0.3292022,0.3292022,0.05,0.865895206986774,0.172,2013-14,1
235,0.3292022,0.3292022,0.05,0.876004342615417,0.186,2013-14,1
236,0.3292022,0.3292022,0.05,0.885580205509739,0.2,2013-14,1
237,0.3292022,0.3292022,0.05,0.894622277471035,0.214,2013-14,1
238,0.3292022,0.3292022,0.05,0.903134091810114,0.228,2013-14,1
239,0.3292022,0.3292022,0.05,0.91112286772513,0.242,2013-14,1
240,0.3292022,0.3292022,0.05,0.918599104325224,0.256,2013-14,1
241,0.3292022,0.3292022,0.05,0.925576162447759,0.27,2013-14,1
242,0.3292022,0.3292022,0.05,0.932069845430616,0.284,2013-14,1
243,0.3292022,0.3292022,0.05,0.938097967496715,0.298,2013-14,1
244,0.3292022,0.3292022,0.05,0.943679951051546,0.312,2013-14,1
245,0.3292022,0.3292022,0.05,0.948836427816461,0.326,2013-14,1
246,0.3292022,0.3292022,0.05,0.953588885412268,0.34,2013-14,1
247,0.3292022,0.3292022,0.05,0.957959321850269,0.354,2013-14,1
248,0.3292022,0.3292022,0.05,0.961969952506505,0.368,2013-14,1
249,0.3292022,0.3292022,0.05,0.965642967270931,0.382,2013-14,1
250,0.3292022,0.3292022,0.05,0.969000299829525,0.396,2013-14,1
251,0.3292022,0.3292022,0.05,0.972063422212233,0.41,2013-14,1
252,0.3292022,0.3292022,0.05,0.974853196780454,0.424,2013-14,1
253,0.3292022,0.3292022,0.05,0.977389737460015,0.438,2013-14,1
254,0.3292022,0.3292022,0.05,0.979692312435719,0.452,2013-14,1
255,0.3292022,0.3292022,0.05,0.981779276454572,0.466,2013-14,1
256,0.3292022,0.3292022,0.05,0.983668024926722,0.48,2013-14,1
257,0.3292022,0.3292022,0.05,0.985374967046886,0.494,2013-14,1
258,0.3292022,0.3292022,0.05,0.986915515247729,0.508,2013-14,1
259,0.3292022,0.3292022,0.05,0.988304088440568,0.522,2013-14,1
260,0.3292022,0.3292022,0.05,0.989554129026318,0.536,2013-14,1
261,0.3292022,0.3292022,0.05,0.990678131865435,0.55,2013-14,1
262,0.3292022,0.3292022,0.05,0.991687667662643,0.564,2013-14,1
263,0.3292022,0.3292022,0.05,0.992593422512007,0.578,2013-14,1
264,0.3292022,0.3292022,0.05,0.993405231631404,0.592,2013-14,1
265,0.3292022,0.3292022,0.05,0.994132122764958,0.606,2013-14,1
266,0.3292022,0.3292022,0.05,0.994782363373059,0.62,2013-14,1
267,0.3292022,0.3292022,0.05,0.995363508256934,0.632,2013-14,1
268,0.3292022,0.3292022,0.05,0.995882446908779,0.644,2013-14,1
269,0.3292022,0.3292022,0.05,0.996345450016809,0.656,2013-14,1
270,0.3292022,0.3292022,0.05,0.9967582146759,0.668,2013-14,1
271,0.3292022,0.3292022,0.05,0.997125907959707,0.68,2013-14,1
272,0.3292022,0.3292022,0.05,0.997453208600355,0.692,2013-14,1
273,0.3292022,0.3292022,0.05,0.997744347260197,0.704,2013-14,1
274,0.3292022,0.3292022,0.05,0.99800314533795,0.716,2013-14,1
275,0.3292022,0.3292022,0.05,0.999490544128018,0.728,2013-14,1
276,0.3292022,0.3292022,0.05,0.999345019820463,0.74,2013-14,1
277,0.3292022,0.3292022,0.05,0.999158865907601,0.75,2013-14,1
278,0.3292022,0.3292022,0.05,0.998921167584051,0.76,2013-14,1
279,0.3292022,0.3292022,0.05,0.998618250279282,0.77,2013-14,1
280,0.3292022,0.3292022,0.05,0.998233047333073,0.78,2013-14,1
281,0.3292022,0.3292022,0.05,0.997744347260197,0.79,2013-14,1
282,0.3292022,0.3292022,0.05,0.997125907959707,0.798,2013-14,1
283,0.3292022,0.3292022,0.05,0.996345450016809,0.806,2013-14,1
284,0.3292022,0.3292022,0.05,0.995363508256934,0.814,2013-14,1
285,0.3292022,0.3292022,0.05,0.994132122764958,0.822,2013-14,1
286,0.3292022,0.3292022,0.05,0.992593422512007,0.83,2013-14,1
287,0.3292022,0.3292022,0.05,0.990678131865435,0.838,2013-14,1
288,0.3292022,0.3292022,0.05,0.988304088440568,0.846,2013-14,1
289,0.3292022,0.3292022,0.05,0.985374967046886,0.854,2013-14,1
290,0.3292022,0.3292022,0.05,0.981779276454572,0.862,2013-14,1
291,0.3292022,0.3292022,0.05,0.977389737460015,0.87,2013-14,1
292,0.3292022,0.3292022,0.05,0.972063422212233,0.876,2013-14,1
293,0.3292022,0.3292022,0.05,0.965642967270931,0.882,2013-14,1
294,0.3292022,0.3292022,0.05,0.957959321850269,0.888,2013-14,1
295,0.3292022,0.3292022,0.05,0.948836427816461,0.894,2013-14,1
296,0.3292022,0.3292022,0.05,0.938097967496715,0.9,2013-14,1
297,0.3292022,0.3292022,0.05,0.925576162447759,0.906,2013-14,1
298,0.3292022,0.3292022,0.05,0.91112286772513,0.912,2013-14,1
299,0.3292022,0.3292022,0.05,0.894622277471035,0.918,2013-14,1
300,0.3292022,0.3292022,0.05,0.876004342615417,0.924,2013-14,1
301,0.3292022,0.3292022,0.05,0.855257682825273,0.93,2013-14,1
302,0.3292022,0.3292022,0.05,0.832440267364408,0.936,2013-14,1
303,0.3292022,0.3292022,0.05,0.807686043848812,0.942,2013-14,1
304,0.3292022,0.3292022,0.05,0.781206066043069,0.948,2013-14,1
305,0.3292022,0.3292022,0.05,0.753283224891166,0.954,2013-14,1
306,0.3292022,0.3292022,0.05,0.724260573375371,0.96,2013-14,1
307,0.3292022,0.3292022,0.05,0.694524233999811,0.964,2013-14,1
308,0.3292022,0.3292022,0.05,0.664482750920294,0.968,2013-14,1
309,0.3292022,0.3292022,0.05,0.634545279511143,0.972,2013-14,1
310,0.3292022,0.3292022,0.05,0.605101070565218,0.976,2013-14,1
311,0.3292022,0.3292022,0.05,0.576502315180738,0.98,2013-14,1
312,0.3292022,0.3292022,0.05,0.549051703061019,0.983,2013-14,1
313,0.3292022,0.3292022,0.05,0.522995210969676,0.986,2013-14,1
314,0.3292022,0.3292022,0.05,0.498519873864687,0.989,2013-14,1
315,0.3292022,0.3292022,0.05,0.475755733098283,0.992,2013-14,1
316,0.3292022,0.3292022,0.05,0.454780856532462,0.995,2013-14,1
317,0.3292022,0.3292022,0.05,0.435628265209629,0.996666666666667,2013-14,1
318,0.3292022,0.3292022,0.05,0.418293786809684,0.998333333333333,2013-14,1
319,0.3292022,0.3292022,0.05,0.402745440221539,1,2013-14,1
1,0,0,0.1,0,0,2014-15,1
2,0,0,0.105,0,0,2014-15,1
3,0,0,0.11,0,0,2014-15,1
4,0,0,0.115,0,0,2014-15,1
5,0,0,0.12,0,0,2014-15,1
6,0,0,0.125,0,0,2014-15,1
7,0,0,0.13,0,0,2014-15,1
8,0,0,0.135,0,0,2014-15,1
9,0,0,0.14,0,0,2014-15,1
10,0,0,0.145,0,0,2014-15,1
11,0,0,0.15,0,0,2014-15,1
12,0,0,0.156,0,0,2014-15,1
13,0,0,0.162,0,0,2014-15,1
14,0,0,0.168,0,0,2014-15,1
15,0,0,0.174,0,0,2014-15,1
16,0,0,0.18,0,0,2014-15,1
17,0,0,0.188,0,0,2014-15,1
18,0,0,0.196,0,0,2014-15,1
19,0,0,0.204,0,0,2014-15,1
20,0,0,0.212,0,0,2014-15,1
21,0,0,0.22,0,0,2014-15,1
22,0,0,0.228,0,0,2014-15,1
23,0,0,0.236,0,0,2014-15,1
24,0,0,0.244,0,0,2014-15,1
25,0,0,0.252,0,0,2014-15,1
26,0,0,0.26,0,0,2014-15,1
27,0,0,0.266,0,0,2014-15,1
28,0,0,0.272,0,0,2014-15,1
29,0,0,0.278,0,0,2014-15,1
30,0,0,0.284,0,0,2014-15,1
31,0,0,0.29,0,1,2014-15,1
32,0,0,0.292,0,0.94,2014-15,1
33,0,0,0.294,0,0.88,2014-15,1
34,0,0,0.296,0,0.82,2014-15,1
35,0,0,0.298,0,0.76,2014-15,1
36,0,0,0.3,0,0.7,2014-15,1
37,0,0,0.3,0,0.66,2014-15,1
38,0,0,0.3,0,0.62,2014-15,1
39,0,0,0.3,0,0.58,2014-15,1
40,0,0,0.3,0,0.54,2014-15,1
41,0,0,0.3,0,0.5,2014-15,1
42,0,0,0.3,0,0.48,2014-15,1
43,0,0,0.3,0,0.46,2014-15,1
44,0,0,0.3,0,0.44,2014-15,1
45,0,0,0.3,0,0.42,2014-15,1
46,0,0,0.3,0,0.4,2014-15,1
47,0,0,0.3,0,0.392,2014-15,1
48,0,0,0.3,0,0.384,2014-15,1
49,0,0,0.3,0,0.376,2014-15,1
50,0,0,0.3,0,0.368,2014-15,1
51,0,0,0.3,0,0.36,2014-15,1
52,0,0,0.3,0,0.358,2014-15,1
53,0,0,0.3,0,0.356,2014-15,1
54,0,0,0.3,0,0.354,2014-15,1
55,0,0,0.3,0,0.352,2014-15,1
56,0,0,0.3,0,0.35,2014-15,1
57,0,0,0.3,0,0.35,2014-15,1
58,0,0,0.3,0,0.35,2014-15,1
59,0,0,0.3,0,0.35,2014-15,1
60,0,0,0.3,0,0.35,2014-15,1
61,0,0,0.3,0,0.35,2014-15,1
62,0,0,0.3,0,0.35,2014-15,1
63,0.3292022,0.3292022,0.3,0.999490544128018,0.35,2014-15,1
64,0.3292022,0.3292022,0.3,0.999345019820463,0.35,2014-15,1
65,0.3292022,0.3292022,0.3,0.999158865907601,0.35,2014-15,1
66,0.3292022,0.3292022,0.3,0.998921167584051,0.35,2014-15,1
67,0.3292022,0.3292022,0.3,0.998618250279282,0.35,2014-15,1
68,0.3292022,0.3292022,0.3,0.998233047333073,0.35,2014-15,1
69,0.3292022,0.3292022,0.3,0.997744347260197,0.35,2014-15,1
70,0.3292022,0.3292022,0.3,0.997125907959707,0.35,2014-15,1
71,0.3292022,0.3292022,0.3,0.996345450016809,0.35,2014-15,1
72,0.3292022,0.3292022,0.3,0.995363508256934,0.35,2014-15,1
73,0.3292022,0.3292022,0.3,0.994132122764958,0.35,2014-15,1
74,0.3292022,0.3292022,0.3,0.992593422512007,0.35,2014-15,1
75,0.3292022,0.3292022,0.3,0.990678131865435,0.35,2014-15,1
76,0.3292022,0.3292022,0.3,0.988304088440568,0.35,2014-15,1
77,0.3292022,0.3292022,0.3,0.985374967046886,0.35,2014-15,1
78,0.3292022,0.3292022,0.3,0.981779276454572,0.35,2014-15,1
79,0.3292022,0.3292022,0.3,0.977389737460015,0.35,2014-15,1
80,0.3292022,0.3292022,0.3,0.972063422212233,0.35,2014-15,1
81,0.3292022,0.3292022,0.3,0.965642967270931,0.35,2014-15,1
82,0.3292022,0.3292022,0.3,0.957959321850269,0.35,2014-15,1
83,0.3292022,0.3292022,0.3,0.948836427816461,0.35,2014-15,1
84,0.3292022,0.3292022,0.3,0.938097967496715,0.35,2014-15,1
85,0.3292022,0.3292022,0.3,0.925576162447759,0.35,2014-15,1
86,0.3292022,0.3292022,0.3,0.91112286772513,0.35,2014-15,1
87,0.3292022,0.3292022,0.3,0.894622277471035,0.35,2014-15,1
88,0.3292022,0.3292022,0.3,0.876004342615417,0.35,2014-15,1
89,0.3292022,0.3292022,0.3,0.855257682825273,0.35,2014-15,1
90,0.3292022,0.3292022,0.3,0.832440267364408,0.35,2014-15,1
91,0.3292022,0.3292022,0.3,0.807686043848812,0.35,2014-15,1
92,0.3292022,0.3292022,0.298,0.781206066043069,0.346,2014-15,1
93,0.3292022,0.3292022,0.296,0.753283224891166,0.342,2014-15,1
94,0.3292022,0.3292022,0.294,0.724260573375371,0.338,2014-15,1
95,0.3292022,0.3292022,0.292,0.694524233999811,0.334,2014-15,1
96,0.3292022,0.3292022,0.29,0.664482750920294,0.33,2014-15,1
97,0.3292022,0.3292022,0.284,0.634545279511143,0.317,2014-15,1
98,0.3292022,0.3292022,0.278,0.605101070565218,0.304,2014-15,1
99,0.3292022,0.3292022,0.272,0.576502315180738,0.291,2014-15,1
100,0.3292022,0.3292022,0.266,0.549051703061019,0.278,2014-15,1
101,0.3292022,0.3292022,0.26,0.522995210969676,0.265,2014-15,1
102,0.3292022,0.3292022,0.248,0.498519873864687,0.253,2014-15,1
103,0.3292022,0.3292022,0.236,0.475755733098283,0.241,2014-15,1
104,0.3292022,0.3292022,0.224,0.454780856532462,0.229,2014-15,1
105,0.3292022,0.3292022,0.212,0.435628265209629,0.217,2014-15,1
106,0.3292022,0.3292022,0.2,0.418293786809684,0.205,2014-15,1
107,0.3292022,0.3292022,0.19,0.402745440221539,0.195,2014-15,1
108,0.3292022,0.3292022,0.18,0.388932074700334,0.185,2014-15,1
109,0.3292022,0.3292022,0.17,0.37678804123913,0.175,2014-15,1
110,0.3292022,0.3292022,0.16,0.366236928763734,0.165,2014-15,1
111,0.3292022,0.3292022,0.15,0.357197084635163,0.155,2014-15,1
112,0.3292022,0.3292022,0.14,0.34958477861777,0.145,2014-15,1
113,0.3292022,0.3292022,0.13,0.343315168033956,0.135,2014-15,1
114,0.3292022,0.3292022,0.12,0.338303905549632,0.125,2014-15,1
115,0.3292022,0.3292022,0.11,0.334469173263861,0.115,2014-15,1
116,0.3292022,0.3292022,0.1,0.33173220166258,0.105,2014-15,1
117,0.3292022,0.3292022,0.092,0.33001674297223,0.096,2014-15,1
118,0.3292022,0.3292022,0.084,0.329250663553226,0.087,2014-15,1
119,0.3292022,0.3292022,0.076,0.329202202547086,0.078,2014-15,1
120,0.3292022,0.3292022,0.068,0.329202202547086,0.069,2014-15,1
121,0.3292022,0.3292022,0.06,0.329202202547086,0.06,2014-15,1
122,0.3292022,0.3292022,0.058,0.329202202547086,0.058,2014-15,1
123,0.3292022,0.3292022,0.056,0.329202202547086,0.056,2014-15,1
124,0.3292022,0.3292022,0.054,0.329202202547086,0.054,2014-15,1
125,0.3292022,0.3292022,0.052,0.329202202547086,0.052,2014-15,1
126,0.3292022,0.3292022,0.05,0.329202202547086,0.05,2014-15,1
127,0.3292022,0.3292022,0.05,0.329202202547086,0.05,2014-15,1
128,0.3292022,0.3292022,0.05,0.329202202547086,0.05,2014-15,1
129,0.3292022,0.3292022,0.05,0.329202202547086,0.05,2014-15,1
130,0.3292022,0.3292022,0.05,0.329202202547086,0.05,2014-15,1
131,0.3292022,0.3292022,0.05,0.329202202547086,0.05,2014-15,1
132,0.3292022,0.3292022,0.05,0.329202202547086,0.05,2014-15,1
133,0.3292022,0.3292022,0.05,0.329202202547086,0.05,2014-15,1
134,0.3292022,0.3292022,0.05,0.329202202547086,0.05,2014-15,1
135,0.3292022,0.3292022,0.05,0.329202202547086,0.05,2014-15,1
136,0.3292022,0.3292022,0.05,0.329202202547086,0.05,2014-15,1
137,0.3292022,0.3292022,0.05,0.329202202547086,0.05,2014-15,1
138,0.3292022,0.3292022,0.05,0.329202202547086,0.05,2014-15,1
139,0.3292022,0.3292022,0.05,0.329202202547086,0.05,2014-15,1
140,0.3292022,0.3292022,0.05,0.329202202547086,0.05,2014-15,1
141,0.3292022,0.3292022,0.05,0.329202202547086,0.05,2014-15,1
142,0.3292022,0.3292022,0.05,0.329202202547086,0.05,2014-15,1
143,0.3292022,0.3292022,0.05,0.329202202547086,0.05,2014-15,1
144,0.3292022,0.3292022,0.05,0.329202202547086,0.05,2014-15,1
145,0.3292022,0.3292022,0.05,0.329202202547086,0.05,2014-15,1
146,0.3292022,0.3292022,0.05,0.329202202547086,0.05,2014-15,1
147,0.3292022,0.3292022,0.05,0.329202202547086,0.05,2014-15,1
148,0.3292022,0.3292022,0.05,0.329202202547086,0.05,2014-15,1
149,0.3292022,0.3292022,0.05,0.329202202547086,0.05,2014-15,1
150,0.3292022,0.3292022,0.05,0.329202202547086,0.05,2014-15,1
151,0.3292022,0.3292022,0.05,0.329202202547086,0.05,2014-15,1
152,0.3292022,0.3292022,0.05,0.329202202547086,0.05,2014-15,1
153,0.3292022,0.3292022,0.05,0.329202202547086,0.05,2014-15,1
154,0.3292022,0.3292022,0.05,0.329202202547086,0.05,2014-15,1
155,0.3292022,0.3292022,0.05,0.329202202547086,0.05,2014-15,1
156,0.3292022,0.3292022,0.05,0.329202202547086,0.05,2014-15,1
157,0.3292022,0.3292022,0.05,0.329202202547086,0.05,2014-15,1
158,0.3292022,0.3292022,0.05,0.329202202547086,0.05,2014-15,1
159,0.3292022,0.3292022,0.05,0.329202202547086,0.05,2014-15,1
160,0.3292022,0.3292022,0.05,0.329202202547086,0.05,2014-15,1
161,0.3292022,0.3292022,0.05,0.329202202547086,0.05,2014-15,1
162,0.3292022,0.3292022,0.05,0.329202202547086,0.05,2014-15,1
163,0.3292022,0.3292022,0.05,0.329202202547086,0.05,2014-15,1
164,0.3292022,0.3292022,0.05,0.329202202547086,0.05,2014-15,1
165,0.3292022,0.3292022,0.05,0.329202202547086,0.05,2014-15,1
166,0.3292022,0.3292022,0.05,0.329202202547086,0.05,2014-15,1
167,0.3292022,0.3292022,0.05,0.329202202547086,0.05,2014-15,1
168,0.3292022,0.3292022,0.05,0.329202202547086,0.05,2014-15,1
169,0.3292022,0.3292022,0.05,0.329202202547086,0.05,2014-15,1
170,0.3292022,0.3292022,0.05,0.329202202547086,0.05,2014-15,1
171,0.3292022,0.3292022,0.05,0.329202202547086,0.05,2014-15,1
172,0.3292022,0.3292022,0.05,0.329202202547086,0.05,2014-15,1
173,0.3292022,0.3292022,0.05,0.329202202547086,0.05,2014-15,1
174,0.3292022,0.3292022,0.05,0.329202202547086,0.05,2014-15,1
175,0.3292022,0.3292022,0.05,0.329250663553226,0.05,2014-15,1
176,0.3292022,0.3292022,0.05,0.329519361203668,0.05,2014-15,1
177,0.3292022,0.3292022,0.05,0.33001674297223,0.05,2014-15,1
178,0.3292022,0.3292022,0.05,0.330751404051093,0.05,2014-15,1
179,0.3292022,0.3292022,0.05,0.33173220166258,0.05,2014-15,1
180,0.3292022,0.3292022,0.05,0.33296830307038,0.05,2014-15,1
181,0.3292022,0.3292022,0.05,0.334469173263861,0.05,2014-15,1
182,0.3292022,0.3292022,0.05,0.336244449071223,0.05,2014-15,1
183,0.3292022,0.3292022,0.05,0.338303905549632,0.05,2014-15,1
184,0.3292022,0.3292022,0.05,0.34065745158624,0.05,2014-15,1
185,0.3292022,0.3292022,0.05,0.343315168033956,0.05,2014-15,1
186,0.3292022,0.3292022,0.05,0.346287436058804,0.05,2014-15,1
187,0.3292022,0.3292022,0.05,0.34958477861777,0.05,2014-15,1
188,0.3292022,0.3292022,0.05,0.35321778683419103,0.05,2014-15,1
189,0.3292022,0.3292022,0.05,0.357197084635163,0.05,2014-15,1
190,0.3292022,0.3292022,0.05,0.3615332838648,0.05,2014-15,1
191,0.3292022,0.3292022,0.05,0.366236928763734,0.05,2014-15,1
192,0.3292022,0.3292022,0.05,0.37131842870954,0.05,2014-15,1
193,0.3292022,0.3292022,0.05,0.37678804123913,0.05,2014-15,1
194,0.3292022,0.3292022,0.05,0.382655970474873,0.05,2014-15,1
195,0.3292022,0.3292022,0.05,0.388932074700334,0.05,2014-15,1
196,0.3292022,0.3292022,0.05,0.395625680067724,0.05,2014-15,1
197,0.3292022,0.3292022,0.05,0.402745440221539,0.05,2014-15,1
198,0.3292022,0.3292022,0.05,0.410299179158445,0.05,2014-15,1
199,0.3292022,0.3292022,0.05,0.418293786809684,0.05,2014-15,1
200,0.3292022,0.3292022,0.05,0.426735240277516,0.05,2014-15,1
201,0.3292022,0.3292022,0.05,0.435628265209629,0.05,2014-15,1
202,0.3292022,0.3292022,0.05,0.444976260057546,0.05,2014-15,1
203,0.3292022,0.3292022,0.05,0.454780856532462,0.05,2014-15,1
204,0.3292022,0.3292022,0.05,0.465041606519073,0.05,2014-15,1
205,0.3292022,0.3292022,0.05,0.475755733098283,0.05,2014-15,1
206,0.3292022,0.3292022,0.05,0.486917881188935,0.05,2014-15,1
207,0.3292022,0.3292022,0.05,0.498519873864687,0.05,2014-15,1
208,0.3292022,0.3292022,0.05,0.510550481394878,0.05,2014-15,1
209,0.3292022,0.3292022,0.05,0.522995210969676,0.05,2014-15,1
210,0.3292022,0.3292022,0.05,0.53583612583067,0.05,2014-15,1
211,0.3292022,0.3292022,0.05,0.549051703061019,0.05,2014-15,1
212,0.3292022,0.3292022,0.05,0.562616739512575,0.05,2014-15,1
213,0.3292022,0.3292022,0.05,0.576502315180738,0.05,2014-15,1
214,0.3292022,0.3292022,0.05,0.590675822709571,0.05,2014-15,1
215,0.3292022,0.3292022,0.05,0.605101070565218,0.05,2014-15,1
216,0.3292022,0.3292022,0.05,0.619738465726274,0.05,2014-15,1
217,0.3292022,0.3292022,0.05,0.634545279511143,0.052,2014-15,1
218,0.3292022,0.3292022,0.05,0.649475997441523,0.054,2014-15,1
219,0.3292022,0.3292022,0.05,0.664482750920294,0.056,2014-15,1
220,0.3292022,0.3292022,0.05,0.679515825118712,0.058,2014-15,1
221,0.3292022,0.3292022,0.05,0.694524233999811,0.06,2014-15,1
222,0.3292022,0.3292022,0.05,0.709456350060332,0.064,2014-15,1
223,0.3292022,0.3292022,0.05,0.724260573375371,0.068,2014-15,1
224,0.3292022,0.3292022,0.05,0.738886022097597,0.072,2014-15,1
225,0.3292022,0.3292022,0.05,0.753283224891166,0.076,2014-15,1
226,0.3292022,0.3292022,0.05,0.767404795019385,0.08,2014-15,1
227,0.3292022,0.3292022,0.05,0.781206066043069,0.09,2014-15,1
228,0.3292022,0.3292022,0.05,0.794645670338609,0.1,2014-15,1
229,0.3292022,0.3292022,0.05,0.807686043848812,0.11,2014-15,1
230,0.3292022,0.3292022,0.05,0.820293843500497,0.12,2014-15,1
231,0.3292022,0.3292022,0.05,0.832440267364408,0.13,2014-15,1
232,0.3292022,0.3292022,0.05,0.844101271656399,0.144,2014-15,1
233,0.3292022,0.3292022,0.05,0.855257682825273,0.158,2014-15,1
234,0.3292022,0.3292022,0.05,0.865895206986774,0.172,2014-15,1
235,0.3292022,0.3292022,0.05,0.876004342615417,0.186,2014-15,1
236,0.3292022,0.3292022,0.05,0.885580205509739,0.2,2014-15,1
237,0.3292022,0.3292022,0.05,0.894622277471035,0.214,2014-15,1
238,0.3292022,0.3292022,0.05,0.903134091810114,0.228,2014-15,1
239,0.3292022,0.3292022,0.05,0.91112286772513,0.242,2014-15,1
240,0.3292022,0.3292022,0.05,0.918599104325224,0.256,2014-15,1
241,0.3292022,0.3292022,0.05,0.925576162447759,0.27,2014-15,1
242,0.3292022,0.3292022,0.05,0.932069845430616,0.284,2014-15,1
243,0.3292022,0.3292022,0.05,0.938097967496715,0.298,2014-15,1
244,0.3292022,0.3292022,0.05,0.943679951051546,0.312,2014-15,1
245,0.3292022,0.3292022,0.05,0.948836427816461,0.326,2014-15,1
246,0.3292022,0.3292022,0.05,0.953588885412268,0.34,2014-15,1
247,0.3292022,0.3292022,0.05,0.957959321850269,0.354,2014-15,1
248,0.3292022,0.3292022,0.05,0.961969952506505,0.368,2014-15,1
249,0.3292022,0.3292022,0.05,0.965642967270931,0.382,2014-15,1
250,0.3292022,0.3292022,0.05,0.969000299829525,0.396,2014-15,1
251,0.3292022,0.3292022,0.05,0.972063422212233,0.41,2014-15,1
252,0.3292022,0.3292022,0.05,0.974853196780454,0.424,2014-15,1
253,0.3292022,0.3292022,0.05,0.977389737460015,0.438,2014-15,1
254,0.3292022,0.3292022,0.05,0.979692312435719,0.452,2014-15,1
255,0.3292022,0.3292022,0.05,0.981779276454572,0.466,2014-15,1
256,0.3292022,0.3292022,0.05,0.983668024926722,0.48,2014-15,1
257,0.3292022,0.3292022,0.05,0.985374967046886,0.494,2014-15,1
258,0.3292022,0.3292022,0.05,0.986915515247729,0.508,2014-15,1
259,0.3292022,0.3292022,0.05,0.988304088440568,0.522,2014-15,1
260,0.3292022,0.3292022,0.05,0.989554129026318,0.536,2014-15,1
261,0.3292022,0.3292022,0.05,0.990678131865435,0.55,2014-15,1
262,0.3292022,0.3292022,0.05,0.991687667662643,0.564,2014-15,1
263,0.3292022,0.3292022,0.05,0.992593422512007,0.578,2014-15,1
264,0.3292022,0.3292022,0.05,0.993405231631404,0.592,2014-15,1
265,0.3292022,0.3292022,0.05,0.994132122764958,0.606,2014-15,1
266,0.3292022,0.3292022,0.05,0.994782363373059,0.62,2014-15,1
267,0.3292022,0.3292022,0.05,0.995363508256934,0.632,2014-15,1
268,0.3292022,0.3292022,0.05,0.995882446908779,0.644,2014-15,1
269,0.3292022,0.3292022,0.05,0.996345450016809,0.656,2014-15,1
270,0.3292022,0.3292022,0.05,0.9967582146759,0.668,2014-15,1
271,0.3292022,0.3292022,0.05,0.997125907959707,0.68,2014-15,1
272,0.3292022,0.3292022,0.05,0.997453208600355,0.692,2014-15,1
273,0.3292022,0.3292022,0.05,0.997744347260197,0.704,2014-15,1
274,0.3292022,0.3292022,0.05,0.99800314533795,0.716,2014-15,1
275,0.3292022,0.3292022,0.05,0.999490544128018,0.728,2014-15,1
276,0.3292022,0.3292022,0.05,0.999345019820463,0.74,2014-15,1
277,0.3292022,0.3292022,0.05,0.999158865907601,0.75,2014-15,1
278,0.3292022,0.3292022,0.05,0.998921167584051,0.76,2014-15,1
279,0.3292022,0.3292022,0.05,0.998618250279282,0.77,2014-15,1
280,0.3292022,0.3292022,0.05,0.998233047333073,0.78,2014-15,1
281,0.3292022,0.3292022,0.05,0.997744347260197,0.79,2014-15,1
282,0.3292022,0.3292022,0.05,0.997125907959707,0.798,2014-15,1
283,0.3292022,0.3292022,0.05,0.996345450016809,0.806,2014-15,1
284,0.3292022,0.3292022,0.05,0.995363508256934,0.814,2014-15,1
285,0.3292022,0.3292022,0.05,0.994132122764958,0.822,2014-15,1
286,0.3292022,0.3292022,0.05,0.992593422512007,0.83,2014-15,1
287,0.3292022,0.3292022,0.05,0.990678131865435,0.838,2014-15,1
288,0.3292022,0.3292022,0.05,0.988304088440568,0.846,2014-15,1
289,0.3292022,0.3292022,0.05,0.985374967046886,0.854,2014-15,1
290,0.3292022,0.3292022,0.05,0.981779276454572,0.862,2014-15,1
291,0.3292022,0.3292022,0.05,0.977389737460015,0.87,2014-15,1
292,0.3292022,0.3292022,0.05,0.972063422212233,0.876,2014-15,1
293,0.3292022,0.3292022,0.05,0.965642967270931,0.882,2014-15,1
294,0.3292022,0.3292022,0.05,0.957959321850269,0.888,2014-15,1
295,0.3292022,0.3292022,0.05,0.948836427816461,0.894,2014-15,1
296,0.3292022,0.3292022,0.05,0.938097967496715,0.9,2014-15,1
297,0.3292022,0.3292022,0.05,0.925576162447759,0.906,2014-15,1
298,0.3292022,0.3292022,0.05,0.91112286772513,0.912,2014-15,1
299,0.3292022,0.3292022,0.05,0.894622277471035,0.918,2014-15,1
300,0.3292022,0.3292022,0.05,0.876004342615417,0.924,2014-15,1
301,0.3292022,0.3292022,0.05,0.855257682825273,0.93,2014-15,1
302,0.3292022,0.3292022,0.05,0.832440267364408,0.936,2014-15,1
303,0.3292022,0.3292022,0.05,0.807686043848812,0.942,2014-15,1
304,0.3292022,0.3292022,0.05,0.781206066043069,0.948,2014-15,1
305,0.3292022,0.3292022,0.05,0.753283224891166,0.954,2014-15,1
306,0.3292022,0.3292022,0.05,0.724260573375371,0.96,2014-15,1
307,0.3292022,0.3292022,0.05,0.694524233999811,0.964,2014-15,1
308,0.3292022,0.3292022,0.05,0.664482750920294,0.968,2014-15,1
309,0.3292022,0.3292022,0.05,0.634545279511143,0.972,2014-15,1
310,0.3292022,0.3292022,0.05,0.605101070565218,0.976,2014-15,1
311,0.3292022,0.3292022,0.05,0.576502315180738,0.98,2014-15,1
312,0.3292022,0.3292022,0.05,0.549051703061019,0.983,2014-15,1
313,0.3292022,0.3292022,0.05,0.522995210969676,0.986,2014-15,1
314,0.3292022,0.3292022,0.05,0.498519873864687,0.989,2014-15,1
315,0.3292022,0.3292022,0.05,0.475755733098283,0.992,2014-15,1
316,0.3292022,0.3292022,0.05,0.454780856532462,0.995,2014-15,1
317,0.3292022,0.3292022,0.05,0.435628265209629,0.996666666666667,2014-15,1
318,0.3292022,0.3292022,0.05,0.418293786809684,0.998333333333333,2014-15,1
319,0.3292022,0.3292022,0.05,0.402745440221539,1,2014-15,1
1,0,0,0.1,0,0,2015-16,1
2,0,0,0.105,0,0,2015-16,1
3,0,0,0.11,0,0,2015-16,1
4,0,0,0.115,0,0,2015-16,1
5,0,0,0.12,0,0,2015-16,1
6,0,0,0.125,0,0,2015-16,1
7,0,0,0.13,0,0,2015-16,1
8,0,0,0.135,0,0,2015-16,1
9,0,0,0.14,0,0,2015-16,1
10,0,0,0.145,0,0,2015-16,1
11,0,0,0.15,0,0,2015-16,1
12,0,0,0.156,0,0,2015-16,1
13,0,0,0.162,0,0,2015-16,1
14,0,0,0.168,0,0,2015-16,1
15,0,0,0.174,0,0,2015-16,1
16,0,0,0.18,0,0,2015-16,1
17,0,0,0.188,0,0,2015-16,1
18,0,0,0.196,0,0,2015-16,1
19,0,0,0.204,0,0,2015-16,1
20,0,0,0.212,0,0,2015-16,1
21,0,0,0.22,0,0,2015-16,1
22,0,0,0.228,0,0,2015-16,1
23,0,0,0.236,0,0,2015-16,1
24,0,0,0.244,0,0,2015-16,1
25,0,0,0.252,0,0,2015-16,1
26,0,0,0.26,0,0,2015-16,1
27,0,0,0.266,0,0,2015-16,1
28,0,0,0.272,0,0,2015-16,1
29,0,0,0.278,0,0,2015-16,1
30,0,0,0.284,0,0,2015-16,1
31,0,0,0.29,0,1,2015-16,1
32,0,0,0.292,0,0.94,2015-16,1
33,0,0,0.294,0,0.88,2015-16,1
34,0,0,0.296,0,0.82,2015-16,1
35,0,0,0.298,0,0.76,2015-16,1
36,0,0,0.3,0,0.7,2015-16,1
37,0,0,0.3,0,0.66,2015-16,1
38,0,0,0.3,0,0.62,2015-16,1
39,0,0,0.3,0,0.58,2015-16,1
40,0,0,0.3,0,0.54,2015-16,1
41,0,0,0.3,0,0.5,2015-16,1
42,0,0,0.3,0,0.48,2015-16,1
43,0,0,0.3,0,0.46,2015-16,1
44,0,0,0.3,0,0.44,2015-16,1
45,0,0,0.3,0,0.42,2015-16,1
46,0,0,0.3,0,0.4,2015-16,1
47,0,0,0.3,0,0.392,2015-16,1
48,0,0,0.3,0,0.384,2015-16,1
49,0,0,0.3,0,0.376,2015-16,1
50,0,0,0.3,0,0.368,2015-16,1
51,0,0,0.3,0,0.36,2015-16,1
52,0,0,0.3,0,0.358,2015-16,1
53,0,0,0.3,0,0.356,2015-16,1
54,0,0,0.3,0,0.354,2015-16,1
55,0,0,0.3,0,0.352,2015-16,1
56,0,0,0.3,0,0.35,2015-16,1
57,0,0,0.3,0,0.35,2015-16,1
58,0,0,0.3,0,0.35,2015-16,1
59,0,0,0.3,0,0.35,2015-16,1
60,0,0,0.3,0,0.35,2015-16,1
61,0,0,0.3,0,0.35,2015-16,1
62,0,0,0.3,0,0.35,2015-16,1
63,0.3292022,0.3292022,0.3,0.999490544128018,0.35,2015-16,1
64,0.3292022,0.3292022,0.3,0.999345019820463,0.35,2015-16,1
65,0.3292022,0.3292022,0.3,0.999158865907601,0.35,2015-16,1
66,0.3292022,0.3292022,0.3,0.998921167584051,0.35,2015-16,1
67,0.3292022,0.3292022,0.3,0.998618250279282,0.35,2015-16,1
68,0.3292022,0.3292022,0.3,0.998233047333073,0.35,2015-16,1
69,0.3292022,0.3292022,0.3,0.997744347260197,0.35,2015-16,1
70,0.3292022,0.3292022,0.3,0.997125907959707,0.35,2015-16,1
71,0.3292022,0.3292022,0.3,0.996345450016809,0.35,2015-16,1
72,0.3292022,0.3292022,0.3,0.995363508256934,0.35,2015-16,1
73,0.3292022,0.3292022,0.3,0.994132122764958,0.35,2015-16,1
74,0.3292022,0.3292022,0.3,0.992593422512007,0.35,2015-16,1
75,0.3292022,0.3292022,0.3,0.990678131865435,0.35,2015-16,1
76,0.3292022,0.3292022,0.3,0.988304088440568,0.35,2015-16,1
77,0.3292022,0.3292022,0.3,0.985374967046886,0.35,2015-16,1
78,0.3292022,0.3292022,0.3,0.981779276454572,0.35,2015-16,1
79,0.3292022,0.3292022,0.3,0.977389737460015,0.35,2015-16,1
80,0.3292022,0.3292022,0.3,0.972063422212233,0.35,2015-16,1
81,0.3292022,0.3292022,0.3,0.965642967270931,0.35,2015-16,1
82,0.3292022,0.3292022,0.3,0.957959321850269,0.35,2015-16,1
83,0.3292022,0.3292022,0.3,0.948836427816461,0.35,2015-16,1
84,0.3292022,0.3292022,0.3,0.938097967496715,0.35,2015-16,1
85,0.3292022,0.3292022,0.3,0.925576162447759,0.35,2015-16,1
86,0.3292022,0.3292022,0.3,0.91112286772513,0.35,2015-16,1
87,0.3292022,0.3292022,0.3,0.894622277471035,0.35,2015-16,1
88,0.3292022,0.3292022,0.3,0.876004342615417,0.35,2015-16,1
89,0.3292022,0.3292022,0.3,0.855257682825273,0.35,2015-16,1
90,0.3292022,0.3292022,0.3,0.832440267364408,0.35,2015-16,1
91,0.3292022,0.3292022,0.3,0.807686043848812,0.35,2015-16,1
92,0.3292022,0.3292022,0.298,0.781206066043069,0.346,2015-16,1
93,0.3292022,0.3292022,0.296,0.753283224891166,0.342,2015-16,1
94,0.3292022,0.3292022,0.294,0.724260573375371,0.338,2015-16,1
95,0.3292022,0.3292022,0.292,0.694524233999811,0.334,2015-16,1
96,0.3292022,0.3292022,0.29,0.664482750920294,0.33,2015-16,1
97,0.3292022,0.3292022,0.284,0.634545279511143,0.317,2015-16,1
98,0.3292022,0.3292022,0.278,0.605101070565218,0.304,2015-16,1
99,0.3292022,0.3292022,0.272,0.576502315180738,0.291,2015-16,1
100,0.3292022,0.3292022,0.266,0.549051703061019,0.278,2015-16,1
101,0.3292022,0.3292022,0.26,0.522995210969676,0.265,2015-16,1
102,0.3292022,0.3292022,0.248,0.498519873864687,0.253,2015-16,1
103,0.3292022,0.3292022,0.236,0.475755733098283,0.241,2015-16,1
104,0.3292022,0.3292022,0.224,0.454780856532462,0.229,2015-16,1
105,0.3292022,0.3292022,0.212,0.435628265209629,0.217,2015-16,1
106,0.3292022,0.3292022,0.2,0.418293786809684,0.205,2015-16,1
107,0.3292022,0.3292022,0.19,0.402745440221539,0.195,2015-16,1
108,0.3292022,0.3292022,0.18,0.388932074700334,0.185,2015-16,1
109,0.3292022,0.3292022,0.17,0.37678804123913,0.175,2015-16,1
110,0.3292022,0.3292022,0.16,0.366236928763734,0.165,2015-16,1
111,0.3292022,0.3292022,0.15,0.357197084635163,0.155,2015-16,1
112,0.3292022,0.3292022,0.14,0.34958477861777,0.145,2015-16,1
113,0.3292022,0.3292022,0.13,0.343315168033956,0.135,2015-16,1
114,0.3292022,0.3292022,0.12,0.338303905549632,0.125,2015-16,1
115,0.3292022,0.3292022,0.11,0.334469173263861,0.115,2015-16,1
116,0.3292022,0.3292022,0.1,0.33173220166258,0.105,2015-16,1
117,0.3292022,0.3292022,0.092,0.33001674297223,0.096,2015-16,1
118,0.3292022,0.3292022,0.084,0.329250663553226,0.087,2015-16,1
119,0.3292022,0.3292022,0.076,0.329202202547086,0.078,2015-16,1
120,0.3292022,0.3292022,0.068,0.329202202547086,0.069,2015-16,1
121,0.3292022,0.3292022,0.06,0.329202202547086,0.06,2015-16,1
122,0.3292022,0.3292022,0.058,0.329202202547086,0.058,2015-16,1
123,0.3292022,0.3292022,0.056,0.329202202547086,0.056,2015-16,1
124,0.3292022,0.3292022,0.054,0.329202202547086,0.054,2015-16,1
125,0.3292022,0.3292022,0.052,0.329202202547086,0.052,2015-16,1
126,0.3292022,0.3292022,0.05,0.329202202547086,0.05,2015-16,1
127,0.3292022,0.3292022,0.05,0.329202202547086,0.05,2015-16,1
128,0.3292022,0.3292022,0.05,0.329202202547086,0.05,2015-16,1
129,0.3292022,0.3292022,0.05,0.329202202547086,0.05,2015-16,1
130,0.3292022,0.3292022,0.05,0.329202202547086,0.05,2015-16,1
131,0.3292022,0.3292022,0.05,0.329202202547086,0.05,2015-16,1
132,0.3292022,0.3292022,0.05,0.329202202547086,0.05,2015-16,1
133,0.3292022,0.3292022,0.05,0.329202202547086,0.05,2015-16,1
134,0.3292022,0.3292022,0.05,0.329202202547086,0.05,2015-16,1
135,0.3292022,0.3292022,0.05,0.329202202547086,0.05,2015-16,1
136,0.3292022,0.3292022,0.05,0.329202202547086,0.05,2015-16,1
137,0.3292022,0.3292022,0.05,0.329202202547086,0.05,2015-16,1
138,0.3292022,0.3292022,0.05,0.329202202547086,0.05,2015-16,1
139,0.3292022,0.3292022,0.05,0.329202202547086,0.05,2015-16,1
140,0.3292022,0.3292022,0.05,0.329202202547086,0.05,2015-16,1
141,0.3292022,0.3292022,0.05,0.329202202547086,0.05,2015-16,1
142,0.3292022,0.3292022,0.05,0.329202202547086,0.05,2015-16,1
143,0.3292022,0.3292022,0.05,0.329202202547086,0.05,2015-16,1
144,0.3292022,0.3292022,0.05,0.329202202547086,0.05,2015-16,1
145,0.3292022,0.3292022,0.05,0.329202202547086,0.05,2015-16,1
146,0.3292022,0.3292022,0.05,0.329202202547086,0.05,2015-16,1
147,0.3292022,0.3292022,0.05,0.329202202547086,0.05,2015-16,1
148,0.3292022,0.3292022,0.05,0.329202202547086,0.05,2015-16,1
149,0.3292022,0.3292022,0.05,0.329202202547086,0.05,2015-16,1
150,0.3292022,0.3292022,0.05,0.329202202547086,0.05,2015-16,1
151,0.3292022,0.3292022,0.05,0.329202202547086,0.05,2015-16,1
152,0.3292022,0.3292022,0.05,0.329202202547086,0.05,2015-16,1
153,0.3292022,0.3292022,0.05,0.329202202547086,0.05,2015-16,1
154,0.3292022,0.3292022,0.05,0.329202202547086,0.05,2015-16,1
155,0.3292022,0.3292022,0.05,0.329202202547086,0.05,2015-16,1
156,0.3292022,0.3292022,0.05,0.329202202547086,0.05,2015-16,1
157,0.3292022,0.3292022,0.05,0.329202202547086,0.05,2015-16,1
158,0.3292022,0.3292022,0.05,0.329202202547086,0.05,2015-16,1
159,0.3292022,0.3292022,0.05,0.329202202547086,0.05,2015-16,1
160,0.3292022,0.3292022,0.05,0.329202202547086,0.05,2015-16,1
161,0.3292022,0.3292022,0.05,0.329202202547086,0.05,2015-16,1
162,0.3292022,0.3292022,0.05,0.329202202547086,0.05,2015-16,1
163,0.3292022,0.3292022,0.05,0.329202202547086,0.05,2015-16,1
164,0.3292022,0.3292022,0.05,0.329202202547086,0.05,2015-16,1
165,0.3292022,0.3292022,0.05,0.329202202547086,0.05,2015-16,1
166,0.3292022,0.3292022,0.05,0.329202202547086,0.05,2015-16,1
167,0.3292022,0.3292022,0.05,0.329202202547086,0.05,2015-16,1
168,0.3292022,0.3292022,0.05,0.329202202547086,0.05,2015-16,1
169,0.3292022,0.3292022,0.05,0.329202202547086,0.05,2015-16,1
170,0.3292022,0.3292022,0.05,0.329202202547086,0.05,2015-16,1
171,0.3292022,0.3292022,0.05,0.329202202547086,0.05,2015-16,1
172,0.3292022,0.3292022,0.05,0.329202202547086,0.05,2015-16,1
173,0.3292022,0.3292022,0.05,0.329202202547086,0.05,2015-16,1
174,0.3292022,0.3292022,0.05,0.329202202547086,0.05,2015-16,1
175,0.3292022,0.3292022,0.05,0.329250663553226,0.05,2015-16,1
176,0.3292022,0.3292022,0.05,0.329519361203668,0.05,2015-16,1
177,0.3292022,0.3292022,0.05,0.33001674297223,0.05,2015-16,1
178,0.3292022,0.3292022,0.05,0.330751404051093,0.05,2015-16,1
179,0.3292022,0.3292022,0.05,0.33173220166258,0.05,2015-16,1
180,0.3292022,0.3292022,0.05,0.33296830307038,0.05,2015-16,1
181,0.3292022,0.3292022,0.05,0.334469173263861,0.05,2015-16,1
182,0.3292022,0.3292022,0.05,0.336244449071223,0.05,2015-16,1
183,0.3292022,0.3292022,0.05,0.338303905549632,0.05,2015-16,1
184,0.3292022,0.3292022,0.05,0.34065745158624,0.05,2015-16,1
185,0.3292022,0.3292022,0.05,0.343315168033956,0.05,2015-16,1
186,0.3292022,0.3292022,0.05,0.346287436058804,0.05,2015-16,1
187,0.3292022,0.3292022,0.05,0.34958477861777,0.05,2015-16,1
188,0.3292022,0.3292022,0.05,0.35321778683419103,0.05,2015-16,1
189,0.3292022,0.3292022,0.05,0.357197084635163,0.05,2015-16,1
190,0.3292022,0.3292022,0.05,0.3615332838648,0.05,2015-16,1
191,0.3292022,0.3292022,0.05,0.366236928763734,0.05,2015-16,1
192,0.3292022,0.3292022,0.05,0.37131842870954,0.05,2015-16,1
193,0.3292022,0.3292022,0.05,0.37678804123913,0.05,2015-16,1
194,0.3292022,0.3292022,0.05,0.382655970474873,0.05,2015-16,1
195,0.3292022,0.3292022,0.05,0.388932074700334,0.05,2015-16,1
196,0.3292022,0.3292022,0.05,0.395625680067724,0.05,2015-16,1
197,0.3292022,0.3292022,0.05,0.402745440221539,0.05,2015-16,1
198,0.3292022,0.3292022,0.05,0.410299179158445,0.05,2015-16,1
199,0.3292022,0.3292022,0.05,0.418293786809684,0.05,2015-16,1
200,0.3292022,0.3292022,0.05,0.426735240277516,0.05,2015-16,1
201,0.3292022,0.3292022,0.05,0.435628265209629,0.05,2015-16,1
202,0.3292022,0.3292022,0.05,0.444976260057546,0.05,2015-16,1
203,0.3292022,0.3292022,0.05,0.454780856532462,0.05,2015-16,1
204,0.3292022,0.3292022,0.05,0.465041606519073,0.05,2015-16,1
205,0.3292022,0.3292022,0.05,0.475755733098283,0.05,2015-16,1
206,0.3292022,0.3292022,0.05,0.486917881188935,0.05,2015-16,1
207,0.3292022,0.3292022,0.05,0.498519873864687,0.05,2015-16,1
208,0.3292022,0.3292022,0.05,0.510550481394878,0.05,2015-16,1
209,0.3292022,0.3292022,0.05,0.522995210969676,0.05,2015-16,1
210,0.3292022,0.3292022,0.05,0.53583612583067,0.05,2015-16,1
211,0.3292022,0.3292022,0.05,0.549051703061019,0.05,2015-16,1
212,0.3292022,0.3292022,0.05,0.562616739512575,0.05,2015-16,1
213,0.3292022,0.3292022,0.05,0.576502315180738,0.05,2015-16,1
214,0.3292022,0.3292022,0.05,0.590675822709571,0.05,2015-16,1
215,0.3292022,0.3292022,0.05,0.605101070565218,0.05,2015-16,1
216,0.3292022,0.3292022,0.05,0.619738465726274,0.05,2015-16,1
217,0.3292022,0.3292022,0.05,0.634545279511143,0.052,2015-16,1
218,0.3292022,0.3292022,0.05,0.649475997441523,0.054,2015-16,1
219,0.3292022,0.3292022,0.05,0.664482750920294,0.056,2015-16,1
220,0.3292022,0.3292022,0.05,0.679515825118712,0.058,2015-16,1
221,0.3292022,0.3292022,0.05,0.694524233999811,0.06,2015-16,1
222,0.3292022,0.3292022,0.05,0.709456350060332,0.064,2015-16,1
223,0.3292022,0.3292022,0.05,0.724260573375371,0.068,2015-16,1
224,0.3292022,0.3292022,0.05,0.738886022097597,0.072,2015-16,1
225,0.3292022,0.3292022,0.05,0.753283224891166,0.076,2015-16,1
226,0.3292022,0.3292022,0.05,0.767404795019385,0.08,2015-16,1
227,0.3292022,0.3292022,0.05,0.781206066043069,0.09,2015-16,1
228,0.3292022,0.3292022,0.05,0.794645670338609,0.1,2015-16,1
229,0.3292022,0.3292022,0.05,0.807686043848812,0.11,2015-16,1
230,0.3292022,0.3292022,0.05,0.820293843500497,0.12,2015-16,1
231,0.3292022,0.3292022,0.05,0.832440267364408,0.13,2015-16,1
232,0.3292022,0.3292022,0.05,0.844101271656399,0.144,2015-16,1
233,0.3292022,0.3292022,0.05,0.855257682825273,0.158,2015-16,1
234,0.3292022,0.3292022,0.05,0.865895206986774,0.172,2015-16,1
235,0.3292022,0.3292022,0.05,0.876004342615417,0.186,2015-16,1
236,0.3292022,0.3292022,0.05,0.885580205509739,0.2,2015-16,1
237,0.3292022,0.3292022,0.05,0.894622277471035,0.214,2015-16,1
238,0.3292022,0.3292022,0.05,0.903134091810114,0.228,2015-16,1
239,0.3292022,0.3292022,0.05,0.91112286772513,0.242,2015-16,1
240,0.3292022,0.3292022,0.05,0.918599104325224,0.256,2015-16,1
241,0.3292022,0.3292022,0.05,0.925576162447759,0.27,2015-16,1
242,0.3292022,0.3292022,0.05,0.932069845430616,0.284,2015-16,1
243,0.3292022,0.3292022,0.05,0.938097967496715,0.298,2015-16,1
244,0.3292022,0.3292022,0.05,0.943679951051546,0.312,2015-16,1
245,0.3292022,0.3292022,0.05,0.948836427816461,0.326,2015-16,1
246,0.3292022,0.3292022,0.05,0.953588885412268,0.34,2015-16,1
247,0.3292022,0.3292022,0.05,0.957959321850269,0.354,2015-16,1
248,0.3292022,0.3292022,0.05,0.961969952506505,0.368,2015-16,1
249,0.3292022,0.3292022,0.05,0.965642967270931,0.382,2015-16,1
250,0.3292022,0.3292022,0.05,0.969000299829525,0.396,2015-16,1
251,0.3292022,0.3292022,0.05,0.972063422212233,0.41,2015-16,1
252,0.3292022,0.3292022,0.05,0.974853196780454,0.424,2015-16,1
253,0.3292022,0.3292022,0.05,0.977389737460015,0.438,2015-16,1
254,0.3292022,0.3292022,0.05,0.979692312435719,0.452,2015-16,1
255,0.3292022,0.3292022,0.05,0.981779276454572,0.466,2015-16,1
256,0.3292022,0.3292022,0.05,0.983668024926722,0.48,2015-16,1
257,0.3292022,0.3292022,0.05,0.985374967046886,0.494,2015-16,1
258,0.3292022,0.3292022,0.05,0.986915515247729,0.508,2015-16,1
259,0.3292022,0.3292022,0.05,0.988304088440568,0.522,2015-16,1
260,0.3292022,0.3292022,0.05,0.989554129026318,0.536,2015-16,1
261,0.3292022,0.3292022,0.05,0.990678131865435,0.55,2015-16,1
262,0.3292022,0.3292022,0.05,0.991687667662643,0.564,2015-16,1
263,0.3292022,0.3292022,0.05,0.992593422512007,0.578,2015-16,1
264,0.3292022,0.3292022,0.05,0.993405231631404,0.592,2015-16,1
265,0.3292022,0.3292022,0.05,0.994132122764958,0.606,2015-16,1
266,0.3292022,0.3292022,0.05,0.994782363373059,0.62,2015-16,1
267,0.3292022,0.3292022,0.05,0.995363508256934,0.632,2015-16,1
268,0.3292022,0.3292022,0.05,0.995882446908779,0.644,2015-16,1
269,0.3292022,0.3292022,0.05,0.996345450016809,0.656,2015-16,1
270,0.3292022,0.3292022,0.05,0.9967582146759,0.668,2015-16,1
271,0.3292022,0.3292022,0.05,0.997125907959707,0.68,2015-16,1
272,0.3292022,0.3292022,0.05,0.997453208600355,0.692,2015-16,1
273,0.3292022,0.3292022,0.05,0.997744347260197,0.704,2015-16,1
274,0.3292022,0.3292022,0.05,0.99800314533795,0.716,2015-16,1
275,0.3292022,0.3292022,0.05,0.999490544128018,0.728,2015-16,1
276,0.3292022,0.3292022,0.05,0.999345019820463,0.74,2015-16,1
277,0.3292022,0.3292022,0.05,0.999158865907601,0.75,2015-16,1
278,0.3292022,0.3292022,0.05,0.998921167584051,0.76,2015-16,1
279,0.3292022,0.3292022,0.05,0.998618250279282,0.77,2015-16,1
280,0.3292022,0.3292022,0.05,0.998233047333073,0.78,2015-16,1
281,0.3292022,0.3292022,0.05,0.997744347260197,0.79,2015-16,1
282,0.3292022,0.3292022,0.05,0.997125907959707,0.798,2015-16,1
283,0.3292022,0.3292022,0.05,0.996345450016809,0.806,2015-16,1
284,0.3292022,0.3292022,0.05,0.995363508256934,0.814,2015-16,1
285,0.3292022,0.3292022,0.05,0.994132122764958,0.822,2015-16,1
286,0.3292022,0.3292022,0.05,0.992593422512007,0.83,2015-16,1
287,0.3292022,0.3292022,0.05,0.990678131865435,0.838,2015-16,1
288,0.3292022,0.3292022,0.05,0.988304088440568,0.846,2015-16,1
289,0.3292022,0.3292022,0.05,0.985374967046886,0.854,2015-16,1
290,0.3292022,0.3292022,0.05,0.981779276454572,0.862,2015-16,1
291,0.3292022,0.3292022,0.05,0.977389737460015,0.87,2015-16,1
292,0.3292022,0.3292022,0.05,0.972063422212233,0.876,2015-16,1
293,0.3292022,0.3292022,0.05,0.965642967270931,0.882,2015-16,1
294,0.3292022,0.3292022,0.05,0.957959321850269,0.888,2015-16,1
295,0.3292022,0.3292022,0.05,0.948836427816461,0.894,2015-16,1
296,0.3292022,0.3292022,0.05,0.938097967496715,0.9,2015-16,1
297,0.3292022,0.3292022,0.05,0.925576162447759,0.906,2015-16,1
298,0.3292022,0.3292022,0.05,0.91112286772513,0.912,2015-16,1
299,0.3292022,0.3292022,0.05,0.894622277471035,0.918,2015-16,1
300,0.3292022,0.3292022,0.05,0.876004342615417,0.924,2015-16,1
301,0.3292022,0.3292022,0.05,0.855257682825273,0.93,2015-16,1
302,0.3292022,0.3292022,0.05,0.832440267364408,0.936,2015-16,1
303,0.3292022,0.3292022,0.05,0.807686043848812,0.942,2015-16,1
304,0.3292022,0.3292022,0.05,0.781206066043069,0.948,2015-16,1
305,0.3292022,0.3292022,0.05,0.753283224891166,0.954,2015-16,1
306,0.3292022,0.3292022,0.05,0.724260573375371,0.96,2015-16,1
307,0.3292022,0.3292022,0.05,0.694524233999811,0.964,2015-16,1
308,0.3292022,0.3292022,0.05,0.664482750920294,0.968,2015-16,1
309,0.3292022,0.3292022,0.05,0.634545279511143,0.972,2015-16,1
310,0.3292022,0.3292022,0.05,0.605101070565218,0.976,2015-16,1
311,0.3292022,0.3292022,0.05,0.576502315180738,0.98,2015-16,1
312,0.3292022,0.3292022,0.05,0.549051703061019,0.983,2015-16,1
313,0.3292022,0.3292022,0.05,0.522995210969676,0.986,2015-16,1
314,0.3292022,0.3292022,0.05,0.498519873864687,0.989,2015-16,1
315,0.3292022,0.3292022,0.05,0.475755733098283,0.992,2015-16,1
316,0.3292022,0.3292022,0.05,0.454780856532462,0.995,2015-16,1
317,0.3292022,0.3292022,0.05,0.435628265209629,0.996666666666667,2015-16,1
318,0.3292022,0.3292022,0.05,0.418293786809684,0.998333333333333,2015-16,1
319,0.3292022,0.3292022,0.05,0.402745440221539,1,2015-16,1
1,0,0,0.1,0,0,2016-17,1
2,0,0,0.105,0,0,2016-17,1
3,0,0,0.11,0,0,2016-17,1
4,0,0,0.115,0,0,2016-17,1
5,0,0,0.12,0,0,2016-17,1
6,0,0,0.125,0,0,2016-17,1
7,0,0,0.13,0,0,2016-17,1
8,0,0,0.135,0,0,2016-17,1
9,0,0,0.14,0,0,2016-17,1
10,0,0,0.145,0,0,2016-17,1
11,0,0,0.15,0,0,2016-17,1
12,0,0,0.156,0,0,2016-17,1
13,0,0,0.162,0,0,2016-17,1
14,0,0,0.168,0,0,2016-17,1
15,0,0,0.174,0,0,2016-17,1
16,0,0,0.18,0,0,2016-17,1
17,0,0,0.188,0,0,2016-17,1
18,0,0,0.196,0,0,2016-17,1
19,0,0,0.204,0,0,2016-17,1
20,0,0,0.212,0,0,2016-17,1
21,0,0,0.22,0,0,2016-17,1
22,0,0,0.228,0,0,2016-17,1
23,0,0,0.236,0,0,2016-17,1
24,0,0,0.244,0,0,2016-17,1
25,0,0,0.252,0,0,2016-17,1
26,0,0,0.26,0,0,2016-17,1
27,0,0,0.266,0,0,2016-17,1
28,0,0,0.272,0,0,2016-17,1
29,0,0,0.278,0,0,2016-17,1
30,0,0,0.284,0,0,2016-17,1
31,0,0,0.29,0,1,2016-17,1
32,0,0,0.292,0,0.94,2016-17,1
33,0,0,0.294,0,0.88,2016-17,1
34,0,0,0.296,0,0.82,2016-17,1
35,0,0,0.298,0,0.76,2016-17,1
36,0,0,0.3,0,0.7,2016-17,1
37,0,0,0.3,0,0.66,2016-17,1
38,0,0,0.3,0,0.62,2016-17,1
39,0,0,0.3,0,0.58,2016-17,1
40,0,0,0.3,0,0.54,2016-17,1
41,0,0,0.3,0,0.5,2016-17,1
42,0,0,0.3,0,0.48,2016-17,1
43,0,0,0.3,0,0.46,2016-17,1
44,0,0,0.3,0,0.44,2016-17,1
45,0,0,0.3,0,0.42,2016-17,1
46,0,0,0.3,0,0.4,2016-17,1
47,0,0,0.3,0,0.392,2016-17,1
48,0,0,0.3,0,0.384,2016-17,1
49,0,0,0.3,0,0.376,2016-17,1
50,0,0,0.3,0,0.368,2016-17,1
51,0,0,0.3,0,0.36,2016-17,1
52,0,0,0.3,0,0.358,2016-17,1
53,0,0,0.3,0,0.356,2016-17,1
54,0,0,0.3,0,0.354,2016-17,1
55,0,0,0.3,0,0.352,2016-17,1
56,0,0,0.3,0,0.35,2016-17,1
57,0,0,0.3,0,0.35,2016-17,1
58,0,0,0.3,0,0.35,2016-17,1
59,0,0,0.3,0,0.35,2016-17,1
60,0,0,0.3,0,0.35,2016-17,1
61,0,0,0.3,0,0.35,2016-17,1
62,0,0,0.3,0,0.35,2016-17,1
63,0.3292022,0.3292022,0.3,0.999490544128018,0.35,2016-17,1
64,0.3292022,0.3292022,0.3,0.999345019820463,0.35,2016-17,1
65,0.3292022,0.3292022,0.3,0.999158865907601,0.35,2016-17,1
66,0.3292022,0.3292022,0.3,0.998921167584051,0.35,2016-17,1
67,0.3292022,0.3292022,0.3,0.998618250279282,0.35,2016-17,1
68,0.3292022,0.3292022,0.3,0.998233047333073,0.35,2016-17,1
69,0.3292022,0.3292022,0.3,0.997744347260197,0.35,2016-17,1
70,0.3292022,0.3292022,0.3,0.997125907959707,0.35,2016-17,1
71,0.3292022,0.3292022,0.3,0.996345450016809,0.35,2016-17,1
72,0.3292022,0.3292022,0.3,0.995363508256934,0.35,2016-17,1
73,0.3292022,0.3292022,0.3,0.994132122764958,0.35,2016-17,1
74,0.3292022,0.3292022,0.3,0.992593422512007,0.35,2016-17,1
75,0.3292022,0.3292022,0.3,0.990678131865435,0.35,2016-17,1
76,0.3292022,0.3292022,0.3,0.988304088440568,0.35,2016-17,1
77,0.3292022,0.3292022,0.3,0.985374967046886,0.35,2016-17,1
78,0.3292022,0.3292022,0.3,0.981779276454572,0.35,2016-17,1
79,0.3292022,0.3292022,0.3,0.977389737460015,0.35,2016-17,1
80,0.3292022,0.3292022,0.3,0.972063422212233,0.35,2016-17,1
81,0.3292022,0.3292022,0.3,0.965642967270931,0.35,2016-17,1
82,0.3292022,0.3292022,0.3,0.957959321850269,0.35,2016-17,1
83,0.3292022,0.3292022,0.3,0.948836427816461,0.35,2016-17,1
84,0.3292022,0.3292022,0.3,0.938097967496715,0.35,2016-17,1
85,0.3292022,0.3292022,0.3,0.925576162447759,0.35,2016-17,1
86,0.3292022,0.3292022,0.3,0.91112286772513,0.35,2016-17,1
87,0.3292022,0.3292022,0.3,0.894622277471035,0.35,2016-17,1
88,0.3292022,0.3292022,0.3,0.876004342615417,0.35,2016-17,1
89,0.3292022,0.3292022,0.3,0.855257682825273,0.35,2016-17,1
90,0.3292022,0.3292022,0.3,0.832440267364408,0.35,2016-17,1
91,0.3292022,0.3292022,0.3,0.807686043848812,0.35,2016-17,1
92,0.3292022,0.3292022,0.298,0.781206066043069,0.346,2016-17,1
93,0.3292022,0.3292022,0.296,0.753283224891166,0.342,2016-17,1
94,0.3292022,0.3292022,0.294,0.724260573375371,0.338,2016-17,1
95,0.3292022,0.3292022,0.292,0.694524233999811,0.334,2016-17,1
96,0.3292022,0.3292022,0.29,0.664482750920294,0.33,2016-17,1
97,0.3292022,0.3292022,0.284,0.634545279511143,0.317,2016-17,1
98,0.3292022,0.3292022,0.278,0.605101070565218,0.304,2016-17,1
99,0.3292022,0.3292022,0.272,0.576502315180738,0.291,2016-17,1
100,0.3292022,0.3292022,0.266,0.549051703061019,0.278,2016-17,1
101,0.3292022,0.3292022,0.26,0.522995210969676,0.265,2016-17,1
102,0.3292022,0.3292022,0.248,0.498519873864687,0.253,2016-17,1
103,0.3292022,0.3292022,0.236,0.475755733098283,0.241,2016-17,1
104,0.3292022,0.3292022,0.224,0.454780856532462,0.229,2016-17,1
105,0.3292022,0.3292022,0.212,0.435628265209629,0.217,2016-17,1
106,0.3292022,0.3292022,0.2,0.418293786809684,0.205,2016-17,1
107,0.3292022,0.3292022,0.19,0.402745440221539,0.195,2016-17,1
108,0.3292022,0.3292022,0.18,0.388932074700334,0.185,2016-17,1
109,0.3292022,0.3292022,0.17,0.37678804123913,0.175,2016-17,1
110,0.3292022,0.3292022,0.16,0.366236928763734,0.165,2016-17,1
111,0.3292022,0.3292022,0.15,0.357197084635163,0.155,2016-17,1
112,0.3292022,0.3292022,0.14,0.34958477861777,0.145,2016-17,1
113,0.3292022,0.3292022,0.13,0.343315168033956,0.135,2016-17,1
114,0.3292022,0.3292022,0.12,0.338303905549632,0.125,2016-17,1
115,0.3292022,0.3292022,0.11,0.334469173263861,0.115,2016-17,1
116,0.3292022,0.3292022,0.1,0.33173220166258,0.105,2016-17,1
117,0.3292022,0.3292022,0.092,0.33001674297223,0.096,2016-17,1
118,0.3292022,0.3292022,0.084,0.329250663553226,0.087,2016-17,1
119,0.3292022,0.3292022,0.076,0.329202202547086,0.078,2016-17,1
120,0.3292022,0.3292022,0.068,0.329202202547086,0.069,2016-17,1
121,0.3292022,0.3292022,0.06,0.329202202547086,0.06,2016-17,1
122,0.3292022,0.3292022,0.058,0.329202202547086,0.058,2016-17,1
123,0.3292022,0.3292022,0.056,0.329202202547086,0.056,2016-17,1
124,0.3292022,0.3292022,0.054,0.329202202547086,0.054,2016-17,1
125,0.3292022,0.3292022,0.052,0.329202202547086,0.052,2016-17,1
126,0.3292022,0.3292022,0.05,0.329202202547086,0.05,2016-17,1
127,0.3292022,0.3292022,0.05,0.329202202547086,0.05,2016-17,1
128,0.3292022,0.3292022,0.05,0.329202202547086,0.05,2016-17,1
129,0.3292022,0.3292022,0.05,0.329202202547086,0.05,2016-17,1
130,0.3292022,0.3292022,0.05,0.329202202547086,0.05,2016-17,1
131,0.3292022,0.3292022,0.05,0.329202202547086,0.05,2016-17,1
132,0.3292022,0.3292022,0.05,0.329202202547086,0.05,2016-17,1
133,0.3292022,0.3292022,0.05,0.329202202547086,0.05,2016-17,1
134,0.3292022,0.3292022,0.05,0.329202202547086,0.05,2016-17,1
135,0.3292022,0.3292022,0.05,0.329202202547086,0.05,2016-17,1
136,0.3292022,0.3292022,0.05,0.329202202547086,0.05,2016-17,1
137,0.3292022,0.3292022,0.05,0.329202202547086,0.05,2016-17,1
138,0.3292022,0.3292022,0.05,0.329202202547086,0.05,2016-17,1
139,0.3292022,0.3292022,0.05,0.329202202547086,0.05,2016-17,1
140,0.3292022,0.3292022,0.05,0.329202202547086,0.05,2016-17,1
141,0.3292022,0.3292022,0.05,0.329202202547086,0.05,2016-17,1
142,0.3292022,0.3292022,0.05,0.329202202547086,0.05,2016-17,1
143,0.3292022,0.3292022,0.05,0.329202202547086,0.05,2016-17,1
144,0.3292022,0.3292022,0.05,0.329202202547086,0.05,2016-17,1
145,0.3292022,0.3292022,0.05,0.329202202547086,0.05,2016-17,1
146,0.3292022,0.3292022,0.05,0.329202202547086,0.05,2016-17,1
147,0.3292022,0.3292022,0.05,0.329202202547086,0.05,2016-17,1
148,0.3292022,0.3292022,0.05,0.329202202547086,0.05,2016-17,1
149,0.3292022,0.3292022,0.05,0.329202202547086,0.05,2016-17,1
150,0.3292022,0.3292022,0.05,0.329202202547086,0.05,2016-17,1
151,0.3292022,0.3292022,0.05,0.329202202547086,0.05,2016-17,1
152,0.3292022,0.3292022,0.05,0.329202202547086,0.05,2016-17,1
153,0.3292022,0.3292022,0.05,0.329202202547086,0.05,2016-17,1
154,0.3292022,0.3292022,0.05,0.329202202547086,0.05,2016-17,1
155,0.3292022,0.3292022,0.05,0.329202202547086,0.05,2016-17,1
156,0.3292022,0.3292022,0.05,0.329202202547086,0.05,2016-17,1
157,0.3292022,0.3292022,0.05,0.329202202547086,0.05,2016-17,1
158,0.3292022,0.3292022,0.05,0.329202202547086,0.05,2016-17,1
159,0.3292022,0.3292022,0.05,0.329202202547086,0.05,2016-17,1
160,0.3292022,0.3292022,0.05,0.329202202547086,0.05,2016-17,1
161,0.3292022,0.3292022,0.05,0.329202202547086,0.05,2016-17,1
162,0.3292022,0.3292022,0.05,0.329202202547086,0.05,2016-17,1
163,0.3292022,0.3292022,0.05,0.329202202547086,0.05,2016-17,1
164,0.3292022,0.3292022,0.05,0.329202202547086,0.05,2016-17,1
165,0.3292022,0.3292022,0.05,0.329202202547086,0.05,2016-17,1
166,0.3292022,0.3292022,0.05,0.329202202547086,0.05,2016-17,1
167,0.3292022,0.3292022,0.05,0.329202202547086,0.05,2016-17,1
168,0.3292022,0.3292022,0.05,0.329202202547086,0.05,2016-17,1
169,0.3292022,0.3292022,0.05,0.329202202547086,0.05,2016-17,1
170,0.3292022,0.3292022,0.05,0.329202202547086,0.05,2016-17,1
171,0.3292022,0.3292022,0.05,0.329202202547086,0.05,2016-17,1
172,0.3292022,0.3292022,0.05,0.329202202547086,0.05,2016-17,1
173,0.3292022,0.3292022,0.05,0.329202202547086,0.05,2016-17,1
174,0.3292022,0.3292022,0.05,0.329202202547086,0.05,2016-17,1
175,0.3292022,0.3292022,0.05,0.329250663553226,0.05,2016-17,1
176,0.3292022,0.3292022,0.05,0.329519361203668,0.05,2016-17,1
177,0.3292022,0.3292022,0.05,0.33001674297223,0.05,2016-17,1
178,0.3292022,0.3292022,0.05,0.330751404051093,0.05,2016-17,1
179,0.3292022,0.3292022,0.05,0.33173220166258,0.05,2016-17,1
180,0.3292022,0.3292022,0.05,0.33296830307038,0.05,2016-17,1
181,0.3292022,0.3292022,0.05,0.334469173263861,0.05,2016-17,1
182,0.3292022,0.3292022,0.05,0.336244449071223,0.05,2016-17,1
183,0.3292022,0.3292022,0.05,0.338303905549632,0.05,2016-17,1
184,0.3292022,0.3292022,0.05,0.34065745158624,0.05,2016-17,1
185,0.3292022,0.3292022,0.05,0.343315168033956,0.05,2016-17,1
186,0.3292022,0.3292022,0.05,0.346287436058804,0.05,2016-17,1
187,0.3292022,0.3292022,0.05,0.34958477861777,0.05,2016-17,1
188,0.3292022,0.3292022,0.05,0.35321778683419103,0.05,2016-17,1
189,0.3292022,0.3292022,0.05,0.357197084635163,0.05,2016-17,1
190,0.3292022,0.3292022,0.05,0.3615332838648,0.05,2016-17,1
191,0.3292022,0.3292022,0.05,0.366236928763734,0.05,2016-17,1
192,0.3292022,0.3292022,0.05,0.37131842870954,0.05,2016-17,1
193,0.3292022,0.3292022,0.05,0.37678804123913,0.05,2016-17,1
194,0.3292022,0.3292022,0.05,0.382655970474873,0.05,2016-17,1
195,0.3292022,0.3292022,0.05,0.388932074700334,0.05,2016-17,1
196,0.3292022,0.3292022,0.05,0.395625680067724,0.05,2016-17,1
197,0.3292022,0.3292022,0.05,0.402745440221539,0.05,2016-17,1
198,0.3292022,0.3292022,0.05,0.410299179158445,0.05,2016-17,1
199,0.3292022,0.3292022,0.05,0.418293786809684,0.05,2016-17,1
200,0.3292022,0.3292022,0.05,0.426735240277516,0.05,2016-17,1
201,0.3292022,0.3292022,0.05,0.435628265209629,0.05,2016-17,1
202,0.3292022,0.3292022,0.05,0.444976260057546,0.05,2016-17,1
203,0.3292022,0.3292022,0.05,0.454780856532462,0.05,2016-17,1
204,0.3292022,0.3292022,0.05,0.465041606519073,0.05,2016-17,1
205,0.3292022,0.3292022,0.05,0.475755733098283,0.05,2016-17,1
206,0.3292022,0.3292022,0.05,0.486917881188935,0.05,2016-17,1
207,0.3292022,0.3292022,0.05,0.498519873864687,0.05,2016-17,1
208,0.3292022,0.3292022,0.05,0.510550481394878,0.05,2016-17,1
209,0.3292022,0.3292022,0.05,0.522995210969676,0.05,2016-17,1
210,0.3292022,0.3292022,0.05,0.53583612583067,0.05,2016-17,1
211,0.3292022,0.3292022,0.05,0.549051703061019,0.05,2016-17,1
212,0.3292022,0.3292022,0.05,0.562616739512575,0.05,2016-17,1
213,0.3292022,0.3292022,0.05,0.576502315180738,0.05,2016-17,1
214,0.3292022,0.3292022,0.05,0.590675822709571,0.05,2016-17,1
215,0.3292022,0.3292022,0.05,0.605101070565218,0.05,2016-17,1
216,0.3292022,0.3292022,0.05,0.619738465726274,0.05,2016-17,1
217,0.3292022,0.3292022,0.05,0.634545279511143,0.052,2016-17,1
218,0.3292022,0.3292022,0.05,0.649475997441523,0.054,2016-17,1
219,0.3292022,0.3292022,0.05,0.664482750920294,0.056,2016-17,1
220,0.3292022,0.3292022,0.05,0.679515825118712,0.058,2016-17,1
221,0.3292022,0.3292022,0.05,0.694524233999811,0.06,2016-17,1
222,0.3292022,0.3292022,0.05,0.709456350060332,0.064,2016-17,1
223,0.3292022,0.3292022,0.05,0.724260573375371,0.068,2016-17,1
224,0.3292022,0.3292022,0.05,0.738886022097597,0.072,2016-17,1
225,0.3292022,0.3292022,0.05,0.753283224891166,0.076,2016-17,1
226,0.3292022,0.3292022,0.05,0.767404795019385,0.08,2016-17,1
227,0.3292022,0.3292022,0.05,0.781206066043069,0.09,2016-17,1
228,0.3292022,0.3292022,0.05,0.794645670338609,0.1,2016-17,1
229,0.3292022,0.3292022,0.05,0.807686043848812,0.11,2016-17,1
230,0.3292022,0.3292022,0.05,0.820293843500497,0.12,2016-17,1
231,0.3292022,0.3292022,0.05,0.832440267364408,0.13,2016-17,1
232,0.3292022,0.3292022,0.05,0.844101271656399,0.144,2016-17,1
233,0.3292022,0.3292022,0.05,0.855257682825273,0.158,2016-17,1
234,0.3292022,0.3292022,0.05,0.865895206986774,0.172,2016-17,1
235,0.3292022,0.3292022,0.05,0.876004342615417,0.186,2016-17,1
236,0.3292022,0.3292022,0.05,0.885580205509739,0.2,2016-17,1
237,0.3292022,0.3292022,0.05,0.894622277471035,0.214,2016-17,1
238,0.3292022,0.3292022,0.05,0.903134091810114,0.228,2016-17,1
239,0.3292022,0.3292022,0.05,0.91112286772513,0.242,2016-17,1
240,0.3292022,0.3292022,0.05,0.918599104325224,0.256,2016-17,1
241,0.3292022,0.3292022,0.05,0.925576162447759,0.27,2016-17,1
242,0.3292022,0.3292022,0.05,0.932069845430616,0.284,2016-17,1
243,0.3292022,0.3292022,0.05,0.938097967496715,0.298,2016-17,1
244,0.3292022,0.3292022,0.05,0.943679951051546,0.312,2016-17,1
245,0.3292022,0.3292022,0.05,0.948836427816461,0.326,2016-17,1
246,0.3292022,0.3292022,0.05,0.953588885412268,0.34,2016-17,1
247,0.3292022,0.3292022,0.05,0.957959321850269,0.354,2016-17,1
248,0.3292022,0.3292022,0.05,0.961969952506505,0.368,2016-17,1
249,0.3292022,0.3292022,0.05,0.965642967270931,0.382,2016-17,1
250,0.3292022,0.3292022,0.05,0.969000299829525,0.396,2016-17,1
251,0.3292022,0.3292022,0.05,0.972063422212233,0.41,2016-17,1
252,0.3292022,0.3292022,0.05,0.974853196780454,0.424,2016-17,1
253,0.3292022,0.3292022,0.05,0.977389737460015,0.438,2016-17,1
254,0.3292022,0.3292022,0.05,0.979692312435719,0.452,2016-17,1
255,0.3292022,0.3292022,0.05,0.981779276454572,0.466,2016-17,1
256,0.3292022,0.3292022,0.05,0.983668024926722,0.48,2016-17,1
257,0.3292022,0.3292022,0.05,0.985374967046886,0.494,2016-17,1
258,0.3292022,0.3292022,0.05,0.986915515247729,0.508,2016-17,1
259,0.3292022,0.3292022,0.05,0.988304088440568,0.522,2016-17,1
260,0.3292022,0.3292022,0.05,0.989554129026318,0.536,2016-17,1
261,0.3292022,0.3292022,0.05,0.990678131865435,0.55,2016-17,1
262,0.3292022,0.3292022,0.05,0.991687667662643,0.564,2016-17,1
263,0.3292022,0.3292022,0.05,0.992593422512007,0.578,2016-17,1
264,0.3292022,0.3292022,0.05,0.993405231631404,0.592,2016-17,1
265,0.3292022,0.3292022,0.05,0.994132122764958,0.606,2016-17,1
266,0.3292022,0.3292022,0.05,0.994782363373059,0.62,2016-17,1
267,0.3292022,0.3292022,0.05,0.995363508256934,0.632,2016-17,1
268,0.3292022,0.3292022,0.05,0.995882446908779,0.644,2016-17,1
269,0.3292022,0.3292022,0.05,0.996345450016809,0.656,2016-17,1
270,0.3292022,0.3292022,0.05,0.9967582146759,0.668,2016-17,1
271,0.3292022,0.3292022,0.05,0.997125907959707,0.68,2016-17,1
272,0.3292022,0.3292022,0.05,0.997453208600355,0.692,2016-17,1
273,0.3292022,0.3292022,0.05,0.997744347260197,0.704,2016-17,1
274,0.3292022,0.3292022,0.05,0.99800314533795,0.716,2016-17,1
275,0.3292022,0.3292022,0.05,0.999490544128018,0.728,2016-17,1
276,0.3292022,0.3292022,0.05,0.999345019820463,0.74,2016-17,1
277,0.3292022,0.3292022,0.05,0.999158865907601,0.75,2016-17,1
278,0.3292022,0.3292022,0.05,0.998921167584051,0.76,2016-17,1
279,0.3292022,0.3292022,0.05,0.998618250279282,0.77,2016-17,1
280,0.3292022,0.3292022,0.05,0.998233047333073,0.78,2016-17,1
281,0.3292022,0.3292022,0.05,0.997744347260197,0.79,2016-17,1
282,0.3292022,0.3292022,0.05,0.997125907959707,0.798,2016-17,1
283,0.3292022,0.3292022,0.05,0.996345450016809,0.806,2016-17,1
284,0.3292022,0.3292022,0.05,0.995363508256934,0.814,2016-17,1
285,0.3292022,0.3292022,0.05,0.994132122764958,0.822,2016-17,1
286,0.3292022,0.3292022,0.05,0.992593422512007,0.83,2016-17,1
287,0.3292022,0.3292022,0.05,0.990678131865435,0.838,2016-17,1
288,0.3292022,0.3292022,0.05,0.988304088440568,0.846,2016-17,1
289,0.3292022,0.3292022,0.05,0.985374967046886,0.854,2016-17,1
290,0.3292022,0.3292022,0.05,0.981779276454572,0.862,2016-17,1
291,0.3292022,0.3292022,0.05,0.977389737460015,0.87,2016-17,1
292,0.3292022,0.3292022,0.05,0.972063422212233,0.876,2016-17,1
293,0.3292022,0.3292022,0.05,0.965642967270931,0.882,2016-17,1
294,0.3292022,0.3292022,0.05,0.957959321850269,0.888,2016-17,1
295,0.3292022,0.3292022,0.05,0.948836427816461,0.894,2016-17,1
296,0.3292022,0.3292022,0.05,0.938097967496715,0.9,2016-17,1
297,0.3292022,0.3292022,0.05,0.925576162447759,0.906,2016-17,1
298,0.3292022,0.3292022,0.05,0.91112286772513,0.912,2016-17,1
299,0.3292022,0.3292022,0.05,0.894622277471035,0.918,2016-17,1
300,0.3292022,0.3292022,0.05,0.876004342615417,0.924,2016-17,1
301,0.3292022,0.3292022,0.05,0.855257682825273,0.93,2016-17,1
302,0.3292022,0.3292022,0.05,0.832440267364408,0.936,2016-17,1
303,0.3292022,0.3292022,0.05,0.807686043848812,0.942,2016-17,1
304,0.3292022,0.3292022,0.05,0.781206066043069,0.948,2016-17,1
305,0.3292022,0.3292022,0.05,0.753283224891166,0.954,2016-17,1
306,0.3292022,0.3292022,0.05,0.724260573375371,0.96,2016-17,1
307,0.3292022,0.3292022,0.05,0.694524233999811,0.964,2016-17,1
308,0.3292022,0.3292022,0.05,0.664482750920294,0.968,2016-17,1
309,0.3292022,0.3292022,0.05,0.634545279511143,0.972,2016-17,1
310,0.3292022,0.3292022,0.05,0.605101070565218,0.976,2016-17,1
311,0.3292022,0.3292022,0.05,0.576502315180738,0.98,2016-17,1
312,0.3292022,0.3292022,0.05,0.549051703061019,0.983,2016-17,1
313,0.3292022,0.3292022,0.05,0.522995210969676,0.986,2016-17,1
314,0.3292022,0.3292022,0.05,0.498519873864687,0.989,2016-17,1
315,0.3292022,0.3292022,0.05,0.475755733098283,0.992,2016-17,1
316,0.3292022,0.3292022,0.05,0.454780856532462,0.995,2016-17,1
317,0.3292022,0.3292022,0.05,0.435628265209629,0.996666666666667,2016-17,1
318,0.3292022,0.3292022,0.05,0.418293786809684,0.998333333333333,2016-17,1
319,0.3292022,0.3292022,0.05,0.402745440221539,1,2016-17,1
