time,corn,other,perm,rice,seas,group,br,whep_fall,whep_vardd
1,0,0,25.64419695873039,167.6051414637741,0,2013-14,NA,0,0
2,0,0,25.362961597503727,161.10800987633365,0,2013-14,NA,0,0
3,0,0,25.04690773671564,154.84881514403833,0,2013-14,NA,0,0
4,0,0,24.690140676199462,148.81897539933016,0,2013-14,NA,0,0
5,0,0,24.288735740878565,143.00994556351725,0,2013-14,NA,0,0
6,0,0,23.821864476597966,137.40998122831115,0,2013-14,NA,0,0
7,0,0,23.286759618168617,132.01186025835023,0,2013-14,NA,0,0
8,0,0,22.68228991364913,126.8083162740013,0,2013-14,NA,0,0
9,0,0,21.991588152272016,121.78676126903702,0,2013-14,NA,0,0
10,0,0,21.199953451168312,116.93569313660782,0,2013-14,NA,0,0
11,0,0,20.30515194768077,112.24877997330123,0,2013-14,NA,0,0
12,0,0,19.29837776813656,107.71516392269314,0,2013-14,NA,0,0
13,0,0,18.172158886497073,103.32503625473328,0,2013-14,NA,0,0
14,0,0,16.92775857843776,99.07586829945012,0,2013-14,NA,0,0
15,0,0,15.566985802160161,94.96478597441546,0,2013-14,NA,0,0
16,0,0,14.0881872942266,90.98385667093635,0,2013-14,NA,0,0
17,0,0,12.491576931743111,87.13096272874054,0,2013-14,NA,0,0
18,0,0,10.777473582161065,83.40366571541563,0,2013-14,NA,0,0
19,0,0,8.945703078336464,79.79435045993864,0,2013-14,NA,0,0
20,0,0,6.994315009834509,76.3012446914147,0,2013-14,NA,0,0
21,0,0,4.921061307899436,72.92228462623484,0,2013-14,NA,0,0
22,0,0,2.7257928785163585,69.65031460004093,0,2013-14,NA,0,0
23,0,0,0.40345918846605855,66.4837945868046,0,2013-14,NA,0,0
24,0,0,0,63.42092543727313,0,2013-14,NA,0,0
25,0,0,0,60.45354554211258,0,2013-14,NA,0,0
26,0,0,0,57.57444345595604,0,2013-14,NA,0,0
27,0,0,0,54.781559776581844,0,2013-14,NA,0,0
28,0,0,0,52.06864263316265,0,2013-14,NA,0,0
29,0,0,0,49.430101313902924,0,2013-14,NA,0,0
30,0,0,0,46.86589252449244,0,2013-14,NA,0,0
31,0,0,0,44.375573505806415,0,2013-14,NA,0,0
32,0,0,0,41.95496289927701,0,2013-14,NA,0,0
33,0,0,0,39.60310123148133,0,2013-14,NA,0,0
34,0,0,0,37.31870340418641,0,2013-14,NA,0,0
35,0,0,0,35.09750477738112,0,2013-14,NA,0,0
36,0,0,0,32.93759892339517,0,2013-14,NA,0,0
37,0,0,0,30.836816404490946,0,2013-14,NA,0,0
38,0,0,0,28.790807121017565,0,2013-14,NA,0,0
39,0,0,0,26.796679482281093,0,2013-14,NA,0,0
40,0,0,0,24.85132371227826,0,2013-14,NA,0,0
41,0,0,0,22.95003706141165,0,2013-14,NA,0,0
42,0,0,0,21.088045059006163,0,2013-14,NA,0,0
43,0,0,0,19.261086865946027,0,2013-14,NA,0,0
44,0,0,0,17.46457848526211,0,2013-14,NA,0,0
45,0,0,0,15.693702455043763,0,2013-14,NA,0,0
46,0,0,0,13.942981075211492,0,2013-14,NA,0,0
47,0,0,0,12.206673014444618,0,2013-14,NA,0,0
48,0,0,0,10.479420959251229,0,2013-14,NA,0,0
49,0,0,0,8.75424690171269,0,2013-14,NA,0,0
50,0,0,0,7.023808646687712,0,2013-14,NA,0,0
51,0,0,0,5.281819181737774,0,2013-14,NA,0,0
52,0,0,0,3.5194208683926718,0,2013-14,NA,0,0
53,0,0,0,1.7272061798223604,0,2013-14,NA,0,0
54,0,0,0,0,0,2013-14,NA,0,0
55,0,0,0,0,0,2013-14,NA,0,0
56,0,0,0,0,0,2013-14,NA,0,0
57,0,0,0,0,0,2013-14,NA,0,0
58,0,0,0,0,0,2013-14,NA,0,0
59,0,0,0,0,0,2013-14,NA,0,0
60,0,0,0,0,0,2013-14,NA,0,0
61,0,0,0,0,0,2013-14,NA,0,0
62,0,0,0,0,0,2013-14,NA,0,0
63,0,0,0,0,0,2013-14,NA,0,0
64,0,0,0,0,0,2013-14,NA,0,0
65,0,0,0,0,0,2013-14,NA,0,0
66,0,0,0,0,0,2013-14,NA,0,0
67,0,0,0,0,0,2013-14,NA,0,0
68,0,0,0,0,0,2013-14,NA,0,0
69,0,0,0,0,0,2013-14,NA,0,0
70,0,0,0,0,0,2013-14,NA,0,0
71,0,0,0,0,0,2013-14,NA,0,0
72,0,0,0,0,0,2013-14,NA,0,0
73,0,0,0,0,0,2013-14,NA,0,0
74,0,0,0,0,0,2013-14,NA,0,0
75,0,0,0,0,0,2013-14,NA,0,0
76,0,0,0,0,0,2013-14,NA,0,0
77,0,0,0,0,0,2013-14,NA,0,0
78,0,0,0,0,0,2013-14,NA,0,0
79,0,0,0,0,0,2013-14,NA,0,0
80,0,0,0,0,0,2013-14,NA,0,0
81,0,0,0,0,0,2013-14,NA,0,0
82,0,0,0,0,0,2013-14,NA,0,0
83,0,0,0,0,0,2013-14,NA,0,0
84,0,0,0,0,0,2013-14,NA,0,0
85,0,0,0,0,0,2013-14,NA,0,0
86,0,0,0,0,0,2013-14,NA,0,0
87,0,0,0,0,0,2013-14,NA,0,0
88,0,0,0,0,0,2013-14,NA,0,0
89,0,0,0,0,0,2013-14,NA,0,0
90,0,0,0,0,0,2013-14,NA,0,0
91,0,0,0,0,0,2013-14,NA,0,0
92,0,0,0,0,0,2013-14,NA,0,0
93,0,0,0,0,0,2013-14,NA,0,0
94,0,0,0,0,0,2013-14,NA,0,0
95,0,0,0,0,0,2013-14,NA,0,0
96,0,0,0,0,0,2013-14,NA,0,0
97,0,0,0,0,0,2013-14,NA,0,0
98,0,0,0,0,0,2013-14,NA,0,0
99,0,0,0,0,0,2013-14,NA,0,0
100,0,0,0,0,0,2013-14,NA,0,0
101,0,0,0,0,0,2013-14,NA,0,0
102,0,0,0,0,0,2013-14,NA,0,0
103,0,0,0,0,0,2013-14,NA,0,0
104,0,0,0,0,0,2013-14,NA,0,0
105,0,0,0,0,0,2013-14,NA,0,0
106,0,0,0,0,0,2013-14,NA,0,0
107,0,0,0,0,0,2013-14,NA,0,0
108,0,0,0,0,0,2013-14,NA,0,0
109,0,0,0,0,0,2013-14,NA,0,0
110,0,0,0,0,6.915595216341899,2013-14,NA,0,0
111,0,0,0,0,69.07776912167901,2013-14,NA,0,0
112,0,0,0,0,120.77406654384322,2013-14,NA,0,0
113,0,0,0,0,161.58407764460208,2013-14,NA,0,0
114,0,0,0,0,191.14672984204662,2013-14,NA,0,0
115,0,0,0,0,209.14653804990303,2013-14,NA,0,0
116,0,0,0,0,215.31096454663566,2013-14,NA,0,0
117,0,0,0,0,209.40552041485353,2013-14,NA,0,0
118,0,0,0,0,191.2328861302667,2013-14,NA,0,0
119,0,0,0,0,160.60296199703953,2013-14,NA,0,0
120,0,0,0,0,117.3412084953743,2013-14,NA,0,0
121,0,0,0,0,61.308578399977705,2013-14,NA,0,0
122,0,0,0,0,0,2013-14,NA,0,0
123,0,0,0,0,0,2013-14,NA,0,0
124,0,0,0,0,0,2013-14,NA,0,0
125,0,0,0,0,0,2013-14,NA,0,0
126,0,0,0,0,0,2013-14,NA,0,0
127,0,0,0,0,0,2013-14,NA,0,0
128,0,0,0,0,0,2013-14,NA,0,0
129,0,0,0,0,0,2013-14,NA,0,0
130,0,0,0,0,0,2013-14,NA,0,0
131,0,0,0,0,0,2013-14,NA,0,0
132,0,0,0,0,0,2013-14,NA,0,0
133,0,0,0,0,0,2013-14,NA,0,0
134,0,0,0,0,0,2013-14,NA,0,0
135,0,0,0,0,0,2013-14,NA,0,0
136,0,0,0,0,0,2013-14,NA,0,0
137,0,0,9.094947017729282e-13,0,0,2013-14,NA,0,0
138,0,0,0,0,0,2013-14,NA,0,0
139,0,0,0,0,0,2013-14,NA,0,0
140,0,0,0,0,0,2013-14,NA,0,0
141,0,0,0,0,0,2013-14,NA,0,0
142,0,0,0,0,0,2013-14,NA,0,0
143,0,0,0,0,0,2013-14,NA,0,0
144,0,0,0,0,0,2013-14,NA,0,0
145,0,0,0,0,0,2013-14,NA,0,0
146,0,0,0,0,0,2013-14,NA,0,0
147,0,0,0,0,0,2013-14,NA,0,0
148,0,0,0,0,0,2013-14,NA,0,0
149,0,0,0,0,0,2013-14,NA,0,0
150,0,0,0,0,0,2013-14,NA,0,0
151,0,0,0,0,0,2013-14,NA,0,0
152,0,0,0,0,0,2013-14,NA,0,0
153,0,0,0,0,0,2013-14,NA,0,0
154,0,0,9.094947017729282e-13,0,0,2013-14,NA,0,0
155,0,0,0,0,0,2013-14,NA,0,0
156,0,0,0,0,0,2013-14,NA,0,0
157,0,0,0,0,0,2013-14,NA,0,0
158,0,0,0,28.167818608082598,0,2013-14,NA,0,0
159,0,0,0,53.33583858796919,0,2013-14,NA,0,0
160,0,0,0,74.48212874264573,0,2013-14,NA,0,0
161,0,0,0,91.62115682805597,0,2013-14,NA,0,0
162,0,0,0,104.78527770465007,0,2013-14,NA,0,0
163,0,0,0,114.09997858057613,0,2013-14,NA,0,0
164,0,0,0,119.6036136727198,0,2013-14,NA,0,0
165,0,0,9.094947017729282e-13,121.3487017214502,0,2013-14,NA,0,0
166,0,0,0,119.51520631200401,0,2013-14,NA,0,0
167,0,0,0,114.15596886115964,0,2013-14,NA,0,0
168,0,0,9.094947017729282e-13,105.33442690275842,0,2013-14,NA,0,0
169,0,0,0,93.33031097792264,0,2013-14,NA,0,0
170,0,0,0,78.43112211927655,0,2013-14,NA,0,0
171,0,0,0,60.7600141021685,0,2013-14,NA,0,0
172,0,0,0,40.63830551033607,0,2013-14,NA,0,0
173,0,0,0,18.393142636705306,0,2013-14,NA,0,0
174,0,0,0,0,0,2013-14,NA,0,0
175,0,0,0,0,0,2013-14,NA,0,0
176,0,0,0,0,0,2013-14,NA,0,0
177,0,0,0,0,0,2013-14,NA,0,0
178,0,0,0,0,0,2013-14,NA,0,0
179,0,0,0,0,0,2013-14,NA,0,0
180,0,0,0,0,0,2013-14,NA,0,0
181,0,0,0,0,0,2013-14,NA,0,0
182,0,0,0,0,0,2013-14,NA,0,0
183,0,0,0,0,0,2013-14,NA,0,0
184,0,0,9.094947017729282e-13,0,0,2013-14,NA,0,0
185,0,0,0,0,0,2013-14,NA,0,0
186,0,0,0,0,0,2013-14,NA,0,0
187,0,0,0,0,0,2013-14,NA,0,0
188,0,0,0,0,0,2013-14,NA,0,0
189,0,0,0,0,0,2013-14,NA,0,0
190,0,44.83733620373823,0,0,0,2013-14,NA,0,0
191,0,106.81281124259112,9.094947017729282e-13,0,0,2013-14,NA,0,0
192,0,167.25151303921302,0,0,0,2013-14,NA,0,0
193,0,225.97599764572806,9.094947017729282e-13,0,0,2013-14,NA,0,0
194,0,282.73089717324183,0,0,0,2013-14,NA,0,0
195,0,337.28251159268257,0,0,0,2013-14,NA,0,0
196,0,389.52924534452904,0,0,0,2013-14,NA,0,0
197,0,439.3907904152293,9.094947017729282e-13,0,0,2013-14,NA,0,0
198,0,486.74153265218774,0,0,0,2013-14,NA,0,0
199,0,531.5243652348581,9.094947017729282e-13,0,0,2013-14,NA,0,0
200,0,573.7030704731151,0,0,0,2013-14,NA,0,0
201,0,613.2208646977524,0,0,0,2013-14,NA,0,0
202,2.109937461806112,650.0396223851858,0,0,0,2013-14,NA,0,0
203,19.607303632052208,684.1495769447356,0,0,0,2013-14,NA,0,0
204,37.131389297279384,715.5656322062132,0,0,0,2013-14,NA,0,0
205,54.66610080413011,744.3249508895533,0,0,2.130808455076476,2013-14,NA,0,0
206,72.1884831697098,770.4600239849387,9.094947017729282e-13,0,4.236656776221935,2013-14,NA,0,0
207,89.67424206003125,794.0184150582791,0,0,6.241511164073017,2013-14,NA,0,0
208,107.10227553504592,815.089195795008,0,0,8.195931201858912,2013-14,NA,0,0
209,124.4477523000387,833.7463444878667,9.094947017729282e-13,0,10.1262370870827,2013-14,NA,0,0
210,141.68515104426115,850.1225536413258,0,0,12.100867157714674,2013-14,NA,0,0
211,158.78704488740186,864.3569494459371,0,0,14.189351148335845,2013-14,NA,0,0
212,175.72547302438397,876.5192288946273,0,0,16.405852021671308,2013-14,NA,0,0
213,192.47042397469704,886.6864347288938,9.094947017729282e-13,0,18.765014042859548,2013-14,NA,0,0
214,208.98646898128573,895.0035430160206,0,0,21.324710976150527,2013-14,NA,0,0
215,225.2429292881934,901.5477071651985,9.094947017729282e-13,0,24.099738664459437,2013-14,NA,0,0
216,241.2070585184374,906.3999272213696,0,0,27.10448004259524,2013-14,NA,0,0
217,256.8318143876895,909.7388686949998,9.094947017729282e-13,0,30.40869684493373,2013-14,NA,0,0
218,272.0642405332219,911.7637620066307,9.094947017729282e-13,40.814243010856444,34.094309640735446,2013-14,NA,0,0
219,286.8538309273754,912.6432940406448,0,134.88409937189135,38.228160234772076,2013-14,NA,0,0
220,301.1628756874561,912.4670321015947,1.8189894035458565e-12,233.1453232904314,42.8364135902375,2013-14,NA,0,0
221,314.9419901684414,911.3703471941553,0,335.193837945073,47.96791879076045,2013-14,NA,0,0
222,328.1602764039635,909.4113885894185,0,440.84356705256505,53.63634370649379,2013-14,NA,0,0
223,340.78611717953754,906.6459707808317,0,549.8648449626344,59.85309133132978,2013-14,NA,0,0
224,352.7676139316318,903.1949094880474,0,661.7005758315208,66.65776967047714,2013-14,NA,0,0
225,364.0688721320912,899.1280179414243,0,775.9569369706733,74.06971564218111,2013-14,NA,0,0
226,374.6305524217314,894.5699973980518,0,891.8431139922759,82.12700975442567,2013-14,NA,0,0
227,384.3962635695134,889.6358340868828,0,1008.5209632556071,90.86477270521573,2013-14,NA,0,0
228,393.3474263391872,884.3585829183285,9.094947017729282e-13,1125.6039044040226,100.29326597295585,2013-14,NA,0,0
229,401.46699592026926,878.7665566462965,0,1242.6497914788488,110.41937401802716,2013-14,NA,0,5985.080836081827
230,408.7130157348038,872.9310053401205,0,1358.7623851472163,121.25717862268357,2013-14,NA,0,0
231,415.07667707594373,866.8755030980392,0,1473.4284898555343,132.81432484184188,2013-14,NA,0,0
232,420.5517008171446,860.6184743604899,0,1586.0817259893083,145.09464213529282,2013-14,NA,0,0
233,425.0961913567771,854.2161507563724,0,1695.518827711203,158.09339755112887,2013-14,NA,0,0
234,428.66513666410174,847.723680826246,9.094947017729282e-13,1800.3644629102782,171.79702709543926,2013-14,NA,0,0
235,431.2312193245998,841.1782924411018,0,1899.3951278561435,186.18942051195336,2013-14,NA,0,0
236,432.8035669127494,834.5900058136904,9.094947017729282e-13,1991.8577341369964,201.2639139285311,2013-14,NA,0,5985.080836081827
237,433.377055179275,827.9725224165595,0,2076.7073198778526,216.99566455488093,2013-14,NA,0,0
238,432.98180526952456,821.3276699060661,0,2153.4024994823267,233.38139595187386,2013-14,NA,0,0
239,431.65170438916357,814.6528065729653,0,2221.4384666320693,250.41296539566247,2013-14,NA,0,0
240,429.3973620099423,807.9432648053698,9.094947017729282e-13,2279.922702564465,268.0466031419128,2013-14,NA,0,0
241,426.2534402770307,801.1935110689737,0,2328.358406583153,286.25729493803374,2013-14,NA,0,0
242,422.23411155666327,794.3845794986337,0,2365.935993382329,304.9727849114497,2013-14,NA,0,0
243,417.36069816553027,787.495409163028,0,2392.0100432704276,324.1147717576896,2013-14,1985.4918808541106,0,5985.080836081827
244,411.6914239701382,780.5233500592076,0,2406.631845607473,343.66106357270473,2013-14,NA,0,0
245,405.28662458020153,773.4629754972048,9.094947017729282e-13,2409.9833697381036,363.5837592827229,2013-14,NA,0,0
246,398.18781075411607,766.2872033157255,0,2402.0267927565365,383.7978355202504,2013-14,NA,0,0
247,390.45855203942483,758.9935542505336,0,2383.224632541751,404.26824462275545,2013-14,NA,0,0
248,382.1631386915833,751.5777910593824,0,2354.1667130255446,424.954140220314,2013-14,NA,0,0
249,373.3453265905282,743.998138174793,0,2315.187226285074,445.7301369729539,2013-14,NA,0,0
250,364.0475049438337,736.2048358394168,0,2266.708427321377,466.4440738963167,2013-14,NA,0,5985.080836081827
251,354.31938919256027,728.1609285052618,0,2209.3983064338317,486.9582253642584,2013-14,NA,0,0
252,344.2233254858329,719.8626920423485,9.094947017729282e-13,2144.2616838706526,507.1923919082401,2013-14,NA,0,0
253,333.81427546604573,711.2862678382589,0,2072.2378106866163,527.0202420967107,2013-14,NA,0,0
254,323.1533805195086,702.4422844328874,0,1994.4670203167916,546.3752323443987,2013-14,NA,0,0
255,312.2993962630662,693.3415869432501,0,1912.0842990102756,565.188383208013,2013-14,NA,0,0
256,301.30308515812794,683.9648172285451,0,1826.0758598063258,583.3267816137086,2013-14,NA,0,0
257,290.21494121795695,674.3162428488649,0,1737.461942668022,600.6979784757714,2013-14,1340.4410336754659,0,0
258,279.0816380682645,664.373185878896,0,1647.1450576792668,617.152000923983,2013-14,NA,0,0
259,267.94678376866887,654.1175390742574,0,1555.9666117736779,632.541917696668,2013-14,NA,0,0
260,256.84909029676146,643.5706916016825,0,1464.7326116352233,646.7987430622234,2013-14,NA,0,0
261,245.82411206645793,632.7550990891541,0,1374.1561338827742,659.8585661820798,2013-14,NA,0,0
262,234.90724352614052,621.6707439312886,0,1284.8487295746017,671.613101524239,2013-14,NA,0,0
263,224.12448777854024,610.3409421510696,0,1197.296614593004,682.0075246418746,2013-14,NA,0,0
264,213.49893559920838,598.7902429923524,0,1111.894441801116,690.996059715686,2013-14,NA,0,0
265,203.0602640046518,587.0224417882309,0,1029.0088848246014,698.4915233230531,2013-14,NA,0,0
266,192.83720477294537,575.040883187372,0,948.9354282755121,704.4103238179778,2013-14,NA,0,0
267,182.85160517651275,562.8571457026119,0,871.85955347665,708.6958845858717,2013-14,NA,0,0
268,173.11218826134518,550.495735319837,0,797.8146258997913,711.3353319762937,2013-14,NA,0,0
269,163.63259762454345,537.9778148485202,9.094947017729282e-13,726.8346528862421,712.3157155567533,2013-14,NA,0,0
270,154.4115570673548,525.3291033124406,0,658.792312077614,711.6549709412284,2013-14,NA,0,0
271,145.4465552640513,512.5762188247281,9.094947017729282e-13,593.5246713504894,709.3855392868754,2013-14,565.8818265034338,0,0
272,136.74612710463134,499.74585650146764,0,530.9412784703636,705.5431905334808,2013-14,NA,0,0
273,128.30742002148054,486.86321808917637,9.094947017729282e-13,470.8315102515844,700.1805964744417,2013-14,NA,0,0
274,120.14037506149998,473.96052502281964,0,413.0845327484876,693.3654641808134,2013-14,NA,0,0
275,112.25229472568208,461.06964145950406,9.094947017729282e-13,357.553200487866,685.1770773558073,2013-14,NA,0,0
276,104.62901849752416,448.2089165597463,0,303.8877082103809,675.6941830882952,2013-14,NA,0,0
277,97.25644044306864,435.397218098693,0,251.73258276827073,665.0051588484712,2013-14,NA,0,0
278,90.13523193400852,422.6663632894051,0,200.86219242366315,653.2198630517778,2013-14,NA,0,0
279,83.24942468385325,410.0305827379707,0,150.8875027979666,640.4328814198016,2013-14,NA,0,0
280,76.58332319809415,397.504396215194,0,101.41195549846998,626.7441701170064,2013-14,NA,0,0
281,70.14194274674537,385.1272392832507,0,52.22945699036063,612.2896266404059,2013-14,NA,0,0
282,63.934261482912916,372.94369158411064,0,3.1710602302155166,597.2138677894818,2013-14,NA,0,0
283,57.962995832172055,360.98913665076543,0,0,581.649007489701,2013-14,NA,0,0
284,52.215104082017206,349.2751260236073,0,0,565.6930783495609,2013-14,NA,0,0
285,46.688292330654804,337.8281719880397,0,0,549.4630557312903,2013-14,NA,0,0
286,41.36546219575894,326.6487668201189,0,0,533.0357219450216,2013-14,NA,0,0
287,36.23045070812168,315.7375410438217,0,0,516.4851437583247,2013-14,NA,0,0
288,31.28247613007443,305.1193122276236,0,0,499.9158360914653,2013-14,NA,0,0
289,26.511600051312143,294.80032063009276,0,0,483.40049343928786,2013-14,NA,0,0
290,21.92205525576719,284.81084125331836,0,0,467.0413104843565,2013-14,NA,0,0
291,17.518408269816973,275.1784526120791,0,0,450.92975102484525,2013-14,NA,0,0
292,13.288770675621436,265.8960662131067,0,0,435.10116195213413,2013-14,NA,0,0
293,9.2220934198549,256.9564424037562,9.094947017729282e-13,0,419.58649236356814,2013-14,NA,0,0
294,5.319912981773541,248.37518495081895,0,0,404.44480121974175,2013-14,NA,0,0
295,1.5738319474135096,240.1441129359264,0,0,389.69525311178313,2013-14,NA,0,0
296,0,232.2545693672855,0,0,375.3528240106152,2013-14,NA,0,0
297,0,224.72388136262452,9.094947017729282e-13,0,361.4663044779968,2013-14,NA,0,0
298,0,217.5725836869551,0,0,348.08381604460146,2013-14,NA,0,0
299,0,210.8121582012791,0,0,335.2350599706406,2013-14,NA,0,0
300,0,204.4353876228215,0,0,322.9183559073408,2013-14,NA,0,0
301,0,198.4433946064819,0,0,311.1423174059032,2013-14,NA,0,0
302,0,192.8239325572922,0,0,299.89208602400504,2013-14,NA,0,0
303,0,187.56367897248492,0,0,289.1504200534773,2013-14,NA,0,0
304,0,182.65774378649076,9.094947017729282e-13,0,278.9133783693187,2013-14,NA,0,0
305,0,178.09503578898511,0,0,269.16488453808665,2013-14,NA,0,0
306,0,173.86646718268457,0,0,259.89529721786266,2013-14,NA,0,0
307,0,169.96123797361543,0,0,251.0916614460732,2013-14,NA,0,0
308,0,166.36664551601461,0,0,242.731235098433,2013-14,NA,0,0
309,0,163.06829775924416,0,0,234.78970188576528,2013-14,NA,0,0
310,0,160.04692902131137,0,0,227.24313331917358,2013-14,NA,0,0
311,0,157.28969090977444,100.819330106714,0,119.2499263067678,2013-14,NA,0,0
312,0,154.78183876297044,213.24440503477945,0,0,2013-14,NA,0,0
313,0,152.49158718985564,206.7355053925803,0,0,2013-14,NA,0,0
314,0,150.38036036115045,200.50585324555777,0,0,2013-14,NA,0,0
315,0,148.41311926077287,194.52219069890725,0,0,2013-14,NA,0,0
316,0,146.57122116438404,188.76348686082565,0,0,2013-14,NA,0,0
317,0,144.82052606517027,183.19852220625125,0,0,2013-14,NA,0,0
318,0,143.15046288299345,177.81467933572003,0,0,2013-14,NA,0,0
319,0,0,0,0,0,2013-14,NA,0,0
1,170.51038546873224,533.3322297244922,0,1720.919755936895,0,2014-15,NA,0,0
2,160.58862723569473,516.9731970628745,0,1593.381161512596,0,2014-15,NA,0,0
3,151.12414219431457,500.9456339580629,0,1472.4085418229133,0,2014-15,NA,0,0
4,142.09501841062638,485.2274138830235,0,1358.0999413646095,0,2014-15,NA,0,0
5,133.48585078271844,469.8046138619775,0,1250.4834813309844,0,2014-15,NA,0,0
6,125.24959811249073,454.60205506662896,0,1149.381885739036,0,2014-15,NA,0,0
7,117.38025340537365,439.6174361437734,0,1054.7273901579592,0,2014-15,NA,0,0
8,109.87426859155221,424.853754943495,0,966.4008184483046,0,2014-15,NA,0,0
9,102.70270987711592,410.25543028229185,0,884.1293976011402,0,2014-15,NA,0,0
10,95.84464585056344,395.7797143290063,0,807.6472965606536,0,2014-15,NA,0,0
11,89.29892674253688,381.4437374228164,0,736.7507554932263,0,2014-15,NA,0,0
12,83.05591922278995,367.2665471674827,0,671.169584369196,0,2014-15,NA,0,0
13,77.10780473460022,353.2390723483295,0,610.6323386036711,0,2014-15,NA,0,0
14,71.45391633440045,339.3790533554129,0,554.9051510972713,0,2014-15,NA,0,0
15,66.09206175712688,325.70481359842233,0,503.7379743721085,0,2014-15,NA,0,0
16,61.01672575073485,312.21697440406933,0,456.8513640611727,0,2014-15,NA,0,0
17,56.21971665985393,298.92998014845034,0,413.97843128971,0,2014-15,NA,0,0
18,51.69194225957949,285.8580579838599,0,374.8522304232174,0,2014-15,NA,0,0
19,47.425976719235564,273.0063142429317,0,339.2027229178707,0,2014-15,NA,0,0
20,43.408191638801895,260.3836958046122,0,306.7696134645207,0,2014-15,NA,0,0
21,39.624780848448495,247.9985562917991,0,277.302253149428,0,2014-15,NA,0,0
22,36.06703664266081,235.8571821231053,0,250.5618451080004,0,2014-15,NA,0,0
23,32.71830324077462,223.9621605729808,0,226.31736603404215,0,2014-15,NA,0,0
24,29.56229404775229,212.31540993976887,0,204.35179298067123,0,2014-15,NA,0,0
25,26.592640474512336,200.92522219804232,0,184.4691984523056,0,2014-15,NA,0,0
26,23.801686711520347,189.7981066251814,0,166.4851005002979,0,2014-15,NA,0,0
27,21.173394614380186,178.92761417080965,0,150.22079301089184,0,2014-15,NA,0,0
28,18.70054093022702,168.30691154160922,0,135.51899506412587,0,2014-15,NA,0,0
29,16.375529952951865,157.938996215501,0,122.2334289175626,0,2014-15,NA,2.149895793286255,0
30,14.179846990496458,147.8124665266041,0,110.21889013875057,0,2014-15,NA,2.149895793286255,0
31,12.096353593338563,137.9157135373116,0,99.34387430246625,0,2014-15,NA,2.149895793286255,0
32,10.117282330152193,128.25039617752464,0,89.49669018363193,0,2014-15,NA,2.149895793286255,0
33,8.227035494080724,118.80111270386988,0,80.5671972606865,0,2014-15,NA,2.149895793286255,0
34,6.411064132757019,109.55242016877219,0,72.45611455635799,0,2014-15,NA,2.149895793286255,0
35,4.663787234526012,100.50481960359775,0,65.08117746008588,0,2014-15,NA,2.149895793286255,0
36,2.9722125175710516,91.63988624705507,0,58.35970378289858,0,2014-15,NA,2.149895793286255,0
37,1.3241005555187257,82.93927236779473,0,52.217234391275724,0,2014-15,NA,2.149895793286255,0
38,0,74.40259980269548,0,46.593547583123154,0,2014-15,NA,2.149895793286255,0
39,0,66.00931482995657,0,41.42656596684219,0,2014-15,NA,2.149895793286255,0
40,0,57.73899585768231,0,36.66018023244931,0,2014-15,NA,2.149895793286255,0
41,0,49.59744374442835,0,32.25222480895013,0,2014-15,NA,2.149895793286255,0
42,0,41.58952123560903,0,28.16376488397782,0,2014-15,NA,2.149895793286255,0
43,0,33.69252432874691,0,24.35271806160449,0,2014-15,NA,2.149895793286255,0
44,0,25.8841987982496,0,20.78673656913054,0,2014-15,NA,2.149895793286255,0
45,0,18.163265681364464,2.2737367544323206e-13,17.436046457684142,0,2014-15,NA,2.149895793286255,0
46,0,10.507479641021746,0,14.26560892913244,0,2014-15,NA,2.149895793286255,0
47,0,2.894968493246779,0,11.243185862627342,0,2014-15,NA,2.149895793286255,0
48,0,0,0,8.344366305649146,0,2014-15,NA,2.149895793286255,0
49,0,0,0,5.541090843135066,0,2014-15,NA,2.149895793286255,0
50,0,0,0,2.80686868680732,0,2014-15,NA,2.149895793286255,0
51,0,0,0,0.12152663939070862,0,2014-15,NA,2.149895793286255,0
52,0,0,0,0,0,2014-15,NA,2.149895793286255,0
53,0,0,2.2737367544323206e-13,0,0,2014-15,NA,2.149895793286255,0
54,0,0,0,0,0,2014-15,NA,2.149895793286255,0
55,0,0,0,0,0,2014-15,NA,2.149895793286255,0
56,0,0,0,0,0,2014-15,NA,2.149895793286255,0
57,0,0,4.547473508864641e-13,0,0,2014-15,NA,2.149895793286255,0
58,0,0,0,0,0,2014-15,NA,2.149895793286255,0
59,0,0,0,0,0,2014-15,NA,2.149895793286255,0
60,0,0,0,0,0,2014-15,NA,2.149895793286255,0
61,0,0,0,0,0,2014-15,NA,2.149895793286255,0
62,0,0,0,0,0,2014-15,NA,2.149895793286255,0
63,0,0,0,0,0,2014-15,NA,2.149895793286255,0
64,0,0,0,0,0,2014-15,NA,2.149895793286255,0
65,0,0,0,0,0,2014-15,NA,2.149895793286255,0
66,0,0,2.2737367544323206e-13,0,0,2014-15,NA,2.149895793286255,0
67,0,0,0,0,0,2014-15,NA,2.149895793286255,0
68,0,0,2.2737367544323206e-13,0,0,2014-15,NA,2.149895793286255,0
69,0,0,0,0,0,2014-15,NA,2.149895793286255,0
70,0,0,2.2737367544323206e-13,0,0,2014-15,NA,2.149895793286255,0
71,0,0,0,0,0,2014-15,NA,2.149895793286255,0
72,0,0,0,0,0,2014-15,NA,2.149895793286255,0
73,0,0,0,0,0,2014-15,NA,2.149895793286255,0
74,0,0,0,0,0,2014-15,NA,2.149895793286255,0
75,0,0,2.2737367544323206e-13,0,0,2014-15,NA,2.149895793286255,0
76,0,0,0,0,0,2014-15,NA,2.149895793286255,0
77,0,0,0,0,0,2014-15,235.47543981327777,2.149895793286255,0
78,0,0,0,0,0,2014-15,NA,2.149895793286255,0
79,0,0,0,0,0,2014-15,NA,2.149895793286255,0
80,0,0,0,0,0,2014-15,NA,2.149895793286255,0
81,0,0,0,0,0,2014-15,NA,2.149895793286255,0
82,0,0,0,0,0,2014-15,NA,2.149895793286255,0
83,0,0,0,0,0,2014-15,NA,2.149895793286255,0
84,0,0,0,0,0,2014-15,NA,2.149895793286255,0
85,0,0,4.547473508864641e-13,0,0,2014-15,NA,2.149895793286255,0
86,0,0,0,0,0,2014-15,NA,2.149895793286255,0
87,0,0,0,0,0,2014-15,NA,2.149895793286255,0
88,0,0,0,0,0,2014-15,NA,2.149895793286255,0
89,0,0,0,0,0,2014-15,NA,2.149895793286255,0
90,0,0,0,0,0,2014-15,NA,2.149895793286255,0
91,0,0,0,0,0,2014-15,NA,2.149895793286255,0
92,0,0,2.2737367544323206e-13,0,0,2014-15,567.6664536063616,2.149895793286255,0
93,0,0,0,0,0,2014-15,NA,0,0
94,0,0,0,0,0,2014-15,NA,0,0
95,0,0,0,0,0,2014-15,NA,0,0
96,0,0,0,0,0,2014-15,NA,0,0
97,0,0,0,0,0,2014-15,NA,0,0
98,0,0,0,0,0,2014-15,NA,0,0
99,0,0,0,0,0,2014-15,NA,0,0
100,0,0,0,0,0,2014-15,NA,0,0
101,0,0,0,0,0,2014-15,NA,0,0
102,0,0,0,0,0,2014-15,NA,0,0
103,0,0,0,0,0,2014-15,NA,0,0
104,0,0,0,0,0,2014-15,NA,0,0
105,0,0,0,0,0,2014-15,NA,0,0
106,0,0,0,0,0,2014-15,NA,0,0
107,0,0,0,0,0,2014-15,NA,0,0
108,0,0,0,0,0,2014-15,NA,0,0
109,0,0,0,0,0,2014-15,324.80056541972033,0,0
110,0,0,0,0,0,2014-15,NA,0,0
111,0,0,0,0,0,2014-15,NA,0,0
112,0,0,0,0,38.55064839099214,2014-15,NA,0,0
113,0,0,0,0,88.62761621618847,2014-15,NA,0,0
114,0,0,0,0,128.07009989008293,2014-15,NA,0,0
115,0,0,0,0,156.16265698913776,2014-15,NA,0,0
116,0,0,0,0,172.33265467623642,2014-15,NA,0,0
117,0,0,0,0,176.0913787626705,2014-15,NA,0,0
118,0,0,0,0,166.98143305042322,2014-15,NA,0,0
119,0,0,0,0,144.66606241055706,2014-15,NA,0,0
120,0,0,0,0,108.87802703734997,2014-15,NA,0,0
121,0,0,0,0,59.364358399900084,2014-15,NA,0,0
122,0,0,0,0,0,2014-15,NA,0,0
123,0,0,0,0,0,2014-15,734.0905589851359,0,0
124,0,0,0,0,0,2014-15,NA,0,0
125,0,0,0,0,0,2014-15,NA,0,0
126,0,0,9.094947017729282e-13,0,0,2014-15,NA,0,0
127,0,0,0,0,0,2014-15,NA,0,0
128,0,0,9.094947017729282e-13,0,0,2014-15,NA,0,0
129,0,0,0,0,0,2014-15,NA,0,0
130,0,0,0,0,0,2014-15,NA,0,0
131,0,0,0,0,0,2014-15,NA,0,0
132,0,0,0,0,0,2014-15,NA,0,0
133,0,0,1.8189894035458565e-12,0,0,2014-15,NA,0,0
134,0,0,0,0,0,2014-15,NA,0,0
135,0,0,0,0,0,2014-15,NA,0,0
136,0,0,0,0,0,2014-15,NA,0,0
137,0,0,0,0,0,2014-15,NA,0,0
138,0,0,0,0,0,2014-15,NA,0,0
139,0,0,0,0,0,2014-15,NA,0,0
140,0,0,0,0,0,2014-15,NA,0,0
141,0,0,0,0,0,2014-15,NA,0,0
142,0,0,0,0,0,2014-15,NA,0,0
143,0,0,0,0,0,2014-15,NA,0,0
144,0,0,0,0,0,2014-15,NA,0,0
145,0,0,0,0,0,2014-15,NA,0,0
146,0,0,0,0,0,2014-15,NA,0,0
147,0,0,0,0,0,2014-15,NA,0,0
148,0,0,0,0,0,2014-15,NA,0,0
149,0,0,0,0,0,2014-15,NA,0,0
150,0,0,0,0,0,2014-15,NA,0,0
151,0,0,0,0,0,2014-15,NA,0,0
152,0,0,0,0,0,2014-15,NA,0,0
153,0,0,0,0,0,2014-15,NA,0,0
154,0,0,0,0,0,2014-15,NA,0,0
155,0,0,0,0,0,2014-15,NA,0,0
156,0,0,0,0,0,2014-15,NA,0,0
157,0,0,0,0,0,2014-15,NA,0,0
158,0,0,0,0,0,2014-15,NA,0,0
159,0,0,0,0,0,2014-15,NA,0,0
160,0,0,0,0,0,2014-15,NA,0,0
161,0,0,0,0,0,2014-15,NA,0,0
162,0,0,0,0,0,2014-15,NA,0,0
163,0,0,0,0,0,2014-15,NA,0,0
164,0,0,0,0,0,2014-15,NA,0,0
165,0,0,0,0,0,2014-15,NA,0,0
166,0,0,0,0,0,2014-15,NA,0,0
167,0,0,0,0,0,2014-15,NA,0,0
168,0,0,0,0,0,2014-15,NA,0,0
169,0,0,0,0,0,2014-15,NA,0,0
170,0,0,0,0,0,2014-15,NA,0,0
171,0,0,0,0,0,2014-15,NA,0,0
172,0,0,0,0,0,2014-15,NA,0,0
173,0,0,0,0,0,2014-15,NA,0,0
174,0,0,0,0,0,2014-15,NA,0,0
175,0,0,0,0,0,2014-15,NA,0,0
176,0,0,0,0,0,2014-15,NA,0,0
177,0,0,0,0,0,2014-15,NA,0,0
178,0,0,0,0,0,2014-15,NA,0,0
179,0,0,0,0,0,2014-15,NA,0,0
180,0,0,0,0,0,2014-15,NA,0,0
181,0,0,0,0,0,2014-15,NA,0,0
182,0,0,0,0,0,2014-15,NA,0,0
183,0,0,0,0,0,2014-15,NA,0,0
184,0,0,0,0,0,2014-15,NA,0,0
185,0,0,9.094947017729282e-13,0,0,2014-15,NA,0,0
186,0,0,0,0,0,2014-15,NA,0,0
187,0,0,9.094947017729282e-13,0,0,2014-15,NA,0,0
188,0,0,0,0,0,2014-15,NA,0,0
189,0,0,0,0,0,2014-15,NA,0,0
190,0,0,0,0,0,2014-15,NA,0,0
191,0,11.276004849307355,0,0,0,2014-15,NA,0,0
192,0,62.24426308269176,0,0,0,2014-15,NA,0,0
193,0,112.38632867439446,9.094947017729282e-13,0,0,2014-15,NA,0,0
194,0,161.41686687579931,9.094947017729282e-13,0,0,2014-15,NA,0,0
195,0,209.06613222345914,0,0,0,2014-15,NA,0,0
196,0,255.21440399216226,0,0,0,2014-15,NA,0,0
197,0,299.75881068497984,9.094947017729282e-13,0,0,2014-15,NA,0,0
198,0,342.52738721350033,0,0,0,2014-15,NA,0,0
199,0,383.4366336004314,0,0,0,2014-15,NA,0,0
200,0,422.4212353229668,0,0,0,2014-15,NA,0,0
201,0,459.3607688883494,0,0,0,2014-15,NA,0,0
202,0,494.1441371920009,0,0,0,2014-15,NA,0,0
203,0,526.6973107621161,0,70.65842702460941,0,2014-15,NA,0,0
204,0,556.99783578341885,0,184.45092105842195,0,2014-15,NA,0,0
205,0,585.0280323090265,1.8189894035458565e-12,301.1094395166874,0,2014-15,NA,0,0
206,0,610.7941733170446,0,420.59284005836525,0,2014-15,NA,0,0
207,1.4709611453035905,634.3181808468871,9.094947017729282e-13,542.8301682226593,0,2014-15,NA,0,0
208,40.48751072384039,655.6372887988982,0,667.3468934788107,0,2014-15,NA,0,0
209,80.24000688541128,674.7938921943205,0,793.8847687581874,13.586168536261539,2014-15,NA,0,0
210,120.33248535048915,691.863745891882,0,921.7177906071593,30.382233528864163,2014-15,NA,0,0
211,160.35653355527393,706.93197381973,9.094947017729282e-13,1050.0570694242779,47.05941578034253,2014-15,NA,0,0
212,200.11200941222705,720.052409458578,0,1178.620469980655,63.6211895751112,2014-15,NA,0,0
213,239.3893514387928,731.2875959118755,0,1307.0527202883677,80.07237233043998,2014-15,NA,0,0
214,277.803216871529,740.7436428813962,0,1434.4739943688764,96.40055196634785,2014-15,NA,0,0
215,315.145803417603,748.4865131093829,0,1560.380084915494,112.60894763991382,2014-15,717.1833360628276,0,0
216,351.2084240979675,754.5873311382602,0,1684.1852351866546,128.7017520070949,2014-15,NA,0,0
217,385.5531664594164,759.1837228700242,0,1804.6150387574744,144.66819713552832,2014-15,NA,0,0
218,417.70583897491815,762.428759055816,0,1920.1793303681043,160.4956167932687,2014-15,NA,0,0
219,447.281245771821,764.4558298709817,0,2029.4940650675999,176.1754165146922,2014-15,NA,0,0
220,474.0961416395621,765.3446741479565,9.094947017729282e-13,2131.597126781722,191.70680697623175,2014-15,NA,0,0
221,497.8891434519901,765.2072921202125,0,2225.2310491401586,207.08585934391886,2014-15,NA,0,0
222,518.5915631168245,764.1020223764135,9.094947017729282e-13,2309.5820038784586,222.31170123150514,2014-15,NA,0,0
223,536.1655490874,762.0857420030225,0,2383.880881892648,237.38346456355794,2014-15,NA,0,0
224,550.466036774902,759.2602359263547,0,2447.039988888224,252.2985067588961,2014-15,NA,0,0
225,561.4825455455866,755.6914413132254,9.094947017729282e-13,2498.3431667095138,267.05384476275503,2014-15,NA,0,0
226,569.1308243966123,751.4817743923704,0,2536.8845015377156,281.6476927155818,2014-15,NA,0,0
227,573.3813781784702,746.7258447761997,0,2561.9609223144944,296.0778038219505,2014-15,NA,0,0
228,574.3870112398654,741.4628251843606,9.094947017729282e-13,2573.4938585181226,310.3377408570086,2014-15,NA,0,0
229,572.3333118059218,735.7277431269176,0,2571.613817739584,324.42033695586724,2014-15,336.0198273422229,0,6646.78173246191
230,567.3555311936216,729.5816535547056,0,2556.4122482616513,338.321265440929,2014-15,NA,0,0
231,559.6838041880219,723.0558771769356,0,2528.4276432995466,352.03089389547677,2014-15,NA,0,0
232,549.5690515270289,716.1771233061008,0,2488.400891873731,365.53855953913444,2014-15,NA,0,0
233,537.2212713222198,708.9899519028404,0,2437.0388854648845,378.8386499173721,2014-15,NA,0,0
234,522.8630255404532,701.5350038126562,0,2375.2035965520554,391.92592007706844,2014-15,NA,0,0
235,506.7418854620155,693.8420547203277,0,2303.9681693411476,404.7923815946051,2014-15,NA,0,0
236,489.12725016939476,685.9290474392983,9.094947017729282e-13,2224.620407021481,417.42431778299215,2014-15,NA,0,6646.78173246191
237,470.28240539424223,677.8100169652316,0,2138.464994769187,429.8093674328411,2014-15,NA,0,0
238,450.4535902351672,669.5001588531668,9.094947017729282e-13,2046.86709678256,441.9304619516661,2014-15,NA,0,0
239,429.8760728655743,661.010656207116,0,1951.1743179026707,453.76914965433025,2014-15,NA,0,0
240,408.78619488803815,652.340486671179,0,1852.6700262167033,465.3084234551243,2014-15,NA,0,0
241,387.3826594052189,643.4955092014388,0,1752.5523508667866,476.5287005300197,2014-15,NA,0,0
242,365.8802495718901,634.460406678736,0,1651.9559761781784,487.40993929056276,2014-15,NA,0,0
243,344.4673203064449,625.2193016742604,0,1551.892906846002,497.93091241298316,2014-15,483.96934156926,0,6646.78173246191
244,323.2509379448202,615.7856650350441,9.094947017729282e-13,1453.1744588813708,508.06977074910174,2014-15,NA,0,0
245,302.3224829984174,606.1704209640557,0,1356.4924658582167,517.8037151829558,2014-15,NA,0,0
246,281.8040532853265,596.3571718302846,0,1262.4825588481726,527.1076304285998,2014-15,NA,0,0
247,261.74047244993653,586.359281349949,0,1171.5648203418023,535.958872572246,2014-15,NA,0,0
248,242.16385382051703,576.1884248666029,0,1084.0542027158153,544.3343731954519,2014-15,NA,0,0
249,223.169275507129,565.8146634784134,0,1000.2855482835548,552.2052963542956,2014-15,NA,0,0
250,204.8503891669443,555.2002259161563,0,920.5127916443744,559.5409802053109,2014-15,NA,0,6646.78173246191
251,187.2608698540471,544.3214205518598,0,844.8540012071608,566.3127141664299,2014-15,NA,0,0
252,170.37991895868618,533.1888949929344,0,773.2477343913997,572.4983146055238,2014-15,NA,0,0
253,154.22191512517747,521.7928002673289,0,705.6483996687293,578.0721527207024,2014-15,NA,0,0
254,138.73098799652143,510.1561428473724,0,641.853171974004,583.017116052757,2014-15,NA,0,0
255,123.85073566390747,498.3015214277839,0,581.6354009393035,587.3175655604791,2014-15,NA,0,0
256,109.58428802279104,486.2224799350224,0,524.8492333805516,590.9522000081088,2014-15,NA,0,0
257,95.88961373757047,473.9333011263989,0,471.25085631158436,593.9071178151025,2014-15,805.6747164986788,0,0
258,82.78263026945024,461.4242961078635,0,420.68597056759245,596.1630550326299,2014-15,NA,0,0
259,70.27554438204879,448.6889054502317,0,372.9781312875166,597.7036830664692,2014-15,NA,0,0
260,58.304208527064475,435.75210060655445,0,327.8056536537388,598.5258518247683,2014-15,NA,0,0
261,46.80791924489131,422.63892049232163,0,284.85411605416266,598.6294064235335,2014-15,NA,0,0
262,35.78256685080851,409.35645785012093,0,243.91125975696013,598.0102675695744,2014-15,NA,0,0
263,25.175545997271,395.92663273349535,9.094947017729282e-13,204.66799268424074,596.6742055419818,2014-15,NA,0,0
264,14.937243730515547,382.37159402472025,0,166.8222120184546,594.6303447960963,2014-15,NA,0,0
265,5.082050851689928,368.701649147577,9.094947017729282e-13,130.19783671984442,591.8841147681414,2014-15,NA,0,0
266,0,354.9275064961039,9.094947017729282e-13,94.64542632750636,588.4435446381831,2014-15,NA,0,0
267,0,341.0632716502041,0,59.98567842423654,584.3221476035178,2014-15,NA,0,0
268,0,327.1254547273493,9.094947017729282e-13,25.957126851448265,579.5405875463857,2014-15,NA,0,0
269,0,313.13235533662737,0,0,574.1213064032054,2014-15,NA,0,0
270,0,299.0952953429005,0,0,568.090854377022,2014-15,NA,0,0
271,0,285.02589345646993,0,0,561.478691503542,2014-15,17.709202937824003,0,0
272,0,270.94555595364,9.094947017729282e-13,0,554.3169613266746,2014-15,NA,0,0
273,0,256.8656870063787,0,0,546.6391847597024,2014-15,NA,0,0
274,0,242.81575713481652,0,0,538.4838711801385,2014-15,NA,0,0
275,0,228.8238783675988,0,0,529.8910279031497,2014-15,NA,0,0
276,0,214.8876851199384,0,0,520.8961497466262,2014-15,NA,0,0
277,0,201.00535588874845,0,0,511.5360389458747,2014-15,NA,0,0
278,0,187.200884639813,0,0,501.8539261403512,2014-15,NA,0,0
279,0,173.46705998305697,9.094947017729282e-13,0,491.88591434733826,2014-15,NA,0,0
280,0,159.79714487793171,0,0,481.66853973670004,2014-15,NA,0,0
281,0,146.22846061098062,0,0,471.2492593292427,2014-15,NA,0,0
282,0,132.80913646826048,0,0,460.67741695806944,2014-15,NA,0,0
283,0,119.57447138085081,0,0,449.9975945925007,2014-15,NA,0,0
284,0,106.52217665594253,0,0,439.24299053909,2014-15,NA,0,0
285,0,93.67642154569512,0,0,428.45241255945075,2014-15,NA,0,0
286,0,81.0211240648714,0,0,417.651897339676,2014-15,NA,0,0
287,0,68.54120667922689,0,0,406.8664514738357,2014-15,NA,0,0
288,0,56.263038180308286,0,0,396.1304686654903,2014-15,NA,0,0
289,0,44.1854324885353,9.094947017729282e-13,0,385.4684982052613,2014-15,NA,0,0
290,0,32.34907254020072,0,0,374.9142205900225,2014-15,NA,0,0
291,0,20.794842761722975,0,0,364.4981072439805,2014-15,NA,0,0
292,0,9.5099715003161691,0,0,354.2333720956485,2014-15,NA,0,0
293,0,0,0,0,344.1318434480595,2014-15,NA,0,0
294,0,0,0,0,334.21401351095756,2014-15,NA,0,0
295,0,0,9.094947017729282e-13,0,324.48806644533397,2014-15,NA,0,0
296,0,0,0,0,314.96080792027124,2014-15,NA,0,0
297,0,0,0,0,305.6493895714452,2014-15,NA,0,0
298,0,0,0,0,296.57069037282554,2014-15,NA,0,0
299,0,0,0,0,287.7358043574045,2014-15,NA,0,0
300,0,0,9.094947017729282e-13,0,279.1459902816439,2014-15,NA,0,0
301,0,0,0,0,270.8054591175746,2014-15,NA,0,0
302,0,0,0,0,262.71100759180877,2014-15,NA,0,0
303,0,0,0,0,254.8584566780055,2014-15,NA,0,0
304,0,0,0,0,247.24745270936023,2014-15,NA,0,0
305,0,0,0,0,239.87372600132574,2014-15,NA,0,0
306,0,0,0,0,232.73469646718706,2014-15,NA,0,0
307,0,0,0,0,225.82656912318203,2014-15,NA,0,0
308,0,0,36.93875368931003,0,182.20371028223144,2014-15,NA,0,0
309,0,0,212.67483216465826,0,0,2014-15,NA,0,0
310,0,0,206.4159886663865,0,0,2014-15,NA,0,0
311,0,0,200.35872175070472,0,0,2014-15,NA,0,0
312,0,0,194.49526525022702,0,0,2014-15,NA,0,0
313,0.4697460680554286,0,188.8147397584462,0,0,2014-15,NA,0,0
314,1.3769803406521532,0,183.30505871954028,0,0,2014-15,NA,0,0
315,2.0355786376876495,0,177.95516786603002,0,0,2014-15,NA,0,0
316,2.4728549865994864,0,172.7577798609509,0,0,2014-15,NA,0,0
317,2.7531859053060543,0,167.70241163804985,0,0,2014-15,NA,0,0
318,2.8927797613168877,0,162.7842495438481,0,0,2014-15,NA,0,0
319,0,0,0,0,0,2014-15,NA,0,0
1,9.248775330866351,6.746857485754845,0,189.65978730374218,0,2015-16,NA,0,0
2,9.151585880587959,6.729947624387933,0,179.30825571363994,0,2015-16,NA,0,0
3,9.043989932746285,6.661574774573637,0,169.44831696380288,0,2015-16,NA,0,0
4,8.924182723720037,6.5316469680692535,0,160.0550433751814,0,2015-16,NA,0,0
5,8.790995365529852,6.332563276844667,0,151.10764972789457,0,2015-16,NA,0,0
6,8.638264876944731,6.033273183955316,0,142.5649620474287,0,2015-16,NA,0,0
7,8.465153548593662,5.626282595996599,0,134.41360727355368,0,2015-16,NA,0,0
8,8.27136710671823,5.106406676606639,0,126.64210184836702,0,2015-16,NA,0,0
9,8.052210820580513,4.44724867624609,0,119.22043778754005,0,2015-16,NA,0,0
10,7.803675039273344,3.6246315525750106,0,112.1247728953199,0,2015-16,NA,0,0
11,7.525260038503802,2.6339198047417085,0,105.34753872380088,0,2015-16,NA,0,0
12,7.214928736942397,1.4724102315412892,0,98.87324314084594,0,2015-16,NA,0,0
13,6.871095591934591,0.1293985531265207,0,92.68893427479247,0,2015-16,NA,0,0
14,6.4942755518274,0,0,86.7918221099037,0,2015-16,NA,0,0
15,6.0852404532971605,0,0,81.17818150717676,0,2015-16,NA,0,0
16,5.644318463631407,0,0,75.83893385595047,0,2015-16,NA,0,0
17,5.171912293684727,0,0,70.76776335727027,0,2015-16,NA,0,0
18,4.668569564765107,0,0,65.95763924565176,0,2015-16,NA,0,0
19,4.135407081111907,0,0,61.39908721157326,0,2015-16,NA,0,0
20,3.5724725500595014,0,0,57.08288345148662,0,2015-16,NA,0,0
21,2.979862059932316,0,0,52.999429133132935,0,2015-16,NA,0,0
22,2.3591016579194957,0,0,49.13883587308737,0,2015-16,NA,0,0
23,1.7097186580207335,0,0,45.489951588575195,0,2015-16,NA,0,0
24,1.031208402004836,0,0,42.041573851395924,0,2015-16,NA,0,0
25,0.3260848966771164,0,0,38.784385732384294,0,2015-16,NA,0,0
26,0,0,0,35.70868524394393,0,2015-16,NA,0,0
27,0,0,0,32.802678473973515,0,2015-16,NA,0,0
28,0,0,0,30.057062007815603,0,2015-16,NA,0,0
29,0,0,0,27.462316642697374,0,2015-16,NA,0.30351470022864774,0
30,0,0,0,25.005461341440878,0,2015-16,NA,0.30351470022864774,0
31,0,0,0,22.67401366897934,0,2015-16,NA,0.30351470022864774,0
32,0,0,0,20.458606534644673,0,2015-16,NA,0.30351470022864774,0
33,0,0,0,18.346963017801045,0,2015-16,NA,0.30351470022864774,0
34,0,0,0,16.327237026675107,0,2015-16,NA,0.30351470022864774,0
35,0,0,0,14.390883316399368,0,2015-16,NA,0.30351470022864774,0
36,0,0,0,12.526232074878976,0,2015-16,NA,0.30351470022864774,0
37,0,0,0,10.7219054387582,0,2015-16,NA,0.30351470022864774,0
38,0,0,0,8.969838778548024,0,2015-16,NA,0.30351470022864774,0
39,0,0,0,7.258670089767975,0,2015-16,NA,0.30351470022864774,0
40,0,0,0,5.577127548707381,0,2015-16,NA,0.30351470022864774,0
41,0,0,0,3.918234519361704,0,2015-16,NA,0.30351470022864774,0
42,0,0,0,2.274797300348382,0,2015-16,NA,0.30351470022864774,0
43,0,0,0,0.6361841213156367,0,2015-16,NA,0.30351470022864774,0
44,0,0,0,0,0,2015-16,NA,0.30351470022864774,0
45,0,0,0,0,0,2015-16,NA,0.30351470022864774,0
46,0,0,0,0,0,2015-16,NA,0.30351470022864774,0
47,0,0,0,0,0,2015-16,NA,0.30351470022864774,0
48,0,0,0,0,0,2015-16,NA,0.30351470022864774,0
49,0,0,0,0,0,2015-16,NA,0.30351470022864774,0
50,0,0,0,0,0,2015-16,NA,0.30351470022864774,0
51,0,0,0,0,0,2015-16,NA,0.30351470022864774,0
52,0,0,0,0,0,2015-16,NA,0.30351470022864774,0
53,0,0,0,0,0,2015-16,NA,0.30351470022864774,0
54,0,0,0,0,0,2015-16,NA,0.30351470022864774,0
55,0,0,0,0,0,2015-16,NA,0.30351470022864774,0
56,0,0,0,0,0,2015-16,NA,0.30351470022864774,0
57,0,0,0,0,0,2015-16,NA,0.30351470022864774,0
58,0,0,4.547473508864641e-13,0,0,2015-16,NA,0.30351470022864774,0
59,0,0,0,0,0,2015-16,323.2443994613626,0.30351470022864774,0
60,0,0,0,0,0,2015-16,NA,0.30351470022864774,0
61,0,0,0,0,0,2015-16,NA,0.30351470022864774,0
62,0,0,0,0,0,2015-16,NA,0.30351470022864774,0
63,0,0,0,0,0,2015-16,NA,0.30351470022864774,0
64,0,0,0,0,0,2015-16,NA,0.30351470022864774,0
65,0,0,0,0,0,2015-16,NA,0.30351470022864774,0
66,0,0,0,0,0,2015-16,NA,0.30351470022864774,0
67,0,0,0,0,0,2015-16,NA,0.30351470022864774,0
68,0,0,0,0,0,2015-16,NA,0.30351470022864774,0
69,0,0,0,0,0,2015-16,NA,0.30351470022864774,0
70,0,0,0,0,0,2015-16,NA,0.30351470022864774,0
71,0,0,0,0,0,2015-16,NA,0.30351470022864774,0
72,0,0,0,0,0,2015-16,NA,0.30351470022864774,0
73,0,0,0,0,0,2015-16,NA,0.30351470022864774,0
74,0,0,0,0,0,2015-16,NA,0.30351470022864774,0
75,0,0,4.547473508864641e-13,0,0,2015-16,NA,0.30351470022864774,0
76,0,0,0,0,0,2015-16,203.05151829991297,0.30351470022864774,0
77,0,0,0,0,0,2015-16,NA,0.30351470022864774,0
78,0,0,0,0,0,2015-16,NA,0.30351470022864774,0
79,0,0,0,0,0,2015-16,NA,0.30351470022864774,0
80,0,0,0,0,0,2015-16,NA,0.30351470022864774,0
81,0,0,0,0,0,2015-16,NA,0.30351470022864774,0
82,0,0,0,0,0,2015-16,NA,0.30351470022864774,0
83,0,0,0,0,0,2015-16,NA,0.30351470022864774,0
84,0,0,0,0,0,2015-16,NA,0.30351470022864774,0
85,0,0,0,0,0,2015-16,NA,0.30351470022864774,0
86,0,0,0,0,0,2015-16,NA,0.30351470022864774,0
87,0,0,0,0,0,2015-16,NA,0.30351470022864774,0
88,0,0,0,0,0,2015-16,NA,0.30351470022864774,0
89,0,0,0,0,0,2015-16,NA,0.30351470022864774,0
90,0,0,0,0,0,2015-16,394.3199359788754,0.30351470022864774,0
91,0,0,0,0,0,2015-16,NA,0.30351470022864774,0
92,0,0,0,0,0,2015-16,NA,0.30351470022864774,0
93,0,0,0,0,0,2015-16,NA,0,0
94,0,0,0,0,0,2015-16,NA,0,0
95,0,0,0,0,0,2015-16,NA,0,0
96,0,0,0,0,0,2015-16,NA,0,0
97,0,0,0,0,0,2015-16,NA,0,0
98,0,0,0,0,0,2015-16,NA,0,0
99,0,0,0,0,0,2015-16,NA,0,0
100,0,0,0,0,0,2015-16,NA,0,0
101,0,0,0,0,0,2015-16,NA,0,0
102,0,0,0,0,0,2015-16,NA,0,0
103,0,0,4.547473508864641e-13,0,0,2015-16,NA,0,0
104,0,0,0,0,0,2015-16,NA,0,0
105,0,0,0,0,0,2015-16,NA,0,0
106,0,0,0,0,0,2015-16,997.6079050869873,0,0
107,0,0,0,0,0,2015-16,NA,0,0
108,0,0,0,0,0,2015-16,NA,0,0
109,0,0,0,0,0,2015-16,NA,0,0
110,0,0,0,0,0,2015-16,NA,0,0
111,0,0,0,0,0,2015-16,NA,0,0
112,0,0,0,0,0,2015-16,NA,0,0
113,0,0,0,0,0,2015-16,NA,0,0
114,0,0,0,0,0,2015-16,NA,0,0
115,0,0,0,0,0,2015-16,NA,0,0
116,0,0,0,0,0,2015-16,NA,0,0
117,0,0,0,0,0,2015-16,NA,0,0
118,0,0,0,0,0,2015-16,NA,0,0
119,0,0,0,0,0,2015-16,NA,0,0
120,0,0,0,0,0,2015-16,905.4125444499707,0,0
121,0,0,0,0,0,2015-16,NA,0,0
122,0,0,0,0,0,2015-16,NA,0,0
123,0,0,0,0,0,2015-16,NA,0,0
124,0,0,0,0,0,2015-16,NA,0,0
125,0,0,0,0,0,2015-16,NA,0,0
126,0,0,0,0,0,2015-16,NA,0,0
127,0,0,0,0,0,2015-16,NA,0,0
128,0,0,0,0,0,2015-16,NA,0,0
129,0,0,0,0,0,2015-16,NA,0,0
130,0,0,0,0,0,2015-16,NA,0,0
131,0,0,0,0,0,2015-16,NA,0,0
132,0,0,0,0,0,2015-16,NA,0,0
133,0,0,0,0,0,2015-16,NA,0,0
134,0,0,0,0,0,2015-16,NA,0,0
135,0,0,0,0,0,2015-16,NA,0,0
136,0,0,0,0,0,2015-16,NA,0,0
137,0,0,0,0,0,2015-16,NA,0,0
138,0,0,0,0,0,2015-16,NA,0,0
139,0,0,0,0,0,2015-16,NA,0,0
140,0,0,9.094947017729282e-13,0,0,2015-16,NA,0,0
141,0,0,0,0,0,2015-16,NA,0,0
142,0,0,0,0,0,2015-16,NA,0,0
143,0,0,0,0,0,2015-16,NA,0,0
144,0,0,0,0,0,2015-16,NA,0,0
145,0,0,0,0,0,2015-16,NA,0,0
146,0,0,9.094947017729282e-13,0,0,2015-16,NA,0,0
147,0,0,0,0,0,2015-16,NA,0,0
148,0,0,0,0,0,2015-16,NA,0,0
149,0,0,9.094947017729282e-13,0,0,2015-16,NA,0,0
150,0,0,0,0,0,2015-16,NA,0,0
151,0,0,0,0,0,2015-16,NA,0,0
152,0,0,0,23.054970923782093,0,2015-16,NA,0,0
153,0,0,0,53.87669770624052,0,2015-16,NA,0,0
154,0,0,0,81.9628398703062,0,2015-16,NA,0,0
155,0,0,0,107.29123739091301,0,2015-16,NA,0,0
156,0,0,0,129.8477070639783,0,2015-16,NA,0,0
157,0,0,0,149.6325369854967,0,2015-16,NA,0,0
158,0,0,0,166.64846729843703,0,2015-16,NA,0,0
159,0,0,1.8189894035458565e-12,180.91195502438495,0,2015-16,NA,0,0
160,0,0,0,192.47699905159243,0,2015-16,NA,0,0
161,0,0,0,201.36509846441186,0,2015-16,NA,0,0
162,0,0,0,207.61000826729287,0,2015-16,NA,0,0
163,0,0,0,211.31234427147865,0,2015-16,NA,0,0
164,0,0,0,212.50796438151156,0,2015-16,NA,0,0
165,0,0,0,211.24308809032664,0,2015-16,NA,0,0
166,0,0,0,207.65840811482485,0,2015-16,NA,0,0
167,0,0,0,201.7993022242881,4.228103890942293,2015-16,NA,0,0
168,0,0,0,193.71929244732019,8.398061972024152,2015-16,NA,0,0
169,0,0,0,183.63426018213067,11.687860994650691,2015-16,NA,0,0
170,0,0,0,171.7655604181491,14.095554410974728,2015-16,NA,0,0
171,0,0,0,158.2109240061909,15.624074492588989,2015-16,NA,0,0
172,0,0,0,143.216217540481,16.290396646145382,2015-16,NA,0,0
173,0,0,0,127.03092873852438,16.11620892751671,2015-16,NA,0,0
174,0,0,0,109.70452231981471,15.105996422615135,2015-16,NA,0,0
175,0,5.1770445486326935,0,91.29015134822839,13.268867738195695,2015-16,NA,0,0
176,0,43.297534034441924,0,72.00500543310045,10.641872546402737,2015-16,NA,0,0
177,0,80.84090050125087,9.094947017729282e-13,51.89824757572933,7.234247266111197,2015-16,NA,0,0
178,0,117.72981433899258,0,31.021141785749933,3.0595406124921283,2015-16,NA,0,0
179,0,153.81750777021807,0,9.600210615652031,0,2015-16,NA,0,0
180,0,189.0333738050249,0,0,0,2015-16,NA,0,0
181,0,223.31427916698158,9.094947017729282e-13,0,0,2015-16,NA,0,0
182,0,256.5406115180376,0,0,0,2015-16,NA,0,0
183,0,288.6576991942129,0,0,0,2015-16,NA,0,0
184,0,319.61932389431604,9.094947017729282e-13,0,0,2015-16,NA,0,0
185,0,349.3226761584883,0,0,0,2015-16,NA,0,0
186,0,377.6625892946686,0,0,0,2015-16,NA,0,0
187,0,404.5600342811522,0,0,0,2015-16,NA,0,0
188,0,429.9835616734781,0,0,0,2015-16,NA,0,0
189,0,453.89100435370347,0,0,0,2015-16,NA,0,0
190,0,476.2732793503892,0,0,0,2015-16,NA,0,0
191,0,497.1300513877504,0,0,0,2015-16,NA,0,0
192,0,516.450720226625,0,0,0,2015-16,NA,0,0
193,0,534.2413160466385,0,0,0,2015-16,NA,0,0
194,0,550.5098548942915,0,0,0,2015-16,NA,0,0
195,0,565.2719125416334,0,0,0,2015-16,NA,0,0
196,0,578.5500561838635,0,0,0,2015-16,NA,0,0
197,4.21574360231898,590.3733131895569,0,0,0,2015-16,NA,0,0
198,17.72446708408461,600.782094406386,0,0,0,2015-16,NA,0,0
199,31.36164698333596,609.8097181489211,0,0,0,2015-16,NA,0,0
200,45.09775577819528,617.4944715289239,0,0,0,2015-16,NA,0,0
201,58.8689439192749,623.900710213893,9.094947017729282e-13,0,0,2015-16,NA,0,0
202,72.60018119366941,629.1030230496399,0,0,0,2015-16,NA,0,0
203,86.22333357619209,633.1719013144902,0,0,0,2015-16,NA,0,0
204,99.69703278765883,636.1570847327675,9.094947017729282e-13,0,0,2015-16,NA,0,0
205,112.9590343240452,638.1270543252831,0,0,0,2015-16,NA,0,0
206,125.9782811358491,639.1234378608569,0,0,0,2015-16,NA,0,0
207,138.723112202646,639.1894315103418,0,0,0,2015-16,NA,0,0
208,151.1293741549016,638.3976747108463,0,0,0,2015-16,NA,0,0
209,163.1561536525005,636.8000051353374,0,0,0,2015-16,NA,0,0
210,174.72928911562485,634.4789380139046,0,0,0,2015-16,NA,0,0
211,185.77711282254677,631.5147411597354,0,0,0,2015-16,NA,0,0
212,196.27649304660736,627.9438692958283,0,0,0,2015-16,NA,0,0
213,206.20610520855553,623.8023059600964,0,0,0,2015-16,NA,0,0
214,215.51303858021492,619.1560441968977,1.8189894035458565e-12,0,0,2015-16,NA,0,0
215,224.18143495962977,614.0379931784482,0,18.257556209733593,0,2015-16,NA,0,0
216,232.19825141976253,608.4799190826452,0,60.278201567110955,0,2015-16,NA,0,0
217,239.51151462039343,602.551113093301,0,104.19617797351384,0,2015-16,NA,0,0
218,246.0652615072995,596.3262458738391,0,149.6784807862423,0,2015-16,NA,0,0
219,251.8204011937305,589.8662189660536,0,196.42413377400953,0,2015-16,NA,0,0
220,256.7726467245575,583.2014139759995,0,244.2773816679255,0,2015-16,NA,0,0
221,260.90502071446645,576.3767820454741,0,292.9546903131559,0,2015-16,NA,0,0
222,264.2303507085453,569.4106497011162,0,342.3446321244119,0,2015-16,NA,0,0
223,266.765836584882,562.3195088943394,0,392.32352746774995,0,2015-16,NA,0,0
224,268.51137212375943,555.1397534803837,0,442.5661751526786,0,2015-16,NA,0,0
225,269.4849615555686,547.8915040772335,9.094947017729282e-13,492.87161319308507,0,2015-16,NA,0,0
226,269.69352090261964,540.6102206054493,0,542.8248292489661,0,2015-16,NA,0,0
227,269.14938767456624,533.3281228490159,0,592.0072376499957,0,2015-16,NA,0,0
228,267.886084057438,526.0540434482027,0,640.2778326560438,0,2015-16,NA,0,0
229,265.94049117087343,518.7950159461834,0,687.4910615710833,4.569511139961833,2015-16,NA,0,3593.0321118552847
230,263.3437686729667,511.5692043192903,0,733.2875277849744,22.79993570001534,2015-16,NA,0,0
231,260.134473339127,504.38240046759165,0,777.523560354537,41.59271326048474,2015-16,NA,0,0
232,256.3534785342981,497.23873515496234,0,820.0564315420415,60.94480484400265,2015-16,NA,0,0
233,252.04236396776105,490.1511289864429,0,860.46979018618,80.78251704861759,2015-16,NA,0,0
234,247.24565508540218,483.13192787597654,0,898.2955120508122,101.01294711147057,2015-16,NA,0,0
235,242.00859306403072,476.1891702823268,0,933.155256744496,121.55988136444648,2015-16,NA,0,0
236,236.37233935015502,469.3248493519786,0,964.8913396491844,142.40124190893403,2015-16,NA,0,3593.0321118552847
237,230.38329501349654,462.54129252241546,0,993.2382902334502,163.47621933723713,2015-16,NA,0,0
238,224.07702619803968,455.83875744031684,0,1018.1378803488624,184.77889357448294,2015-16,NA,0,0
239,217.48907349071123,449.2163967511078,0,1039.5526741531867,206.30212041731284,2015-16,NA,0,0
240,210.66634633423746,442.6721143238028,0,1057.2971451855556,227.9808706508993,2015-16,NA,0,0
241,203.6444564133817,436.2041313226873,0,1071.3247075995969,249.78532876067038,2015-16,NA,0,0
242,196.47430475985857,429.80691891733295,9.094947017729282e-13,1081.4721357271046,271.6291075996487,2015-16,NA,0,0
243,189.20395340890718,423.47446643767034,0,1087.6147021641518,293.42312120404677,2015-16,497.8073544230186,0,3593.0321118552847
244,181.85440565080899,417.20571101180394,0,1089.8385880877686,315.1463478647056,2015-16,NA,0,0
245,174.44574741074757,410.9990125278564,0,1088.2570575196369,336.77595744383143,2015-16,NA,0,0
246,167.01648510872292,404.84741126207155,0,1082.8969111093465,358.2361185605623,2015-16,NA,0,0
247,159.58087900196733,398.7496541145665,0,1073.908585408586,379.49623155886366,2015-16,NA,0,0
248,152.15210363998267,392.70416805860805,0,1061.465341652991,400.5241212398323,2015-16,NA,0,0
249,144.77158527306165,386.70096852149436,0,1045.6621160666837,421.2267414316011,2015-16,NA,0,0
250,137.4851238032643,380.72822265005743,0,1026.6031895907436,441.49619966376486,2015-16,NA,0,3593.0321118552847
251,130.3274805345336,374.77669354819227,0,1004.4379970674781,461.23744350700144,2015-16,NA,0,0
252,123.30772300875651,368.8440570875937,0,979.3787376186447,480.3931997458276,2015-16,NA,0,0
253,116.44914973450977,362.923841533815,0,951.627509502403,498.8829897247706,2015-16,NA,0,0
254,109.749941625053,357.01629296816463,9.094947017729282e-13,921.4071450696356,516.6572824275609,2015-16,NA,0,0
255,103.20776556919009,351.1218028415642,0,888.9426412673783,533.6678532041551,2015-16,NA,0,0
256,96.84225817628248,345.2349966798174,0,854.4544702071071,549.8407157965776,2015-16,NA,0,0
257,90.65649911394121,339.35480059764086,0,818.1504355574361,565.1198081011462,2015-16,NA,0,0
258,84.67412731843797,333.47551757104156,0,780.2573521804661,579.4337505989606,2015-16,1698.4706319140041,0,0
259,78.91694505632677,327.59215424256763,0,740.9897552945768,592.7151816613259,2015-16,NA,0,0
260,73.3781540991049,321.706151684808,0,700.4952529304392,604.9201995773474,2015-16,NA,0,0
261,68.0507468685164,315.8193404893318,0,658.9092536970384,616.0104082280668,2015-16,NA,0,0
262,62.94649079532519,309.93042680556755,0,616.4044326916664,625.9441778671462,2015-16,NA,0,0
263,58.05885214330465,304.0411401973397,0,573.0664045538688,634.6900212533656,2015-16,NA,0,0
264,53.38100714914253,298.15367009757756,0,528.9652982060616,642.2236871762361,2015-16,NA,0,0
265,48.92662470351206,292.2686923859983,0,484.25784189103433,648.5297811752389,2015-16,NA,0,0
266,44.71265382314505,286.3874772710842,0,439.10861397757253,653.6033626676108,2015-16,NA,0,0
267,40.75005810335642,280.5122099715518,0,393.63134035242547,657.4466959635538,2015-16,NA,0,0
268,37.03636412681408,274.6454379626921,0,347.8258978529884,660.0624498895086,2015-16,NA,0,0
269,33.575915372431155,268.7909203373929,0,301.7445479856142,661.4689616327378,2015-16,NA,0,0
270,30.363615327966727,262.95070500467045,0,255.31254088138303,661.6776715378946,2015-16,NA,0,0
271,27.39394068153706,257.12732725149544,0,208.44254423461462,660.7079611444424,2015-16,NA,0,0
272,24.668342499579012,251.32652182166566,0,161.14780533633166,658.6033000542739,2015-16,620.7701272795451,0,0
273,22.18399791707907,245.55182498768772,0,113.34620542819903,655.4007048597668,2015-16,NA,0,0
274,19.940795935989627,239.81180457528535,0,65.06941937096417,651.1652256981251,2015-16,NA,0,0
275,17.93790536672259,234.11513971100067,0,16.33709970824566,645.9664844301551,2015-16,NA,0,0
276,16.172033936539265,228.4632687002304,9.094947017729282e-13,0,639.846609186232,2015-16,NA,0,0
277,14.639129831302853,222.858042967222,0,0,632.8524303079248,2015-16,NA,0,0
278,13.33360599988464,217.30796200905752,9.094947017729282e-13,0,625.0595996815427,2015-16,NA,0,0
279,12.25238571031241,211.8142502012197,0,0,616.5188971866592,2015-16,NA,0,0
280,11.391529346247808,206.37846594395523,0,0,607.2837701698809,2015-16,NA,0,0
281,10.739390245754294,201.0129616547456,0,0,597.4455615490806,2015-16,NA,0,0
282,10.280864177360854,195.7328094289296,9.094947017729282e-13,0,587.1035216442033,2015-16,NA,0,0
283,10.00194990212276,190.55005566785258,0,0,576.3451651458381,2015-16,NA,0,0
284,9.895728978463922,185.46780185832904,0,0,565.2280602275932,2015-16,NA,0,0
285,9.948251239776255,180.49530067277738,0,0,553.8264471007024,2015-16,NA,0,0
286,10.155389821900826,175.63224098999854,0,0,542.1846725376745,2015-16,NA,0,0
287,10.512290186486098,170.8784582052176,9.094947017729282e-13,0,530.3456860065398,2015-16,NA,0,0
288,11.002206926864346,166.2432655392986,0,0,518.376328416949,2015-16,NA,0,0
289,11.616006115670643,161.7293279118894,0,0,506.3225536207683,2015-16,13.086302018979787,0,0
290,12.331315402788277,157.34863127080098,0,0,494.25117166303244,2015-16,NA,0,0
291,13.125518233598996,153.1126620826035,0,0,482.22358018049636,2015-16,NA,0,0
292,13.993395762222463,149.020167522478,0,0,470.2661060501832,2015-16,NA,0,0
293,14.92956869999307,145.0697959681056,0,0,458.4024689625385,2015-16,NA,0,0
294,15.91528470240246,141.2688710985567,0,0,446.67421938729603,2015-16,NA,0,0
295,16.945201109213485,137.6159650946356,0,0,435.0996973478068,2015-16,NA,0,0
296,18.01416423950377,134.10938830027953,0,0,423.6945924033889,2015-16,NA,0,0
297,19.100346541143153,130.75720924893903,0,0,412.4940185582482,2015-16,NA,0,0
298,20.178696793152085,127.56889886043064,0,0,401.53287877714047,2015-16,NA,0,0
299,21.229193249352647,124.55071708801552,0,0,390.83585746582594,2015-16,NA,0,0
300,22.244299876653713,121.70197789753001,0,0,380.410182267502,2015-16,NA,0,0
301,23.21027649555799,119.02492803693167,0,0,370.267967934893,2015-16,NA,0,0
302,24.123830552103755,116.51693760483249,9.094947017729282e-13,0,360.40868188449804,2015-16,NA,0,0
303,24.982663307124312,114.17472901031942,0,0,350.82975181443,2015-16,NA,0,0
304,25.777101182441584,111.99764073047118,9.094947017729282e-13,0,341.53453066410384,2015-16,NA,0,0
305,26.503399160615118,109.98282172543986,0,0,332.5199148350612,2015-16,NA,0,0
306,27.153715765395646,108.12715008110172,9.094947017729282e-13,0,323.78469993690214,2015-16,NA,0,0
307,27.72159080255733,106.42660771041483,0,0,315.3255248194455,2015-16,NA,0,0
308,28.20670063158559,104.87758733189185,0,0,307.13480229869674,2015-16,NA,0,0
309,28.610046324035466,103.47547140954703,0,0,299.2034618660746,2015-16,NA,0,0
310,28.932247577200542,102.21195569972042,0,0,291.5208499182013,2015-16,NA,0,0
311,29.174420991551415,101.08278101362521,0,0,284.07817223012125,2015-16,NA,0,0
312,29.339046946031885,100.0825133694525,0,0,276.8653587344029,2015-16,NA,0,0
313,29.433753722611073,99.19523890535856,0,0,269.8647777472511,2015-16,NA,0,0
314,29.46947748308048,98.40060847625136,0,0,263.05592835010066,2015-16,NA,0,0
315,29.45714223699997,97.67988986131968,0,0,256.4204013983797,2015-16,NA,0,0
316,29.40263884106116,97.0236609342428,0,0,249.94782819230363,2015-16,NA,0,0
317,29.318568619096368,96.41290669297814,0,0,243.62073739361244,2015-16,NA,0,0
318,29.208419833503285,95.84229773536572,0,0,237.43352171496736,2015-16,NA,0,0
319,0,0,0,0,0,2015-16,NA,0,0
1,23.98457387341523,0,24.10772542882296,1248.9770465635593,0,2016-17,NA,0,0
2,23.640753982545903,0,23.988221911452456,1169.4242283995063,0,2016-17,NA,0,0
3,23.30581062191709,0,23.861864562668416,1093.9490599887995,0,2016-17,NA,0,0
4,22.98027120046754,0,23.727330149848058,1022.4654377708357,0,2016-17,NA,0,0
5,22.66429543732761,0,23.583242596013406,954.8721020957018,0,2016-17,NA,0,0
6,22.359486718112294,0,23.42364551028004,891.0162858096901,0,2016-17,NA,0,0
7,22.06586860615289,0,23.247323355539265,830.7846337244082,0,2016-17,NA,0,0
8,21.783166750001783,0,23.053021195687506,774.054635833696,0,2016-17,NA,0,0
9,21.511807119721198,0,22.833147010232096,720.6550848524857,0,2016-17,NA,0,0
10,21.25191281303819,0,22.580234736697093,670.4239790005104,0,2016-17,NA,0,0
11,21.003011385937725,0,22.291721644171957,623.234458373996,0,2016-17,NA,0,0
12,20.76427368960094,0,21.960216255090927,578.9326994586663,0,2016-17,NA,0,0
13,20.534693214166964,0,21.57846097993024,537.3724698825936,0,2016-17,NA,0,0
14,20.31370783961711,0,21.1457837490143,498.44280982154214,0,2016-17,NA,0,0
15,20.100585324682697,0,20.661494582057458,462.0289521864961,0,2016-17,NA,0,0
16,19.89372741941088,0,20.12006976336761,427.9954860738353,0,2016-17,NA,0,0
17,19.692522578315447,0,19.52086176820376,396.2290181994276,0,2016-17,NA,0,0
18,19.4962337820823,0,18.863213232704766,366.615470157054,0,2016-17,NA,0,0
19,19.302845411812314,0,18.141749682946283,339.0268462604927,0,2016-17,NA,0,0
20,19.111783200959053,0,17.355770474524434,313.35419566110704,0,2016-17,NA,0,0
21,18.922387493747692,0,16.50456990301427,289.49003645235325,0,2016-17,NA,0,0
22,18.732422095155698,0,15.582967039496907,267.31810969500793,0,2016-17,NA,0,0
23,18.541419239174274,0,14.590099690038187,246.73823435980603,0,2016-17,NA,0,0
24,18.348861114038982,0,13.525100094489062,227.65304546758898,0,2016-17,NA,0,0
25,18.15183166346992,0,12.381756800729818,209.95774953708542,0,2016-17,NA,0,0
26,17.947583590754448,0,11.15392158675104,193.5545505480036,0,2016-17,NA,0,0
27,17.735374077076358,0,9.83922459519954,178.35862214891358,0,2016-17,NA,0,0
28,17.512586323966843,0,8.431950498186325,164.2834844773979,0,2016-17,NA,0,0
29,17.27680209187747,0,6.926374973922066,151.24823261929714,0,2016-17,NA,2.5242305902349202,0
30,17.028341816688226,0,5.320656998734648,139.1828783285073,0,2016-17,NA,2.5242305902349202,0
31,16.767521213395185,0,3.6128641496252385,128.0204908839405,0,2016-17,NA,2.5242305902349202,0
32,16.492774704575936,0,1.7984202608090527,117.69394821415153,0,2016-17,NA,2.5242305902349202,0
33,16.204569993478344,0,0,108.14271327389406,0,2016-17,NA,2.5242305902349202,0
34,15.903380834532413,0,0,99.30946507501358,0,2016-17,NA,2.5242305902349202,0
35,15.58787918737994,0,0,91.13820078984645,0,2016-17,NA,2.5242305902349202,0
36,15.258647791365433,0,0,83.57755824115225,0,2016-17,NA,2.5242305902349202,0
37,14.916279667533331,0,0,76.57926508880905,0,2016-17,NA,2.5242305902349202,0
38,14.55970505717903,0,0,70.09737414854817,0,2016-17,NA,2.5242305902349202,0
39,14.189570448529139,0,0,64.08882489849248,0,2016-17,NA,2.5242305902349202,0
40,13.806531581603736,0,0,58.51334019149817,0,2016-17,NA,2.5242305902349202,0
41,13.409315054956323,0,0,53.33396746291464,0,2016-17,NA,2.5242305902349202,0
42,12.99679786761817,0,0,48.5160097179928,0,2016-17,NA,2.5242305902349202,0
43,12.56931805488341,0,0,44.025925426047024,0,2016-17,NA,2.5242305902349202,0
44,12.126062992558104,0,0,39.833867888152554,0,2016-17,NA,2.5242305902349202,0
45,11.666316018218936,0,0,35.911679557106254,0,2016-17,NA,2.5242305902349202,0
46,11.190801218005618,0,0,32.23028313546013,0,2016-17,NA,2.5242305902349202,0
47,10.700211848276695,0,0,28.762451034788114,0,2016-17,NA,2.5242305902349202,0
48,10.194331811217012,0,0,25.48474969111112,0,2016-17,NA,2.5242305902349202,0
49,9.673632846310966,0,0,22.372161195454282,0,2016-17,NA,2.5242305902349202,0
50,9.138542712658136,0,0,19.400950378698667,0,2016-17,NA,2.5242305902349202,0
51,8.588873264533504,0,0,16.551249861026918,0,2016-17,NA,2.5242305902349202,0
52,8.024762170303234,0,0,13.800461103019984,0,2016-17,NA,2.5242305902349202,0
53,7.4462891044354365,0,0,11.126668147482292,0,2016-17,NA,2.5242305902349202,0
54,6.853227354304408,0,0,8.511827354599518,0,2016-17,NA,2.5242305902349202,0
55,6.245304813447433,0,4.547473508864641e-13,5.934039881339572,0,2016-17,NA,2.5242305902349202,0
56,5.622175734555299,0,0,3.371416852933976,0,2016-17,NA,2.5242305902349202,0
57,4.983616785892991,0,0,0.8073580856621447,0,2016-17,NA,2.5242305902349202,0
58,4.329307302479037,0,0,0,0,2016-17,NA,2.5242305902349202,0
59,3.658499441074923,0,0,0,0,2016-17,NA,2.5242305902349202,0
60,2.9709033864818366,0,0,0,0,2016-17,NA,2.5242305902349202,0
61,2.26611162056156,0,4.547473508864641e-13,0,0,2016-17,NA,2.5242305902349202,0
62,1.5426223453100647,0,0,0,0,2016-17,NA,2.5242305902349202,0
63,0.7988231917515805,0,0,0,0,2016-17,NA,2.5242305902349202,0
64,0.03388670454990006,0,0,0,0,2016-17,NA,2.5242305902349202,0
65,0,0,4.547473508864641e-13,0,0,2016-17,NA,2.5242305902349202,0
66,0,0,0,0,0,2016-17,NA,2.5242305902349202,0
67,0,0,4.547473508864641e-13,0,0,2016-17,NA,2.5242305902349202,0
68,0,0,0,0,0,2016-17,NA,2.5242305902349202,0
69,0,0,4.547473508864641e-13,0,0,2016-17,NA,2.5242305902349202,0
70,0,0,0,0,0,2016-17,NA,2.5242305902349202,0
71,0,0,0,0,0,2016-17,NA,2.5242305902349202,0
72,0,0,0,0,0,2016-17,NA,2.5242305902349202,0
73,0,0,9.094947017729282e-13,0,0,2016-17,NA,2.5242305902349202,0
74,0,0,0,0,0,2016-17,NA,2.5242305902349202,0
75,0,0,0,0,0,2016-17,NA,2.5242305902349202,0
76,0,0,0,0,0,2016-17,NA,2.5242305902349202,0
77,0,0,0,0,0,2016-17,NA,2.5242305902349202,0
78,0,0,0,0,0,2016-17,NA,2.5242305902349202,0
79,0,0,0,0,0,2016-17,NA,2.5242305902349202,0
80,0,0,0,0,0,2016-17,NA,2.5242305902349202,0
81,0,0,0,0,0,2016-17,NA,2.5242305902349202,0
82,0,0,4.547473508864641e-13,0,0,2016-17,NA,2.5242305902349202,0
83,0,0,0,0,0,2016-17,NA,2.5242305902349202,0
84,0,0,0,0,0,2016-17,NA,2.5242305902349202,0
85,0,0,0,0,0,2016-17,NA,2.5242305902349202,0
86,0,0,0,0,0,2016-17,NA,2.5242305902349202,0
87,0,0,0,0,0,2016-17,NA,2.5242305902349202,0
88,0,0,0,0,0,2016-17,NA,2.5242305902349202,0
89,0,0,0,0,0,2016-17,NA,2.5242305902349202,0
90,0,0,0,0,0,2016-17,NA,2.5242305902349202,0
91,0,0,4.547473508864641e-13,0,0,2016-17,NA,2.5242305902349202,0
92,0,0,0,0,0,2016-17,NA,2.5242305902349202,0
93,0,0,4.547473508864641e-13,0,0,2016-17,NA,0,0
94,0,0,0,0,0,2016-17,NA,0,0
95,0,0,0,0,0,2016-17,NA,0,0
96,0,0,0,0,0,2016-17,NA,0,0
97,0,0,0,0,0,2016-17,NA,0,0
98,0,0,0,0,0,2016-17,NA,0,0
99,0,0,0,0,0,2016-17,NA,0,0
100,0,0,4.547473508864641e-13,0,0,2016-17,NA,0,0
101,0,0,0,0,0,2016-17,NA,0,0
102,0,0,0,0,0,2016-17,NA,0,0
103,0,0,0,0,0,2016-17,NA,0,0
104,0,0,0,0,0,2016-17,NA,0,0
105,0,0,4.547473508864641e-13,0,0,2016-17,NA,0,0
106,0,0,0,0,0,2016-17,NA,0,0
107,0,0,0,0,0,2016-17,NA,0,0
108,0,0,0,0,0,2016-17,NA,0,0
109,0,0,0,0,0,2016-17,NA,0,0
110,0,0,0,0,0,2016-17,NA,0,0
111,0,0,0,0,0,2016-17,NA,0,0
112,0,0,0,0,0,2016-17,NA,0,0
113,0,0,0,0,0,2016-17,NA,0,0
114,0,0,0,0,0,2016-17,NA,0,0
115,0,0,0,0,0,2016-17,NA,0,0
116,0,0,0,0,0,2016-17,NA,0,0
117,0,0,0,0,0,2016-17,NA,0,0
118,0,0,0,0,0,2016-17,NA,0,0
119,0,0,0,0,0,2016-17,NA,0,0
120,0,0,0,0,0,2016-17,NA,0,0
121,0,0,0,0,0,2016-17,NA,0,0
122,0,0,0,0,0,2016-17,NA,0,0
123,0,0,0,0,0,2016-17,NA,0,0
124,0,0,0,0,0,2016-17,NA,0,0
125,0,0,0,0,0,2016-17,NA,0,0
126,0,0,0,0,0,2016-17,NA,0,0
127,0,0,0,0,0,2016-17,NA,0,0
128,0,0,0,0,0,2016-17,NA,0,0
129,0,0,0,0,0,2016-17,NA,0,0
130,0,0,0,0,0,2016-17,NA,0,0
131,0,0,0,0,0,2016-17,NA,0,0
132,0,0,9.094947017729282e-13,0,0,2016-17,NA,0,0
133,0,0,0,0,0,2016-17,NA,0,0
134,0,0,0,0,0,2016-17,NA,0,0
135,0,0,0,0,0,2016-17,NA,0,0
136,0,0,9.094947017729282e-13,0,0,2016-17,NA,0,0
137,0,0,0,0,0,2016-17,NA,0,0
138,0,0,0,0,0,2016-17,NA,0,0
139,0,0,0,0,0,2016-17,NA,0,0
140,0,0,9.094947017729282e-13,0,0,2016-17,NA,0,0
141,0,0,0,0,0,2016-17,NA,0,0
142,0,0,0,0,0,2016-17,NA,0,0
143,0,0,0,0,0,2016-17,NA,0,0
144,0,0,9.094947017729282e-13,0,0,2016-17,NA,0,0
145,0,0,0,0,0,2016-17,NA,0,0
146,0,0,0,0,0,2016-17,NA,0,0
147,0,0,0,0,0,2016-17,NA,0,0
148,0,0,0,0,0,2016-17,NA,0,0
149,0,0,0,0,0,2016-17,NA,0,0
150,0,0,0,0,0,2016-17,NA,0,0
151,0,0,0,0,0,2016-17,NA,0,0
152,0,0,9.094947017729282e-13,0,0,2016-17,NA,0,0
153,0,0,0,0,0,2016-17,NA,0,0
154,0,0,0,0,0,2016-17,NA,0,0
155,0,0,0,0,0,2016-17,NA,0,0
156,0,0,0,0,0,2016-17,NA,0,0
157,0,0,0,0,0,2016-17,NA,0,0
158,0,0,0,0,0,2016-17,NA,0,0
159,0,0,0,0,0,2016-17,NA,0,0
160,0,0,0,0,0,2016-17,NA,0,0
161,0,0,0,0,0,2016-17,NA,0,0
162,0,0,9.094947017729282e-13,0,0,2016-17,NA,0,0
163,0,0,0,0,0,2016-17,NA,0,0
164,0,0,0,0,0,2016-17,NA,0,0
165,0,0,0,0,0,2016-17,NA,0,0
166,0,0,9.094947017729282e-13,0,0,2016-17,NA,0,0
167,0,0,0,0,0,2016-17,NA,0,0
168,0,0,9.094947017729282e-13,0,0,2016-17,NA,0,0
169,0,0,0,0,0,2016-17,NA,0,0
170,0,0,0,0,0,2016-17,NA,0,0
171,0,0,0,0,0,2016-17,NA,0,0
172,0,0,0,0,0,2016-17,NA,0,0
173,0,0,0,0,0,2016-17,NA,0,0
174,0,41.1731336145167,0,0,0,2016-17,NA,0,0
175,0,90.63854644366074,0,0,0,2016-17,NA,0,0
176,0,139.65977745043347,9.094947017729282e-13,0,0,2016-17,NA,0,0
177,0,188.15247610211372,0,0,0,2016-17,NA,0,0
178,0,236.03390655729163,0,0,0,2016-17,NA,0,0
179,0,283.16039768542396,9.094947017729282e-13,0,0,2016-17,NA,0,0
180,0,329.45429062891344,0,0,0,2016-17,NA,0,0
181,0,374.84107450023293,0,0,0,2016-17,NA,0,0
182,0,419.18806903689983,0,0,0,2016-17,NA,0,0
183,0,462.4277018337598,0,0,0,2016-17,NA,0,0
184,0,504.4969528370566,0,0,0,2016-17,NA,0,0
185,0,545.2611025004007,9.094947017729282e-13,0,0,2016-17,NA,0,0
186,0,584.5750001825945,0,0,0,2016-17,NA,0,0
187,0,622.3207102333254,0,0,0,2016-17,NA,0,0
188,0,658.4414010218607,0,0,0,2016-17,NA,0,0
189,0,692.8548438151629,9.094947017729282e-13,0,0,2016-17,NA,0,0
190,0,725.5328567852994,0,0,0,2016-17,NA,0,0
191,0,756.4545910785528,0,0,0,2016-17,NA,0,0
192,0,785.5644025923975,0,0,0,2016-17,NA,0,0
193,0,812.8408760237216,0,0,0,2016-17,NA,0,0
194,0,838.2374431218341,0,0,0,2016-17,NA,0,0
195,0,861.7169182629004,9.094947017729282e-13,0,0,2016-17,NA,0,0
196,0,883.2888331389695,0,0,0,2016-17,NA,0,0
197,0,902.9701845301461,0,0,0,2016-17,NA,0,0
198,10.66560479587497,920.7622539242002,0,0,0,2016-17,NA,0,0
199,25.762178955497802,936.6905897772376,9.094947017729282e-13,0,0,2016-17,NA,0,0
200,41.164948195819306,950.7875528407312,9.094947017729282e-13,2.3658876787521876,0,2016-17,NA,0,0
201,56.777993589239486,963.0770686818723,0,71.7820831638528,0,2016-17,NA,0,0
202,72.48624899870993,973.588831323781,0,144.19256313625374,6.8317439063757774,2016-17,NA,0,0
203,88.18497352091799,982.3620319409965,9.094947017729282e-13,219.42166423497838,14.29168254473916,2016-17,NA,0,0
204,103.81230033812608,989.4445583781635,0,297.43433955841465,22.01408646305208,2016-17,NA,0,0
205,119.27186617256666,994.8904780245794,0,378.06856388415326,29.982594332672306,2016-17,NA,0,0
206,134.51729876005993,998.7522417760774,9.094947017729282e-13,461.34547433571424,38.19588202158775,2016-17,NA,0,0
207,149.50087466525292,1001.0865984932461,9.094947017729282e-13,547.2732440873515,46.651979328118614,2016-17,NA,0,0
208,164.12234316594913,1001.962816889165,0,635.6351660493383,55.33161256357562,2016-17,NA,0,0
209,178.31842801590756,1001.4443573084427,0,726.3483284428221,64.22691442553332,2016-17,NA,0,0
210,191.97347350225755,999.6136451452185,9.094947017729282e-13,819.063752263668,73.31066862076113,2016-17,NA,0,0
211,204.976068441003,996.5541899158852,0,913.4059537738358,82.55513166763558,2016-17,NA,0,0
212,217.29072789465863,992.3243680404121,1.8189894035458565e-12,1009.3173793336755,91.95817126257316,2016-17,NA,0,0
213,228.8851202273654,986.9843422811755,0,1106.7129537868605,101.51737552120176,2016-17,NA,0,0
214,239.67907506220035,980.6174879801765,9.094947017729282e-13,1205.2031140622857,111.20998035459343,2016-17,NA,0,0
215,249.6487991711656,973.281340264497,0,1304.6478105441201,121.03327952419204,2016-17,NA,0,0
216,258.7754150008095,965.0341128669679,0,1404.8722791837063,130.9844615000693,2016-17,NA,0,0
217,266.983828714423,955.9699349503062,0,1505.2740368379455,141.03358165579994,2016-17,NA,0,0
218,274.1949329179424,946.190140155406,0,1605.1074987806933,151.14384689329017,2016-17,NA,0,0
219,280.3556422606707,935.7835708863422,9.094947017729282e-13,1703.681021433411,161.2849002991279,2016-17,NA,0,0
220,285.4635336726842,924.8072787220444,0,1800.5604266153969,171.44590696163505,2016-17,NA,0,0
221,289.50021484089484,913.3365687796104,9.094947017729282e-13,1895.0784582207125,181.6032828093521,2016-17,NA,0,0
222,292.48857976930594,901.4137744374457,0,1986.8286945776927,191.751579736876,2016-17,NA,0,0
223,294.45859968668447,889.080144034946,0,2075.380199701205,201.88553499521367,2016-17,NA,0,0
224,295.4192173477768,876.4051137697388,0,2159.994826015769,211.9825252294686,2016-17,NA,0,0
225,295.4032291503081,863.4349161534774,0,2240.1099591561215,222.0309626755843,2016-17,NA,0,0
226,294.4323197962858,850.2424975614922,0,2314.894661941318,232.00443148122577,2016-17,NA,0,0
227,292.53583475420965,836.8963684038754,9.094947017729282e-13,2383.531067190517,241.8766272547582,2016-17,NA,0,0
228,289.76650257532674,823.4235382763218,0,2445.564537823564,251.63960262298497,2016-17,NA,0,0
229,286.1815689903069,809.849286122706,0,2500.576124608051,261.28589703266334,2016-17,NA,0,1900.7134618886712
230,281.83481140581534,796.223601440528,0,2547.960427241138,270.7965001367338,2016-17,NA,0,0
231,276.78399367346174,782.5677363968789,0,2587.3859482326807,280.1626709370612,2016-17,NA,0,0
232,271.08940426414483,768.9010726822598,9.094947017729282e-13,2618.591464459925,289.3763139996445,2016-17,NA,0,0
233,264.8186457792308,755.2720333192992,9.094947017729282e-13,2641.1487488856073,298.419282959032,2016-17,NA,0,0
234,258.04351507854517,741.7318626687338,0,2654.6805411189125,307.2723728491692,2016-17,NA,0,0
235,250.83302530651963,728.3199711318812,9.094947017729282e-13,2658.9801708929735,315.9195366423737,2016-17,NA,0,0
236,243.24341153301611,715.0519048565475,0,2654.1005702817347,324.35053105430416,2016-17,NA,0,1900.7134618886712
237,235.34036404471044,701.9533107824536,0,2640.1220407103683,332.55383870892547,2016-17,NA,0,0
238,227.1680705650233,689.0303307160357,0,2617.3331014893047,340.520261032274,2016-17,NA,0,0
239,218.7697722393914,676.2874769969567,0,2586.1208720316645,348.2415533437452,2016-17,NA,0,0
240,210.20805276630927,663.7427448675662,0,2546.8842720451794,355.7102120211857,2016-17,NA,0,0
241,201.5257271447863,651.4028081418,0,2500.1465004452984,362.91876855854935,2016-17,NA,0,0
242,192.78953621210712,639.283959399836,0,2446.4691800037617,369.8638560709878,2016-17,NA,0,0
243,184.0610468393661,627.4000573984013,0,2386.4752211205923,376.5431743023364,2016-17,619.0596771955646,0,1900.7134618886712
244,175.359384088335,615.7501047764817,0,2320.8490617588614,382.94939440007147,2016-17,NA,0,0
245,166.70220573716597,604.3318768352619,0,2250.3046617692453,389.0761971277643,2016-17,NA,0,0
246,158.13493491046847,593.1496487687473,0,2175.5787732654135,394.92424518242115,2016-17,NA,0,0
247,149.66748265709612,582.2006518639973,0,2097.3746482246934,400.4876213839343,2016-17,NA,0,0
248,141.30835936344465,571.4811107270216,1.8189894035458565e-12,2016.3855791396054,405.7613540906459,2016-17,NA,0,0
249,133.10667033195205,560.9916692982588,0,1933.3456087517625,410.7528434644264,2016-17,NA,0,0
250,125.11765689858294,550.7324326262678,9.094947017729282e-13,1848.9711138889397,415.4736869570115,2016-17,NA,0,1900.7134618886712
251,117.38128659352242,540.7013109517575,0,1763.9089988655105,419.9333054378221,2016-17,NA,0,0
252,109.90243202854072,530.8936081786887,0,1678.682840321715,424.1318877082449,2016-17,NA,0,0
253,102.70585005941939,521.3044502359044,0,1593.8185041467877,428.0772384842203,2016-17,NA,0,0
254,95.78332390307332,511.9287357965877,9.094947017729282e-13,1509.6933876915646,431.76687140439753,2016-17,NA,0,0
255,89.12650838934769,502.7609205484696,0,1426.6368681993044,435.1987772287466,2016-17,NA,0,0
256,82.756577553032,493.7942730476425,0,1345.0196058659785,438.3822720254393,2016-17,NA,0,0
257,76.67384036915792,485.0229108157,0,1265.0863613096226,441.3196088109398,2016-17,565.0105933946298,0,0
258,70.90516347691118,476.4386759791669,0,1187.1357955566782,444.0240509425639,2016-17,NA,0,0
259,65.47565057180873,468.03345441799684,0,1111.4059729603032,446.5088691443598,2016-17,NA,0,0
260,60.37544671171054,459.80250752120264,0,1037.940718526581,448.7733283727139,2016-17,NA,0,0
261,55.59477648380289,451.7410513776158,0,966.7526737965054,450.816662995785,2016-17,NA,0,0
262,51.146833308026544,443.84162853873204,0,897.9310044776867,452.6479436031768,2016-17,NA,0,0
263,47.02385207367479,436.099893999246,0,831.4170158219276,454.2668639204967,2016-17,NA,0,0
264,43.217826960549246,428.51161789642356,0,767.1311430699861,455.6728925378702,2016-17,NA,0,0
265,39.74354997320279,421.06905234009173,0,705.118860237566,456.8761607353699,2016-17,NA,0,0
266,36.61900024533679,413.7640634892705,0,645.4306795018783,457.8884664299585,2016-17,NA,0,0
267,33.8554889274501,406.58994059867837,0,588.0526658466988,458.718307016934,2016-17,NA,0,0
268,31.450485792167456,399.5428974601491,0,532.8448959730013,459.3669080509935,2016-17,NA,0,0
269,29.407187074726608,392.6180449776002,0,479.7312145621072,459.8386396772694,2016-17,NA,0,0
270,27.72076154109527,385.8127105715357,0,428.52096032634654,460.13278134439315,2016-17,NA,0,0
271,26.38524603240967,379.12455376948856,0,379.02368789933826,460.24806772261945,2016-17,156.06794317435907,0,0
272,25.39822456931961,372.5501099760113,0,331.1509001907798,460.1863253939955,2016-17,NA,0,0
273,24.754572987652864,366.0870216688236,0,284.74254817523615,459.94710148276863,2016-17,NA,0,0
274,24.446332472221002,359.7328011145837,0,239.73662573631736,459.5307124316205,2016-17,NA,0,0
275,24.463841473445427,353.4853623941126,0,196.06848732108483,458.9369123193537,2016-17,NA,0,0
276,24.80118741824299,347.34298853669316,0,153.54817314168758,458.16468831129896,2016-17,NA,0,0
277,25.450486051749976,341.3043275275122,0,111.99119989847895,457.2125728108367,2016-17,NA,0,0
278,26.3948316702581,335.3688906613861,9.094947017729282e-13,71.30882348467276,456.07781066246025,2016-17,NA,0,0
279,27.6259670329473,329.53527635334103,0,31.32934230986939,454.7596030855384,2016-17,NA,0,0
280,29.13350901519061,323.8024158246626,0,0,453.25684133612594,2016-17,NA,0,0
281,30.88775545284352,318.17174730977786,0,0,451.5640371183363,2016-17,NA,0,0
282,32.85188240058051,312.64563534546687,0,0,449.67428782535353,2016-17,NA,0,0
283,34.99229584029126,307.22590527488137,0,0,447.5820559101521,2016-17,NA,0,0
284,37.29054492801333,301.91211216098964,9.094947017729282e-13,0,445.2864463393071,2016-17,NA,0,0
285,39.714695776176086,296.7057869915079,9.094947017729282e-13,0,442.7833947745876,2016-17,NA,0,0
286,42.25142154706009,291.60550220666846,0,0,440.0747097756557,2016-17,NA,0,0
287,44.886182303797796,286.61001435052094,0,0,437.16238372078806,2016-17,NA,0,0
288,47.58347480341763,281.7213281422446,0,0,434.04306675504085,2016-17,NA,0,0
289,50.321721323260135,276.9391635549873,9.094947017729282e-13,0,430.71802579702126,2016-17,NA,0,0
290,53.05794223370958,272.2666698322246,0,0,427.1830499237658,2016-17,NA,0,0
291,55.75025283076684,267.70677764076754,0,0,423.43492362910183,2016-17,NA,0,0
292,58.38632824128945,263.2576506232326,9.094947017729282e-13,0,419.47932463435063,2016-17,NA,0,0
293,60.95430974696865,258.9174630120615,0,0,415.3224656534567,2016-17,NA,0,0
294,63.42245447649566,254.6876986826901,0,0,410.9654577788988,2016-17,NA,0,0
295,65.7808216163794,250.56640541919842,0,0,406.4157552381039,2016-17,NA,0,0
296,68.02065297395438,246.55154852283522,0,0,401.68143187743044,2016-17,NA,0,0
297,70.11008421054339,242.64488530606468,0,0,396.7647995479783,2016-17,NA,0,0
298,72.01501964911222,238.8486260378595,0,0,391.6680215319684,2016-17,NA,0,0
299,73.7109440673803,235.16362217417918,0,0,386.3960239758617,2016-17,NA,0,0
300,75.19245019816117,231.58794837807363,0,0,380.9586129505424,2016-17,NA,0,0
301,76.4473915269673,228.12078353905963,0,0,375.3642457273527,2016-17,NA,0,0
302,77.47845842589413,224.75940187048764,0,0,369.6245819063688,2016-17,NA,0,0
303,78.29057159076183,221.50082679251136,0,0,363.7518743151759,2016-17,NA,0,0
304,78.88086214916802,218.3430434454931,0,0,357.75716792173716,2016-17,NA,0,0
305,79.25439714218192,215.28323173261015,0,0,351.6527347785077,2016-17,NA,0,0
306,79.41351550826676,212.31839252417558,9.094947017729282e-13,0,345.45136194292627,2016-17,NA,0,0
307,79.36315278985694,209.44521305134913,0,0,339.16624740721454,2016-17,NA,0,0
308,79.11375149069772,206.66070940399004,0,0,332.8096378264181,2016-17,NA,0,0
309,78.67769894282128,203.96155745782016,9.094947017729282e-13,0,326.3941545792104,2016-17,NA,0,0
310,78.0694669498398,201.34301568989758,0,0,319.9345669834547,2016-17,NA,0,0
311,77.30102905802823,198.80204168577984,0,0,313.4424883772472,2016-17,NA,0,0
312,76.38601463501163,196.33523419756602,0,0,306.92978815067,2016-17,NA,0,0
313,75.34837424136231,193.93538861991146,0,0,300.4138851312382,2016-17,NA,0,0
314,74.21622557504088,191.59393221410755,0,0,293.9135722389806,2016-17,NA,0,0
315,73.01511229233347,189.30317359739638,0,0,287.44545140994614,2016-17,NA,0,0
316,71.75963595192388,187.05898927102135,0,0,281.0200095532896,2016-17,NA,0,0
317,70.47429997568906,184.8541049610376,0,0,274.6518255393621,2016-17,NA,0,0
318,69.1673198671565,182.68612134572868,0,0,268.34761742996307,2016-17,NA,0,0
319,0,0,0,0,0,2016-17,NA,0,0
