yday,prop.flooded,lcl,ucl,landcover
1,0.03188919348311502,0.02206491073539397,0.04588245745619078,wetlands
2,0.03187116846839958,0.022372325794134017,0.04521649786798865,wetlands
3,0.031853153306899744,0.0226778372843885,0.04457144583287451,wetlands
4,0.031835147993610424,0.022980457528065754,0.043948203189931916,wetlands
5,0.031817152523524836,0.023279034027701137,0.043347840087248735,wetlands
6,0.03179916689163959,0.023572224877316212,0.04277161958394372,wetlands
7,0.03178119109295627,0.023858472660717903,0.04222102376351,wetlands
8,0.03176322512247363,0.024135978257048607,0.041697779938688874,wetlands
9,0.03174526897519404,0.02440267701599163,0.041203884485553115,wetlands
10,0.031727314463444255,0.024656161033248598,0.0407416973739143,wetlands
11,0.031709320704674825,0.02489356381598811,0.040314052500561796,wetlands
12,0.03169125222457739,0.0251118954560693,0.03992381749550423,wetlands
13,0.03167315161684939,0.02530824317172195,0.039573813233059855,wetlands
14,0.03165520531458422,0.02548012679052493,0.03926650712633538,wetlands
15,0.031637760516609,0.025625847738173238,0.03900363077274717,wetlands
16,0.03162125138680377,0.025744698549708796,0.03878579969269116,wetlands
17,0.03160632485540438,0.02583717634965845,0.038612599385200126,wetlands
18,0.03159368022303942,0.025904917529053342,0.03848235159135921,wetlands
19,0.03158401609891468,0.02595061615391188,0.03839212238465792,wetlands
20,0.03157803096475209,0.025977879835533593,0.03833791043842663,wetlands
21,0.031576423888615056,0.025991008977000817,0.0383149167157242,wetlands
22,0.03157989538904062,0.02599473389856006,0.03831786113886025,wetlands
23,0.031589148450372265,0.02599394556706495,0.03834131063335665,wetlands
24,0.03160488969069832,0.02599344709058231,0.03837999156897907,wetlands
25,0.031627830684434054,0.025997739543952403,0.038429073284773775,wetlands
26,0.0316587798431788,0.026010815789582784,0.038484679702820525,wetlands
27,0.03169891613915911,0.026035942843913504,0.03854487394897422,wetlands
28,0.031749601763913095,0.026075647602231185,0.038609240769841076,wetlands
29,0.031812607859615614,0.026131632134998806,0.03867956632544939,wetlands
30,0.03189016048758818,0.026204862037217794,0.038759822590213246,wetlands
31,0.031984842939736774,0.026295813695340182,0.03885556330928787,wetlands
32,0.03209938998777409,0.026404797559266936,0.038972945331662324,wetlands
33,0.032236752457118906,0.02653211902449555,0.03911864255485989,wetlands
34,0.03240000689218128,0.02667841962393145,0.039299129409173274,wetlands
35,0.03259234037993428,0.026844890024470353,0.03952033908478237,wetlands
36,0.03281707494212953,0.027033409146697794,0.03978752730035056,wetlands
37,0.03307769527089498,0.027246641616098872,0.040105203439364884,wetlands
38,0.033377880131279236,0.02748808900976041,0.040477133804763414,wetlands
39,0.033721537823540024,0.02776209383532825,0.04090641885240983,wetlands
40,0.03411284617742362,0.028073798808280186,0.04139564338873171,wetlands
41,0.034556297641881076,0.028429065991527343,0.041947097660099734,wetlands
42,0.035056617950777816,0.0288341479104251,0.04256305861914531,wetlands
43,0.03561841063021431,0.029294865527333094,0.04324613450035063,wetlands
44,0.03624642189834701,0.029816792051097094,0.043999644381863726,wetlands
45,0.036945045021015324,0.030404308781434825,0.04482780500830383,wetlands
46,0.03771808495645874,0.03106016267978091,0.04573580585350657,wetlands
47,0.03856884466475563,0.03178565852863239,0.046729725013010606,wetlands
48,0.03950061632975422,0.03258152954197405,0.04781643047236704,wetlands
49,0.04051623689354272,0.03344755519066178,0.04900305009274187,wetlands
50,0.04161862452834718,0.034383560715307286,0.05029680689034379,wetlands
51,0.042810963464767246,0.0353899242784151,0.05170473480991018,wetlands
52,0.04409669770074022,0.036467811357567416,0.0532333375837859,wetlands
53,0.045479524183215006,0.037619382006326606,0.05488828770901232,wetlands
54,0.04696338516046285,0.03884795171536016,0.05667418764883761,wetlands
55,0.04855245939602574,0.040158087721006173,0.05859441568014953,wetlands
56,0.05025115192787009,0.04155562630207008,0.06065107664025124,wetlands
57,0.052064082048857034,0.04304760014980178,0.06284507588885496,wetlands
58,0.05399593364574203,0.04464179235418355,0.06517640262046152,wetlands
59,0.056050993198606444,0.04634553965608578,0.06764474748891208,wetlands
60,0.05823337025275731,0.04816578797236338,0.07024996320545983,wetlands
61,0.06054671836180691,0.05010786809400493,0.07299315705415378,wetlands
62,0.06299416184198509,0.052174813902760686,0.07587748016317848,wetlands
63,0.0655783595532253,0.05436740162151849,0.0789081930814133,wetlands
64,0.06830161007364076,0.056684889960361896,0.0820918255393225,wetlands
65,0.07116589897422614,0.05912494118517417,0.08543636090105328,wetlands
66,0.07417274720644047,0.06168446167190862,0.08894966366019262,wetlands
67,0.07732310049970012,0.06436019381947174,0.09263838492655338,wetlands
68,0.08061724196647856,0.06714915803012854,0.09650715577646721,wetlands
69,0.08405470270230762,0.0700490646809889,0.10055783119092018,wetlands
70,0.08763417145588663,0.07305864645348897,0.10478884834417009,wetlands
71,0.09135340462016729,0.07617786169243344,0.10919476453696578,wetlands
72,0.0952091379590451,0.07940792702504558,0.1137660337997526,wetlands
73,0.09919700162859975,0.0827511475333997,0.11848907170566181,wetlands
74,0.10331179799302581,0.08621052753214917,0.12334747514963575,wetlands
75,0.10754860510047737,0.08978912994116268,0.128325512686639,wetlands
76,0.11190220380558373,0.093489253811203,0.1334079360844578,wetlands
77,0.11636832033930256,0.09731156269360419,0.13858406890758426,wetlands
78,0.12094424011064732,0.10125441428172265,0.14385009411254077,wetlands
79,0.12562867918680415,0.10531375923529226,0.1492087922152783,wetlands
80,0.13042081311478065,0.10948361115283688,0.15466654795577872,wetlands
81,0.13532095958107804,0.11375652836411226,0.16023418771313547,wetlands
82,0.14032977492139778,0.11812483392263479,0.1659234280015825,wetlands
83,0.14544796362840243,0.12258169474652537,0.17174476969077115,wetlands
84,0.15067628294281002,0.12712207723209512,0.1777062862733677,wetlands
85,0.15601554700012918,0.1317435834979596,0.1838126000291275,wetlands
86,0.16146663048596796,0.13644708053643048,0.1900641458890393,wetlands
87,0.16703047175316427,0.14123704686645636,0.1964568086516365,wetlands
88,0.17270807535437158,0.14612158511818385,0.20298199309921774,wetlands
89,0.17850051394381683,0.15111207428403153,0.20962715856813885,wetlands
90,0.18440866038026013,0.1562217195579905,0.216377164881516,wetlands
91,0.1904323269485817,0.1614620725422525,0.22321686657137277,wetlands
92,0.19657061979472934,0.1668428182663521,0.23013219467418564,wetlands
93,0.20282066504866184,0.17236757168087335,0.2371126356567447,wetlands
94,0.20917693725546754,0.17803154228936086,0.24415256406525668,wetlands
95,0.21563136686314632,0.1838218853896795,0.25125083595303505,wetlands
96,0.22217440709658787,0.18972093435444815,0.25840890347705575,wetlands
97,0.22879421765597802,0.19570544119890987,0.26562980646905193,wetlands
98,0.23547772832485406,0.201750617265349,0.2729154066733754,wetlands
99,0.2422110429832374,0.2078325449742663,0.2802643183842609,wetlands
100,0.24897948436161776,0.21392958593430259,0.2876703712048446,wetlands
101,0.2557676460382055,0.22002353581689169,0.29512144899822235,wetlands
102,0.26255945099770084,0.22610040502288264,0.30259882476981165,wetlands
103,0.26933821593024704,0.2321507317850726,0.31007707864085277,wetlands
104,0.2760867203284553,0.23816937772393854,0.31752463793355684,wetlands
105,0.2827872793417733,0.24415479906566823,0.3249049309849561,wetlands
106,0.28942210054587814,0.2501073618711545,0.3321792572578956,wetlands
107,0.29597423446000026,0.25602618590858534,0.339312602911894,wetlands
108,0.3024272771126465,0.2619082112135172,0.34627403766599885,wetlands
109,0.30876694489752127,0.26774551853970846,0.3530431284566647,wetlands
110,0.314981932249136,0.2735241834059086,0.35961288784114687,wetlands
111,0.32106378682874986,0.27922512413294776,0.3659882560229841,wetlands
112,0.32700554095477213,0.28482645587492517,0.37218025599387083,wetlands
113,0.3328029632148254,0.2903049657153374,0.3782068479527378,wetlands
114,0.33845290429637814,0.295638916036114,0.3840861669334551,wetlands
115,0.3439527153796893,0.30081014871286,0.38983297120821514,wetlands
116,0.3493002267125537,0.305805620527147,0.3954569909126722,wetlands
117,0.3544937252655992,0.31061847679147053,0.40096182243811485,wetlands
118,0.3595319317770413,0.3152485621187295,0.4063444560248357,wetlands
119,0.3644139774651559,0.3197023123531822,0.4115954787780152,wetlands
120,0.36913938065604424,0.3239920276709704,0.4166999397359148,wetlands
121,0.37370802354410926,0.3281345740237565,0.4216388173170862,wetlands
122,0.3781203906008869,0.33214899325579406,0.4263922015717658,wetlands
123,0.3823783391849362,0.33605247428403545,0.4309453298709619,wetlands
124,0.38648446421104454,0.3398592426669307,0.4352884166772338,wetlands
125,0.3904423967881649,0.34357648415830555,0.43942165274824213,wetlands
126,0.3942567074972192,0.3472026852612957,0.4433566704120734,wetlands
127,0.3979325977614021,0.35072906504291523,0.44711419075040393,wetlands
128,0.4014755678766108,0.3541436887732086,0.45071876484289997,wetlands
129,0.40489129348443387,0.3574319659664331,0.45419794299775224,wetlands
130,0.4081856398852637,0.3605813931300259,0.4575771791924573,wetlands
131,0.4113646542751218,0.3635842411567472,0.46087698364819113,wetlands
132,0.41443454759276405,0.36643893408457284,0.46411149311041,wetlands
133,0.41740167799223177,0.36915085164969896,0.46728766770008856,wetlands
134,0.4202725358387953,0.37173250039038414,0.47040515982877873,wetlands
135,0.42305373012556813,0.3742030488122312,0.47345685107492497,wetlands
136,0.4257519762086608,0.37658727354839544,0.47643000253004114,wetlands
137,0.42837408476055455,0.378913996202796,0.4793079322634963,wetlands
138,0.430926800297413,0.38121274396818416,0.48207325109265114,wetlands
139,0.43341633596917767,0.3835072230562251,0.4847138157487136,wetlands
140,0.4358486652605913,0.3858156711591579,0.4872228984375032,wetlands
141,0.43822905590718714,0.38814495368953345,0.4896044025242232,wetlands
142,0.4405620612175699,0.3904902611700738,0.4918730525053135,wetlands
143,0.4428521215272989,0.3928420131381427,0.4940482605405558,wetlands
144,0.4451035598579987,0.39518729028015465,0.49615257044221356,wetlands
145,0.4473201201855556,0.39750773545469015,0.4982128837116479,wetlands
146,0.44950541978636877,0.39978580568884803,0.5002548161577086,wetlands
147,0.4516630990020929,0.40200792890229875,0.5022997368927636,wetlands
148,0.45379681909734565,0.40416592119810457,0.50436334113015735,wetlands
149,0.45591026028095044,0.40625792138800126,0.5064547350979078,wetlands
150,0.4580071198731547,0.40828876668287006,0.5085761032788316,wetlands
151,0.46009111060169494,0.410269767356391,0.5107229945660566,wetlands
152,0.46216595900987184,0.412217883786958,0.5128852184734235,wetlands
153,0.46423540396012575,0.41415434922021166,0.515048302651124,wetlands
154,0.466303010158918,0.41610174568703795,0.5171961567220653,wetlands
155,0.4683716108247403,0.418078555567191,0.5193155581119082,wetlands
156,0.47044366635654844,0.42009910894771546,0.5213968981505355,wetlands
157,0.4725206678061673,0.4221685405438709,0.5234381150794271,wetlands
158,0.47460292151822375,0.42428101656755063,0.5254460027360504,wetlands
159,0.4766897312853472,0.4264217433148267,0.5274344404856962,wetlands
160,0.4787799941604637,0.42857215984839836,0.529420228405054,wetlands
161,0.4808717899881324,0.4307101678648962,0.5314220051153982,wetlands
162,0.4829629919189144,0.43281563039911913,0.5334558677466273,wetlands
163,0.485051470642474,0.43487334143508166,0.5355327948397193,wetlands
164,0.4871350951209425,0.43687442751631306,0.5376572764711625,wetlands
165,0.48921173332261847,0.43881713877712086,0.5398265726917667,wetlands
166,0.4912792529507587,0.4407069795262499,0.542030643138225,wetlands
167,0.49333552216218685,0.44255617927487756,0.5442527398890836,wetlands
168,0.4953784102706103,0.4443825564230421,0.5464706043981181,wetlands
169,0.4974057884295527,0.4462078589190806,0.5486581774315433,wetlands
170,0.49941543529750293,0.44805430714899974,0.5507889029187756,wetlands
171,0.5014047526929685,0.4499379372400909,0.5528418174749984,wetlands
172,0.503371009893443,0.451868982340923,0.5548016016967565,wetlands
173,0.5053113046614057,0.4538461947690162,0.5566641048598726,wetlands
174,0.5072226561918394,0.45585676255538404,0.5584365161093222,wetlands
175,0.5091020790413461,0.4578830955868241,0.5601306834349039,wetlands
176,0.5109466845007635,0.4599044977814854,0.5617616224842822,wetlands
177,0.5127539514094662,0.46189582803249063,0.5633493573920401,wetlands
178,0.514521455891042,0.4638333153451563,0.5649126163401201,wetlands
179,0.5162467814083668,0.46569758678636525,0.5664656843986985,wetlands
180,0.5179275189019157,0.4674751047974234,0.5680170241632181,wetlands
181,0.5195612668448096,0.4691590781631296,0.5695684221968885,wetlands
182,0.5211456312130642,0.47074977505946425,0.571114726675802,wetlands
183,0.5226782253701111,0.47225420365363696,0.5726442050926179,wetlands
184,0.5241566698652494,0.4736851729850805,0.5741395042345451,wetlands
185,0.5255785921464108,0.4750597859395798,0.5755791562763009,wetlands
186,0.5269418952330258,0.4763967776003058,0.5769407269667831,wetlands
187,0.5282458162073325,0.4777113673616617,0.5782079165923404,wetlands
188,0.5294908741812194,0.47901282507383075,0.5793727989194507,wetlands
189,0.5306780352480621,0.48030526295005826,0.5804333727866392,wetlands
190,0.5318091890956342,0.481584601574829,0.5813974224590577,wetlands
191,0.5328870217321202,0.4828391279746124,0.5822816896750459,wetlands
192,0.5339144158975859,0.48405358438220036,0.5831066980071403,wetlands
193,0.5348944427886285,0.4852095920829998,0.583896320765515,wetlands
194,0.5358302184701595,0.48629064181406156,0.5846726472178946,wetlands
195,0.5367248560042899,0.4872849082834292,0.5854531663570813,wetlands
196,0.5375814654014496,0.4881866964642018,0.5862493791845739,wetlands
197,0.5384031536085324,0.4889973027276605,0.5870659816145152,wetlands
198,0.5391930245250441,0.48972522821647413,0.5879006779462439,wetlands
199,0.5399541790391915,0.4903857280510702,0.588744639208292,wetlands
200,0.5406897150765508,0.4909997321714067,0.5895835689104258,wetlands
201,0.5414027276546522,0.49159221160112,0.5903993010827924,wetlands
202,0.5420958656982355,0.49218866394323696,0.5911723460317772,wetlands
203,0.5427695533417727,0.4928068808485038,0.5918863822285318,wetlands
204,0.5434219723706741,0.4934545232665424,0.5925305428172495,wetlands
205,0.544050433950627,0.4941323251665645,0.5930989651255241,wetlands
206,0.5446501723593186,0.49482939533989007,0.5935929595039157,wetlands
207,0.5452144474125759,0.49552418233749507,0.5940202568765389,wetlands
208,0.5457358482276442,0.49619068490968515,0.5943915427319266,wetlands
209,0.5462058218488982,0.4967984569880991,0.5947195362787862,wetlands
210,0.546615532653393,0.4973186780862659,0.5950148134383414,wetlands
211,0.5469561472942934,0.49772729131764554,0.5952833468593276,wetlands
212,0.5472188324726739,0.4980064152012176,0.5955251531297496,wetlands
213,0.5473947523464671,0.4981451724698,0.5957335008698205,wetlands
214,0.5474750656023509,0.4981398772188977,0.5958947350693768,wetlands
215,0.547450922229123,0.497993566651156,0.5959887289338182,wetlands
216,0.5473134600469429,0.49771491403897444,0.5959899252676787,wetlands
217,0.5470538010626773,0.4973165956336407,0.5958688947431549,wetlands
218,0.5466634336385926,0.49681261666652105,0.5955956368163577,wetlands
219,0.5461357807482227,0.49621346049176845,0.5951472779297264,wetlands
220,0.5454662821283072,0.49552378576720496,0.5945104340200947,wetlands
221,0.5446511905024434,0.49474305768800897,0.5936782589778552,wetlands
222,0.5436888321283287,0.4938633546130309,0.5926550256244846,wetlands
223,0.5425795540931075,0.4928701951359411,0.5914552638324009,wetlands
224,0.5413244166487093,0.49174611983964395,0.5900978022128289,wetlands
225,0.539925763042024,0.49047175053035935,0.5886058939426076,wetlands
226,0.5383862560242493,0.4890300082910028,0.5870012861114249,wetlands
227,0.5367085592484424,0.48740863043788885,0.5853011598610108,wetlands
228,0.5348953415531634,0.4856015799184061,0.5835167500432972,wetlands
229,0.5329492812477173,0.4836098719923693,0.5816525138187438,wetlands
230,0.5308730703627399,0.48144175760434493,0.5797059124057842,wetlands
231,0.5286694188311775,0.4791122480544553,0.5776678267239868,wetlands
232,0.5263410585664751,0.4766420169478086,0.575523577956953,wetlands
233,0.5238907474061331,0.47405575309082737,0.5732544879311176,wetlands
234,0.5213209201365328,0.471378734784114,0.5708405041504107,wetlands
235,0.5186322491114813,0.468628966770348,0.5682650842113139,wetlands
236,0.5158235524983277,0.46581471886486947,0.5655174813758095,wetlands
237,0.5128929038973582,0.462937485653231,0.5625920736441179,wetlands
238,0.5098364560294582,0.45998739540772277,0.5594906624470036,wetlands
239,0.5066485037011809,0.45694419876106884,0.556221730013604,wetlands
240,0.5033227277535951,0.45378342135091077,0.5527968814857334,wetlands
241,0.49985171504514836,0.4504764129159594,0.5492299093994009,wetlands
242,0.4962278395658702,0.44699640247897454,0.5455325313745878,wetlands
243,0.49244356820180374,0.44332162359203625,0.5417118480461605,wetlands
244,0.48849147982347846,0.43943671774273535,0.5377689155849292,wetlands
245,0.48436428702529055,0.43533354656418766,0.5336978888392068,wetlands
246,0.480054860767288,0.43101135331838764,0.5294858034280306,wetlands
247,0.47555625817458086,0.42647626149414636,0.5251130198034333,wetlands
248,0.47086175374824474,0.42174015229221373,0.520554300644577,wetlands
249,0.4659648742351172,0.4168190032227746,0.5157804549428338,wetlands
250,0.4608599532053939,0.4117303549096259,0.5107619508832117,wetlands
251,0.4555442807549393,0.4064891182213389,0.5054775333246411,wetlands
252,0.4500182766976393,0.4011054404375311,0.49991687943031393,wetlands
253,0.44428391458690253,0.3955849917932573,0.4940772667862065,wetlands
254,0.43834666352110496,0.3899276161936532,0.48796906809302276,wetlands
255,0.4322154818757971,0.38412832164431504,0.48161492611682627,wetlands
256,0.42590087929834103,0.37818022329493745,0.47504290513143527,wetlands
257,0.4194160200861993,0.3720761962137692,0.4682870978300405,wetlands
258,0.41277491935268357,0.36581211039174005,0.4613805644791349,wetlands
259,0.4059918251925879,0.359388872310155,0.45435183453635636,wetlands
260,0.3990811846175923,0.35281359388313416,0.44722346161577514,wetlands
261,0.3920576044683369,0.3461001374253043,0.4400111928187157,wetlands
262,0.38493580774233926,0.3392689987171834,0.43272381378972885,wetlands
263,0.37773058586759883,0.33234654425562704,0.4253636777403263,wetlands
264,0.37045674753408,0.32536367679559647,0.41792786840884677,wetlands
265,0.36312906476599033,0.31835404508436743,0.4104099037456654,wetlands
266,0.35576216804418037,0.311351067786886,0.40280273242862413,wetlands
267,0.3483702477805114,0.30438213650438695,0.39510463603021506,wetlands
268,0.34096686380337515,0.297466632192457,0.38732127174620967,wetlands
269,0.3335650835161489,0.290617882145191,0.3794639925502333,wetlands
270,0.3261768642637273,0.28384007192052824,0.37155228146152364,wetlands
271,0.31881299694969395,0.27712940514577794,0.3636125610589185,wetlands
272,0.31148362736921664,0.2704789505880875,0.3556738918706654,wetlands
273,0.3041978677962692,0.2638789408674934,0.34776685908954186,wetlands
274,0.2969643556040043,0.2573215172387346,0.33991925278472473,wetlands
275,0.28979141534034586,0.2508029623756553,0.33215370821841816,wetlands
276,0.2826870324901823,0.24432448692734265,0.32448658248913603,wetlands
277,0.27565882968642175,0.23789247775742664,0.3169274452437736,wetlands
278,0.26871404556274203,0.23151821169238415,0.3094791954300128,wetlands
279,0.2618595164024787,0.22521708241783284,0.30213876823406977,wetlands
280,0.25510166069712203,0.21900743155680127,0.2948983487322374,wetlands
281,0.24844646668807785,0.2129091019481116,0.2877469775985743,wetlands
282,0.24189953810473455,0.20694130533263305,0.2806731987868708,wetlands
283,0.2354663132542117,0.2011188743530506,0.27367020016455984,wetlands
284,0.22915207569532012,0.19545105566227042,0.2667375108206493,wetlands
285,0.22296174872122743,0.1899427019380375,0.2598792633827711,wetlands
286,0.216900107345522,0.1845927280370862,0.2531067518915097,wetlands
287,0.21097173253303672,0.1793950026657083,0.2464373778570863,wetlands
288,0.20518075589888565,0.17434125945302306,0.23989050760981495,wetlands
289,0.19953090583407493,0.16942158628771237,0.23348696991973686,wetlands
290,0.19402540125710097,0.1646272887206943,0.22724516862615665,wetlands
291,0.1886669316062551,0.15995223870511738,0.2211792526251088,wetlands
292,0.1834576780465071,0.15539336526789263,0.21529845388286936,wetlands
293,0.17839933701408003,0.15095080630095584,0.2096068588406729,wetlands
294,0.17349314574403535,0.14662773946761432,0.2041035933025332,wetlands
295,0.16873990942872263,0.14242992994624593,0.19878337863155826,wetlands
296,0.16414002966404273,0.13836505344359087,0.19363739438172078,wetlands
297,0.15969353385420285,0.13444186572158742,0.1886543682713755,wetlands
298,0.15539987967627433,0.1306687835150854,0.183821966350014,wetlands
299,0.1512571073541053,0.12705087577876314,0.17912885186092511,wetlands
300,0.1472619321774402,0.1235889373989712,0.17456620977419665,wetlands
301,0.14341053766009002,0.1202805611838676,0.17012823767201468,wetlands
302,0.13969785271624194,0.11711796162359855,0.1658134664344042,wetlands
303,0.13611767913985082,0.11408803828953822,0.1616250414718496,wetlands
304,0.13266356810200192,0.11117469220551031,0.15756967448744735,wetlands
305,0.1293283830020704,0.10835826425698006,0.15365739727730046,wetlands
306,0.12610510624001361,0.10561827599487626,0.1498997554353288,wetlands
307,0.1229870826291667,0.10293484371216793,0.14630849930102033,wetlands
308,0.11996800432058997,0.10028947603870213,0.14289454263500667,wetlands
309,0.11704189620670291,0.09766587595683651,0.13966694841635008,wetlands
310,0.11420310187102438,0.0950506895049874,0.13663199831388734,wetlands
311,0.11144627013151481,0.09243411059579536,0.1337924350354694,wetlands
312,0.10876634220973412,0.08981024316606552,0.13114697484396418,wetlands
313,0.10615853954394441,0.08717714752918632,0.12869016179556972,wetlands
314,0.10361834571707938,0.08453652480314978,0.12641260474111693,wetlands
315,0.10114150236951025,0.0818930993793186,0.12430158113472095,wetlands
316,0.09872409202611893,0.07925399317745774,0.12234180295389396,wetlands
317,0.0963625408529329,0.07662793435909776,0.1205162151797757,wetlands
318,0.09405395499431272,0.07402436798482194,0.1188077995905258,wetlands
319,0.09179615913474425,0.07145251229819687,0.11720087685073932,wetlands
1,0.048549442866548026,0.020787145072291447,0.10925284489351363,rice
2,0.04563668879775684,0.020305456621195886,0.0993637830989745,rice
3,0.04289080948817481,0.01982400444898572,0.09032433363331183,rice
4,0.04030316781967549,0.019341620757993918,0.08208045245226588,rice
5,0.0378654646701626,0.01885695487997713,0.07457876740727354,rice
6,0.0355697392072551,0.01836844006371833,0.06776731334328295,rice
7,0.033408367091550525,0.017874257428880845,0.06159611463174627,rice
8,0.0313740568870836,0.01737229996969951,0.05601763016916352,rice
9,0.029459844950622,0.01686014257652265,0.050987073411621314,rice
10,0.027659336623226633,0.016335050939483692,0.04646337013012434,rice
11,0.025967323541073804,0.015794231429075704,0.04241056699588981,rice
12,0.024378997241025997,0.015235216642793146,0.03879444484155193,rice
13,0.022890190802957438,0.014656409503856388,0.03558256389554527,rice
14,0.021497203699493327,0.01405770221838253,0.03274302724378907,rice
15,0.02019647568451486,0.013440954905519878,0.030243283621263686,rice
16,0.01898428708338824,0.012810190810550902,0.028049546867590997,rice
17,0.017856802995589557,0.012171524512478755,0.02612741787264926,rice
18,0.016810084141322658,0.011532801135448845,0.024442480818066565,rice
19,0.015840135510252765,0.010902921241484441,0.022961187548783717,rice
20,0.014942964566268126,0.01029094927840488,0.021651913481889707,rice
21,0.014114630571838227,0.00970522901661252,0.02048592445752818,rice
22,0.013351285792468432,0.009152709340428562,0.019438070775587898,rice
23,0.012649209400407752,0.00863858221492875,0.018487123866255502,rice
24,0.012004834924168512,0.008166219440544588,0.017615783831963275,rice
25,0.011414772093793787,0.007737321410415197,0.016810457226065337,rice
26,0.01087574790708805,0.007352002212831206,0.016061065448424127,rice
27,0.010384418882409334,0.007008639681115335,0.015361021887636326,rice
28,0.009937574972350344,0.006704634876387753,0.014706341418158832,rice
29,0.00953194683558724,0.006436301426780696,0.014095371425959402,rice
30,0.009164192981430088,0.006199147501161521,0.013528111532485537,rice
31,0.008831015552739506,0.005988393238988793,0.01300534379978095,rice
32,0.008529370500880115,0.005799579740683968,0.01252784948517877,rice
33,0.008256335916720385,0.005628533569991269,0.012096060483939748,rice
34,0.008009267719627757,0.005471777387021135,0.011709642650307146,rice
35,0.0077858181312378495,0.0053266603557485925,0.011367319937283281,rice
36,0.007583897898764733,0.0051913565866135705,0.01106682357241047,rice
37,0.007401643602290489,0.005064823408904874,0.01080492259795393,rice
38,0.007237389298366251,0.004946712941378509,0.010577534241103703,rice
39,0.007089641867765034,0.004837241273141578,0.010379905104642418,rice
40,0.006957059532208055,0.004737029239061716,0.010206847090674112,rice
41,0.006838433086417068,0.0046469326316255204,0.010053010026355428,rice
42,0.006732666693355594,0.004567805718995704,0.00991332171145076,rice
43,0.006638755455035161,0.004500136557304024,0.009783730647068972,rice
44,0.006555788303205745,0.004444081101265317,0.009661184121925967,rice
45,0.006482970688855093,0.004399203357924985,0.009544292517701003,rice
46,0.0064196412012268314,0.00436442877644257,0.00943348477319822,rice
47,0.006365266025645742,0.004338205289574361,0.009330610835202938,rice
48,0.006319395880307463,0.0043188088289730165,0.009238109710374207,rice
49,0.00628171146154579,0.004304403570696124,0.009158977348451221,rice
50,0.006251950915334238,0.004293333438426144,0.009095926677448928,rice
51,0.006229884745139588,0.004284299842662262,0.009050966859697218,rice
52,0.006215313662463005,0.004276470190109517,0.009025212311764407,rice
53,0.00620806666618913,0.00426954733680966,0.009018767595923394,rice
54,0.006207999328197602,0.004263786543504368,0.00903069921144814,rice
55,0.006214992265127499,0.004259955721236832,0.00905909775939134,rice
56,0.0062289497783249055,0.004259246138518434,0.009101224190136838,rice
57,0.006249798645876567,0.004263148628776578,0.009153727468104856,rice
58,0.006277522405813665,0.00427326939751387,0.009213114293962038,rice
59,0.006312268020918793,0.004291048000312454,0.009276676921541322,rice
60,0.006354275793782661,0.004317697406741892,0.009342457280628618,rice
61,0.006403978279795727,0.004353947819193075,0.009410130603488253,rice
62,0.006462032312162709,0.00439993748149715,0.009481354372666352,rice
63,0.006529291439730577,0.004455292831875313,0.009559493486638157,rice
64,0.006606724717405778,0.004519377856940652,0.009648801676390964,rice
65,0.006695470853867313,0.004591325864017801,0.009754468511169753,rice
66,0.006796788745280433,0.004670361826672536,0.009881770830694199,rice
67,0.006912053383812017,0.004756023726146454,0.010035612019472515,rice
68,0.007042776860082611,0.004848324937760104,0.010220282214345976,rice
69,0.007190632673118496,0.004947892047685552,0.010439279649344829,rice
70,0.007357483937581769,0.005056060925639876,0.010695210189225394,rice
71,0.007545416204540487,0.005174921194835857,0.010989777052724713,rice
72,0.007756775765205411,0.005307310628108662,0.011323864410649297,rice
73,0.007994214493440914,0.005456770436391827,0.011697713090726043,rice
74,0.008260711425273551,0.005627367067091283,0.012111328638300212,rice
75,0.00855953263025258,0.005823244652172432,0.01256532605898173,rice
76,0.008894332602594632,0.006048674629305233,0.01306116584876725,rice
77,0.009269054305416977,0.006307505532649097,0.013602098185259029,rice
78,0.009687883332237211,0.006602824624847984,0.01419378830382409,rice
79,0.010155295037103199,0.006936958507160895,0.01484442917638192,rice
80,0.010676252661408028,0.00731189770828166,0.015564345505468076,rice
81,0.011256078374162046,0.0077290441783417875,0.01636607556042265,rice
82,0.011900716841629919,0.008189838646968676,0.01726375473520397,rice
83,0.012616889835502928,0.008696206118681696,0.018272630662698085,rice
84,0.01341219020994712,0.00925092050633468,0.019408622641972115,rice
85,0.01429518827105909,0.009858016301986041,0.02068783757301443,rice
86,0.015275551865273978,0.010523210953886851,0.022126084837045517,rice
87,0.016364181602257444,0.011254299746055779,0.023738442944529883,rice
88,0.017573362695743618,0.012061495180973061,0.025538932688918194,rice
89,0.018916934939740747,0.012957696832129438,0.027540354234180716,rice
90,0.02041032367589715,0.013958361147709418,0.029754579069824195,rice
91,0.02207017359508029,0.015080410955847763,0.03219379073936565,rice
92,0.02391468259496885,0.016342423205804174,0.034871165402776,rice
93,0.025963153063190483,0.01776294706836965,0.03780326119787468,rice
94,0.028235684065941746,0.019359068763156472,0.041012227409288005,rice
95,0.030753076843511588,0.021145711289354167,0.04452690380178834,rice
96,0.03353704950996896,0.023136115986546295,0.048382181900910384,rice
97,0.03660974407700378,0.025340579928732947,0.05261983820047798,rice
98,0.039993695671956014,0.02776749631451835,0.057285972210107984,rice
99,0.04371157680018756,0.0304242248986722,0.06242834906892074,rice
100,0.047785748508214584,0.03331796730955488,0.06809339250557393,rice
101,0.05223771874198898,0.036456942225710866,0.07432247601142263,rice
102,0.05708750581139018,0.03985168869807536,0.08114777585135785,rice
103,0.06235290924539955,0.043516263350136086,0.08858808571930533,rice
104,0.06804869579468127,0.04746909132301745,0.09664507883481227,rice
105,0.07418571478152723,0.051733264456919906,0.10530054536804027,rice
106,0.08077032417410755,0.056335541379379614,0.11451722667760546,rice
107,0.08780474300288742,0.06130287032621863,0.12424718424933559,rice
108,0.09528595940877625,0.06666056640652723,0.13443315466858316,rice
109,0.10320694709929834,0.07242681406333522,0.1450229267932455,rice
110,0.111557585845997,0.07860776621717734,0.15598077653577377,rice
111,0.12032475211221429,0.08519497642188704,0.16729114187198033,rice
112,0.12949091824822737,0.09216614964150835,0.17895163699694372,rice
113,0.13903581326318068,0.09948405406186023,0.19097732878681364,rice
114,0.14893487035878836,0.10710097605948954,0.20338711508060617,rice
115,0.15915866166262782,0.11496357589510296,0.21619332699190813,rice
116,0.16967303961066296,0.12301811735538717,0.22939370612154253,rice
117,0.18043938027280934,0.13121601077044043,0.24296403019549356,rice
118,0.19141492449449282,0.1395187214495868,0.25685263747507014,rice
119,0.20255320852966083,0.14790114763357232,0.27097793713171425,rice
120,0.2138045719407284,0.15635286740334234,0.2852295523696653,rice
121,0.22511672720830336,0.1648770406275599,0.2994731960873278,rice
122,0.23643594147822547,0.17348526066583286,0.31356296530975375,rice
123,0.24770952578245528,0.1821862118790428,0.32736521775141775,rice
124,0.25888558147615404,0.19098201808630644,0.3407630202467883,rice
125,0.26991551655849866,0.19985554419701562,0.3536793468334543,rice
126,0.2807556534249263,0.2087634672908168,0.3660876879617705,rice
127,0.29136756112344986,0.21763801588723797,0.37800644546807716,rice
128,0.301716771382306,0.22639714623710855,0.3894786476970045,rice
129,0.3117749184677757,0.2349479734778117,0.40057037451416455,rice
130,0.3215175221666446,0.24320093019103903,0.4113461108461774,rice
131,0.33092315794480803,0.25108055725076583,0.4218538308164601,rice
132,0.33997337930113913,0.2585333298923651,0.43211673402444917,rice
133,0.3486526036527449,0.26553313860775507,0.44212827485790007,rice
134,0.356947969672014,0.27208361285403637,0.4518510534107359,rice
135,0.36484917352525914,0.2782170523173171,0.46121954542637356,rice
136,0.3723482908133164,0.2839903313185699,0.4701460584779408,rice
137,0.37943959024541296,0.28947851513809253,0.4785289613033154,rice
138,0.386120930256753,0.2947640231975422,0.48626911961460934,rice
139,0.3923984032987636,0.29991833461883366,0.4933012242013019,rice
140,0.39828290236818725,0.3049986933555822,0.49958914106170754,rice
141,0.4037938404233867,0.31003106125010826,0.5051523097554333,rice
142,0.4089585650398274,0.31500746785917944,0.5100653965897817,rice
143,0.41380705326920697,0.3199034820769367,0.5144252514483226,rice
144,0.41837095654650847,0.3246819764863256,0.518343968459096,rice
145,0.4226849447731064,0.32928765294806245,0.521957507847799,rice
146,0.42678503070496987,0.33366735833076694,0.5253990474978699,rice
147,0.43070791999063707,0.3377819387770679,0.5287850049760398,rice
148,0.4344908929237572,0.34161312403013366,0.532208091411407,rice
149,0.43817170810633266,0.3451686099514275,0.5357324658815644,rice
150,0.4417885244039044,0.34848457466982563,0.5393916909690438,rice
151,0.4453798378485125,0.35162517286227424,0.5431898980748453,rice
152,0.4489844303494282,0.35467902571698984,0.5471061052164257,rice
153,0.45264132718679084,0.35775314988483986,0.5511012022046405,rice
154,0.4563873502829958,0.36095932354811566,0.5551281517734548,rice
155,0.46024982906921635,0.36438769972643176,0.5591459105648864,rice
156,0.46425120737062375,0.36810909099616984,0.5631259237203041,rice
157,0.46840123497284664,0.37214990999184955,0.5670627575007776,rice
158,0.4726945851959963,0.3764830860678283,0.5709778589583834,rice
159,0.4771136590285848,0.3810369623499197,0.5749143555545476,rice
160,0.4816362980496427,0.38572010569924775,0.5789252416770526,rice
161,0.4862322467206401,0.39042051169974473,0.5830666406692068,rice
162,0.49086911636070796,0.39503137995855336,0.5873827377694638,rice
163,0.4955144136846893,0.39946548886708627,0.5918955607849794,rice
164,0.5001355943542675,0.4036623420236642,0.5965987518314029,rice
165,0.5047001179045773,0.40759234359732804,0.6014545771857251,rice
166,0.5091755013188819,0.4112574469738886,0.6063945507766945,rice
167,0.5135293685840898,0.41468829986278843,0.6113234638342953,rice
168,0.5177294937115388,0.4179384649082037,0.6161260684872488,rice
169,0.5217438349471145,0.42107658144601146,0.6206754017216392,rice
170,0.52554227655376,0.4241738262880601,0.6248483731753721,rice
171,0.5291017842417632,0.42728327401953453,0.6285547675437473,rice
172,0.5324034017989252,0.43043804691707865,0.6317322050816623,rice
173,0.5354393284186487,0.43363594733331595,0.6343727998769619,rice
174,0.5382132521961486,0.43683918952750633,0.6365227386759366,rice
175,0.5407312013931458,0.4399922260438935,0.6382477382057076,rice
176,0.5430015229419423,0.44302760483717,0.6396274937301875,rice
177,0.545041782489974,0.4458660112647624,0.6407686299275367,rice
178,0.5468717989165888,0.44843425187439,0.6417752543278629,rice
179,0.5485113269405959,0.4506764964284094,0.6427346172545361,rice
180,0.5499800573127593,0.4525613865875005,0.6437108828219195,rice
181,0.551297619536906,0.45408694142275347,0.6447408724525518,rice
182,0.5524835862203762,0.4552825365350109,0.6458324678640025,rice
183,0.5535574783068465,0.4562075826598877,0.6469660331914243,rice
184,0.554538770577707,0.4569470270553962,0.6480987358137085,rice
185,0.5554468969234158,0.45760422070307943,0.6491712372396745,rice
186,0.556301018480842,0.4582878719448865,0.6501192835907283,rice
187,0.5571188024554021,0.4590850521416527,0.6508961042938315,rice
188,0.557915588662631,0.46005035629620156,0.6514805725399025,rice
189,0.5587051820941922,0.4612132417214738,0.6518717480208408,rice
190,0.5594961965351483,0.46255975976212765,0.6520987004468215,rice
191,0.5602914895256093,0.4640342925419534,0.6522177681033269,rice
192,0.5610912669573984,0.4655614859698852,0.6522982183324665,rice
193,0.5618898940490328,0.4670447165074682,0.6524177658332609,rice
194,0.5626802854998219,0.46839215010675206,0.6526468808686671,rice
195,0.5634553674508289,0.46953114418333725,0.6530383552634654,rice
196,0.5642080774050718,0.47041553964336047,0.6536206749324198,rice
197,0.5649313638527703,0.4710302165029972,0.654393938389387,rice
198,0.5656181855825596,0.4713922504344588,0.6553289494992794,rice
199,0.5662615106623864,0.4715485001020965,0.6563696248143926,rice
200,0.5668543150769398,0.47157002660178055,0.6574382917545546,rice
201,0.5673895810125126,0.47154412942523777,0.6584430794298726,rice
202,0.5678591426192274,0.47155969013952925,0.659289091330762,rice
203,0.5682491920305018,0.4716759046411272,0.6598982256151819,rice
204,0.5685406253111128,0.4719130360399225,0.6602178276920609,rice
205,0.5687125028641071,0.4722638246049373,0.6602164548948815,rice
206,0.5687400050850584,0.4726771765789233,0.6598946502244001,rice
207,0.5685947765335986,0.4730618535283494,0.6592822598506335,rice
208,0.568247289670503,0.47330873502257753,0.6584229087436045,rice
209,0.5676661694335284,0.4732921311672283,0.6573718733684976,rice
210,0.5668194788067921,0.4728930421993587,0.6561777482345398,rice
211,0.5656751210110461,0.47201243034078233,0.6548713636856142,rice
212,0.5642008008509934,0.47057833492963314,0.6534593140267877,rice
213,0.5623639883277503,0.4685502796984634,0.6519198163273942,rice
214,0.5601318878479719,0.465920327583168,0.6502015009791111,rice
215,0.5574714171790155,0.4627106134977109,0.6482252897882074,rice
216,0.5543492012195352,0.4589677385952844,0.6458890032522235,rice
217,0.5507315866893403,0.45475478565592403,0.6430740096301457,rice
218,0.5465854877042664,0.45013863315173286,0.6396576438033496,rice
219,0.5418818393638539,0.44516675729655775,0.6355404826273233,rice
220,0.5365962124777512,0.4398583225390906,0.6306558058694297,rice
221,0.5307066310263916,0.43420993059428653,0.6249606097344675,rice
222,0.5241981710191606,0.42818633919140464,0.6184540052139528,rice
223,0.5170638038291318,0.42172501769337783,0.6111763120194669,rice
224,0.50930090403845385,0.41475269411128257,0.6031883803078464,rice
225,0.5009155753251047,0.4071920453507301,0.5945748091801514,rice
226,0.49191759738080104,0.3989785619302842,0.5854186617725776,rice
227,0.48231896554564196,0.39007175293137053,0.5757872995138777,rice
228,0.47213423331190146,0.3804621583830951,0.5657248956282528,rice
229,0.4613808458561788,0.37017519221613326,0.555247370982318,rice
230,0.45007945471615013,0.35927110419047514,0.5443406653423377,rice
231,0.43825420250613334,0.34784093747122136,0.5329627611791856,rice
232,0.42593296555963506,0.3359990514521238,0.5210492628372829,rice
233,0.4131475417240099,0.3238732844536442,0.5085218828661318,rice
234,0.39993635783773396,0.311592876380815,0.4953057325361862,rice
235,0.3863544959991943,0.29927284335399457,0.4813683219923608,rice
236,0.37247245277100244,0.2870053343653028,0.46673027195189226,rice
237,0.35836712243885194,0.27486021537984795,0.45144972240184256,rice
238,0.3441263246888773,0.26288029970774346,0.43564217657749793,rice
239,0.3298461781302376,0.25108601643221257,0.4194739755297596,rice
240,0.3156227426366048,0.23948748328785438,0.40313200509994823,rice
241,0.301552346844638,0.2280890653660687,0.3868197206767396,rice
242,0.2877259137546614,0.2169021548826279,0.37072738186182524,rice
243,0.2742264279796607,0.2059513732712737,0.3550158603384468,rice
244,0.26112803200321616,0.19527633395101987,0.3398092550662514,rice
245,0.24849542396143418,0.184930624029428,0.32519181951713316,rice
246,0.23638357075618183,0.17497824476264945,0.31120935084565443,rice
247,0.2248377308271565,0.16548822560365267,0.29787446404806717,rice
248,0.21389376404793228,0.1565284638672085,0.2851746030891384,rice
249,0.20357869318441116,0.14815986817344853,0.27308143584834266,rice
250,0.19391009977002957,0.1404286188420785,0.2615618270229015,rice
251,0.18489183266473805,0.13335175592295986,0.2505920909472228,rice
252,0.1765157347579357,0.12691830749425584,0.24016349850084595,rice
253,0.16876758688456378,0.12110146582921716,0.23027960511168527,rice
254,0.16162337949404548,0.11585264343692057,0.22095795895594747,rice
255,0.15505110157134236,0.11110725417431477,0.21222554785334247,rice
256,0.14901697611395537,0.10679893158124032,0.20411029582615656,rice
257,0.14348298288460032,0.10285845071148372,0.1966356831799203,rice
258,0.13841241498671672,0.09922555532175743,0.1898140846418555,rice
259,0.13377147574781673,0.0958532119481121,0.18364303138333266,rice
260,0.12952913380349323,0.09270813737725202,0.17810359406594578,rice
261,0.12565696546380958,0.08977036694695191,0.17316042753611566,rice
262,0.12212899108115911,0.08703183964510128,0.16876339482902625,rice
263,0.11892151044564682,0.0844941444296341,0.16485053373540562,rice
264,0.11601294087661411,0.08216572999706749,0.16135199109958345,rice
265,0.11338366060339473,0.08005893723113838,0.1581945152470917,rice
266,0.11101540408548999,0.078185683773812,0.15530763168938608,rice
267,0.10888951218269408,0.07654924195846909,0.15263447367942878,rice
268,0.10698737528528283,0.07514302967254595,0.1501360980582835,rice
269,0.10529170102077047,0.07395467468488374,0.14778812714579942,rice
270,0.1037867888838832,0.0729628898553656,0.14558751868036646,rice
271,0.10245879552792932,0.07213899063291512,0.14355039128102207,rice
272,0.10129555510434474,0.07145212543730303,0.1417015146665243,rice
273,0.10028755639946454,0.07087026159558289,0.1400746986430753,rice
274,0.0994265039457675,0.07036463082692371,0.13870061237312667,rice
275,0.09870480541157797,0.06991234096553181,0.1376007742757139,rice
276,0.09811550242605323,0.06949787873407771,0.13678493002377834,rice
277,0.0976522067612885,0.06911400883726165,0.13624950214691128,rice
278,0.09730904138282559,0.06876189109495093,0.13597726496985965,rice
279,0.0970805859079159,0.06845036825893301,0.13593827987968823,rice
280,0.09696182604295749,0.06819453788748704,0.13609197639565812,rice
281,0.09694810660436524,0.06801383151534701,0.13639016473108928,rice
282,0.09703620222651696,0.06792971990731654,0.1367839790061609,rice
283,0.09722871164259024,0.0679627837152915,0.13724135578813315,rice
284,0.09753398335691087,0.06813037986768249,0.13775168128626805,rice
285,0.09796279284169873,0.06844600217048806,0.13831846111946403,rice
286,0.09853098107987107,0.0689175231982903,0.13896992303384678,rice
287,0.09925936069374236,0.06954743317623178,0.139758146758111,rice
288,0.10017119547598685,0.07033531566836354,0.14074720439540236,rice
289,0.10129327596332839,0.07127849616238473,0.14201435530300505,rice
290,0.10265486308514865,0.07237628278311138,0.14363903021460198,rice
291,0.10428767780239155,0.07363292897416866,0.14569735864031969,rice
292,0.10622646622883371,0.07505991001336194,0.14825973826172845,rice
293,0.10850965061147436,0.07667797457392293,0.1513890998402206,rice
294,0.11118007705324824,0.0785188215187374,0.1551400114547313,rice
295,0.11428587196827232,0.08062632589553632,0.1595587119599581,rice
296,0.1178814198061098,0.08305736124816246,0.1646840660626558,rice
297,0.12202847412061114,0.08588237696205833,0.17054935265192359,rice
298,0.1267956436591075,0.0891837909395025,0.17718397518027595,rice
299,0.13225197555390833,0.09304674396656701,0.1846137959877743,rice
300,0.138466059684508,0.09755582737832137,0.1928656350829863,rice
301,0.14551107715985104,0.10279946706147727,0.2019738037612926,rice
302,0.15345660912848777,0.10885718572380405,0.21198204148691036,rice
303,0.16236584935719503,0.11579267271903698,0.22294806367361875,rice
304,0.17230038292264782,0.12365684205687506,0.23494892214817042,rice
305,0.18331177150075054,0.13247279861299013,0.2480818856650968,rice
306,0.19544604419861925,0.1422391241408829,0.2624658118152086,rice
307,0.20874367477938274,0.15292820969596857,0.27823913037836767,rice
308,0.22323674306997257,0.16448284175852987,0.2955538301669597,rice
309,0.2389458853158197,0.17681612453763815,0.31456445430692026,rice
310,0.2558771478152058,0.18981596241402934,0.33541126515855646,rice
311,0.2740189042764514,0.20335415427577358,0.35819830866163943,rice
312,0.29333903994761307,0.21729847623973395,0.3829692153292965,rice
313,0.31378263745134194,0.23152479821366903,0.4096852853912388,rice
314,0.33527048912078056,0.24592607430359315,0.43821102237180637,rice
315,0.3576995892449824,0.2604173016846577,0.46831140592350257,rice
316,0.380946166281014,0.27493807607668086,0.4996607080984723,rice
317,0.4048677390657867,0.2894496892141061,0.5318597283947922,rice
318,0.4293166247006847,0.3039353911342463,0.5644759207379155,rice
319,0.45414736719730525,0.3183948342891439,0.5970777532932214,rice
1,0.013408563912805985,0.007555422156980865,0.023687872784526325,corn
2,0.013293573437621171,0.007647222440070352,0.023012248238473792,corn
3,0.013179555935397295,0.007737642957312065,0.022362530562356105,corn
4,0.013066503398533682,0.00782630963170784,0.02173845407852229,corn
5,0.012954407881481044,0.007912792338101054,0.021139827883679227,corn
6,0.012843261500336144,0.00799659708753568,0.02056654330188949,corn
7,0.012733056432423479,0.008077157640181808,0.020018581907894444,corn
8,0.012623784915885493,0.008153826847368545,0.019496023821035102,corn
9,0.01251543924927062,0.008225868255102234,0.018999055738064916,corn
10,0.0124080170107165,0.00829243257435878,0.01852802928280839,corn
11,0.012301536362355096,0.008352527568916503,0.018083557724612866,corn
12,0.012196026542211014,0.008405111331279396,0.017666277437442857,corn
13,0.012091549905413265,0.008449140665984395,0.017276835294782866,corn
14,0.011988211102228669,0.008483667036193998,0.016915759509933608,corn
15,0.011886150965622134,0.008507938506332278,0.016583301203302737,corn
16,0.011785522854103269,0.008521476015753641,0.016279294618705392,corn
17,0.011686512206705836,0.008524133383552684,0.016003169300586605,corn
18,0.011589307308168486,0.008516122133220063,0.01575388149639881,corn
19,0.011494089969880253,0.008498022559774396,0.015529907755705372,corn
20,0.011401035854862513,0.00847076933179354,0.015329288832978993,corn
21,0.011310314829920879,0.008435607465584605,0.015149704475495194,corn
22,0.011222091343370396,0.008394022977581385,0.014988574786486408,corn
23,0.011136524826910917,0.008347656365122382,0.014843180035035274,corn
24,0.011053770120399424,0.008298208660725278,0.014710789210150114,corn
25,0.01097397791845551,0.008247348877267675,0.014588788562296954,corn
26,0.01089730382462903,0.008196602374944368,0.014474873372529895,corn
27,0.01082393414143074,0.00814720032057599,0.014367360487816007,corn
28,0.01075406629382546,0.008100091012866979,0.014265104388720425,corn
29,0.010687924745368371,0.008055850408156184,0.014167689484229426,corn
30,0.010625760366846222,0.008014692013245027,0.01407540630177439,corn
31,0.010567839709019327,0.007976566178559937,0.013989045676088862,corn
32,0.010514430297766319,0.007941314945139189,0.013909587233945099,corn
33,0.01046579825203706,0.007908702001866271,0.013838140277922802,corn
34,0.010422209700951026,0.007878552054423999,0.013775705866355566,corn
35,0.010383932208643667,0.007850821230513637,0.013723060565762973,corn
36,0.0103512362461143,0.007825628459217126,0.013680708077383858,corn
37,0.010324396748892245,0.0078032714412661465,0.013648856588114433,corn
38,0.010303694766541468,0.007784227229927417,0.013627421330009154,corn
39,0.010289419211345723,0.007769138222838977,0.0136160512053228,corn
40,0.010281868714984498,0.007758785055130113,0.013614177817850143,corn
41,0.010281353603568374,0.007754048172483479,0.01362108515447838,corn
42,0.010288180758104165,0.007755817073261455,0.013636027356240032,corn
43,0.010302603937116628,0.007764803851957524,0.013658425299614602,corn
44,0.010324858466436906,0.007781571042397591,0.013687913369496239,corn
45,0.010355104418998454,0.007806353221112292,0.013724504494101676,corn
46,0.010393406666254356,0.007838996832198372,0.013768643371902945,corn
47,0.01043975253864216,0.007879031211728787,0.013821126127977786,corn
48,0.010494108597660342,0.007925854354891139,0.013882921383858176,corn
49,0.010556383312961944,0.00797871168701069,0.013955105044744839,corn
50,0.010626479646258905,0.008036885492355738,0.014038667560449756,corn
51,0.01070431194989671,0.008099791017794053,0.014134393102392553,corn
52,0.010789804780063337,0.008167020423529148,0.014242783576087019,corn
53,0.010882891753586973,0.008238374015965055,0.014364004831670694,corn
54,0.01098351444104137,0.008313876371688069,0.014497857808824252,corn
55,0.011091621289493208,0.008393775616924214,0.014643776935248601,corn
56,0.011207166568814875,0.008478525100193129,0.014800857360037684,corn
57,0.01133010933600614,0.008568747540585592,0.01496791198797394,corn
58,0.011460409101244287,0.008665146137812526,0.015143612799599504,corn
59,0.011598014565490764,0.008768321588283305,0.015326779577301455,corn
60,0.011742872060256551,0.008878764348407819,0.015516418236426086,corn
61,0.011894929711022812,0.008996679286096742,0.015712039000897647,corn
62,0.01205414427253412,0.009121908332297552,0.01591380906161749,corn
63,0.012220484808172968,0.009253975120306164,0.016122481533352696,corn
64,0.012393926811339532,0.009392237944613325,0.016339109943091058,corn
65,0.012574465311339234,0.009535898199676143,0.016565063788509662,corn
66,0.012762098592003501,0.00968417379584165,0.016801684333754112,corn
67,0.012956822024173044,0.009836405384674353,0.017050087351698946,corn
68,0.013158627225722625,0.009992121244897859,0.017311053436056177,corn
69,0.01336750120523853,0.010151087543148207,0.01758494351057665,corn
70,0.013583425488740438,0.010313339785807457,0.01787164493637116,corn
71,0.013806375229135548,0.01047919214605391,0.018170552977425064,corn
72,0.014036318298405107,0.010649222727303844,0.018480591237138567,corn
73,0.014273214362829684,0.010824234120291463,0.018800273607854287,corn
74,0.014517025215792961,0.01100515478257848,0.01912789881839911,corn
75,0.014767749177152092,0.011192839944688301,0.019461984420782168,corn
76,0.015025401281232462,0.011388033488437326,0.019801284067217872,corn
77,0.015290052532798058,0.011591159318272707,0.020145254173579305,corn
78,0.015561848938001426,0.011802217571301983,0.02049428406068188,corn
79,0.015841006280576497,0.012020824786456002,0.020849609535459605,corn
80,0.01612777605817722,0.01224638803411481,0.021212917752235907,corn
81,0.01642247893402783,0.012478124383094959,0.02158639574125332,corn
82,0.016725465099093857,0.012715275514017414,0.0219722555124772,corn
83,0.017037100960194493,0.012957246814215055,0.022372463100654442,corn
84,0.017357769987200757,0.013203698422394211,0.022788590024270906,corn
85,0.01768787361125678,0.013454617649392988,0.023221696983053708,corn
86,0.01802783217719955,0.013710366905460411,0.02367225752637423,corn
87,0.018378085953532658,0.013971702428370286,0.024140128494185186,corn
88,0.01873909620354187,0.014239760939918498,0.02462457246684509,corn
89,0.01911134632136408,0.014516013072671146,0.025124336043860978,corn
90,0.019495359855244983,0.014802138151950793,0.025637908420383007,corn
91,0.01989175492025665,0.015099765018912997,0.026164108601900004,corn
92,0.02030121409456928,0.015410417586147432,0.026702104801831668,corn
93,0.02072452660892498,0.015735222829769843,0.027252030277048808,corn
94,0.021162599872364143,0.016074752882662784,0.027815285343328038,corn
95,0.021616446505478778,0.016429065931008107,0.028394428243273255,corn
96,0.022087154397670904,0.016797947247082282,0.028992675951768073,corn
97,0.022575891029438286,0.017180897004015552,0.029613927958685102,corn
98,0.023083901180638508,0.017577457900260645,0.03026219729213683,corn
99,0.02361250992690744,0.017987421177467912,0.030941270274811056,corn
100,0.024163128769296258,0.018410957887565135,0.03165450615037973,corn
101,0.024737262321137918,0.01884872811992391,0.03240467636067035,corn
102,0.025336515601920306,0.019301959929868398,0.033193854471405396,corn
103,0.025962601992602988,0.019772490938618444,0.03402336699286601,corn
104,0.02661735191190978,0.020262767706394527,0.034893813792490305,corn
105,0.027302722278677964,0.020775799948494184,0.035805165519677676,corn
106,0.028020764735559443,0.021314952143200585,0.03675703164750529,corn
107,0.028773501835239457,0.02188342733667193,0.03774921668838775,corn
108,0.029563000805857165,0.02248427903843036,0.03878189829816774,corn
109,0.030391219339815298,0.02311981949716591,0.03985623719538695,corn
110,0.03125992934332491,0.023791299519750377,0.040974722365058475,corn
111,0.032170735079707254,0.024498968162960592,0.04214110739612439,corn
112,0.033125205255929165,0.025242534922555075,0.04335995653806286,corn
113,0.03412476042540935,0.026021041378964813,0.04463655584423394,corn
114,0.03517080029481792,0.026833433718109513,0.045976269652608114,corn
115,0.036264746641412125,0.027678902425741107,0.047384083188373366,corn
116,0.03740803873200811,0.028557082215780006,0.048864265000877885,corn
117,0.03860212826601947,0.029468225836058886,0.05042007414295873,corn
118,0.03984847381538891,0.030413336233993997,0.05205353335318578,corn
119,0.0411485347360632,0.031394242493594675,0.053765289695322134,corn
120,0.0425037645279235,0.032413607563212356,0.05555458266797557,corn
121,0.04391560362286867,0.03347485851046826,0.057419338260809395,corn
122,0.04538546622272593,0.03458189540344481,0.05935662062718054,corn
123,0.04691471443839188,0.03573839998615875,0.0613637264886817,corn
124,0.04850466686308559,0.03694775881092194,0.063438345258682,corn
125,0.05015661455291237,0.03821231115057903,0.06557986537388641,corn
126,0.05187183546423269,0.03953293495874147,0.06779009875395674,corn
127,0.05365159399079553,0.04090912081775403,0.07007313653944995,corn
128,0.05549710933307962,0.04233953273568941,0.07243430848793028,corn
129,0.05740957594797293,0.04382198062107723,0.07488025823459059,corn
130,0.05939012032205388,0.04535416524339502,0.07741758417761417,corn
131,0.06143977794285203,0.04693417993857332,0.08005195594288746,corn
132,0.06355948163707309,0.04856085356010211,0.08278753515686058,corn
133,0.06575004948940778,0.05023404327985877,0.08562648249296528,corn
134,0.06801217238955846,0.051954850330393126,0.088568589354372,corn
135,0.07034640126322507,0.05372573476479909,0.09161107063091764,corn
136,0.07275313405109024,0.05555051052605215,0.09474855063233491,corn
137,0.07523260250810683,0.057434206793408465,0.09797327026179349,corn
138,0.07778485061730274,0.05938248449513116,0.10127600767447159,corn
139,0.08040969437827908,0.061400198955026075,0.10464834717959724,corn
140,0.08310672310209846,0.06349131414180918,0.10808284124680337,corn
141,0.08587526914342708,0.06565731479015445,0.11157551432825633,corn
142,0.08871440129904865,0.06789675448421051,0.11512653056235557,corn
143,0.09162292660005898,0.0702065907655192,0.11873797207557202,corn
144,0.09459939881387491,0.0725823944655388,0.1224134651346825,corn
145,0.09764216416080088,0.07501771509064054,0.12615924576863627,corn
146,0.10074930471519791,0.07750554103980109,0.12998163223429837,corn
147,0.10391861233758558,0.08003918749699716,0.13388554951786255,corn
148,0.10714758040056266,0.08261283996272852,0.13787368505937783,corn
149,0.1104333966852206,0.0852220243027702,0.14194578577926267,corn
150,0.11377293756051328,0.08786395807659385,0.14609815531908776,corn
151,0.11716276355052956,0.09053774138750233,0.15032340638221714,corn
152,0.1205991163852842,0.09324435391634318,0.15461051367842654,corn
153,0.12407791761955975,0.09598643449791579,0.15894520191441125,corn
154,0.12759489311432648,0.09876758751600358,0.1633113663486784,corn
155,0.13114597115826326,0.10159092897639817,0.16769431057441522,corn
156,0.13472707690297453,0.10445870896550644,0.17208081509972764,corn
157,0.13833452289136913,0.10737069837582858,0.17646252671449425,corn
158,0.14196515255008907,0.1103233137809199,0.18083754589229567,corn
159,0.14561624408671486,0.11330985756310256,0.18520969763949363,corn
160,0.1492851932845148,0.11632185626200378,0.1895856273935405,corn
161,0.15296961840901838,0.11934916311066232,0.19397482589928106,corn
162,0.15666719647752556,0.12238184499543096,0.19838637774910378,corn
163,0.16037560863484895,0.12541143554183176,0.202827004211789,corn
164,0.16409254513252144,0.12843175020957892,0.20729994762573756,corn
165,0.1678157101586165,0.1314395112504662,0.2118041564927801,corn
166,0.1715428265020135,0.13443472689214087,0.21633383487807611,corn
167,0.17527164003654647,0.1374207845655929,0.2208784022006941,corn
168,0.17899992401214945,0.140404237467663,0.22542288789578022,corn
169,0.18272548314176196,0.14339428024665216,0.2299487668231632,corn
170,0.1864459009304951,0.1464010522883835,0.23443586656125612,corn
171,0.19015774237878666,0.14943174360513523,0.2388661039374164,corn
172,0.19385698374474267,0.15249084926928932,0.24322410488619417,corn
173,0.1975380681741049,0.15557615249315665,0.2475006391865267,corn
174,0.20119380466537962,0.1586780672606505,0.25169314625883554,corn
175,0.20481649487775597,0.1617837885275423,0.25580232938487474,corn
176,0.20839796855228673,0.16487798127532746,0.2598311604608048,corn
177,0.21192876543887942,0.16794097184459647,0.26378540521723587,corn
178,0.21539892065709923,0.17095268248055595,0.26766989534407504,corn
179,0.2187982544853289,0.17389470550489514,0.271486366794371,corn
180,0.22211640066017047,0.17675129713136312,0.2752322544166016,corn
181,0.225342836037079,0.17951012257156218,0.2788998581877764,corn
182,0.22846691143973208,0.1821626871605069,0.2824759452962826,corn
183,0.2314778835332038,0.18470440568989058,0.2859418330927377,corn
184,0.23436494756888837,0.18713428633673476,0.2892739723069516,corn
185,0.23711727086694986,0.1894542285436104,0.29244502604391787,corn
186,0.23972414576241965,0.19166744233772862,0.2954263768746004,corn
187,0.24217554439360467,0.1937749613111628,0.2981940655394581,corn
188,0.24446228624754773,0.19577419698625198,0.30073103466903073,corn
189,0.2465757123183719,0.19765963866268182,0.3030253616706897,corn
190,0.24850846331271736,0.19942108212840762,0.3050743050981636,corn
191,0.25025459501834263,0.20104400059001476,0.3068839598448874,corn
192,0.2518089384042082,0.20251197249001687,0.3084645053129345,corn
193,0.25316768167986275,0.20380734666942063,0.3098306225193557,corn
194,0.2543275904373355,0.20491397518209253,0.31099614138548454,corn
195,0.25528574610342664,0.20581893086405162,0.3119712629582573,corn
196,0.2560395492246669,0.20651352092001332,0.31276132360637976,corn
197,0.25658672302769575,0.20699392127312688,0.3133660442495078,corn
198,0.25692531734760665,0.20726138338155656,0.3137793101600888,corn
199,0.25705371300350777,0.20732199456308972,0.3139894984985422,corn
200,0.25697062668578846,0.20718600616744484,0.3139803385760281,corn
201,0.2566751164034962,0.20686677105179907,0.31373226400125775,corn
202,0.25616675372615927,0.20637882693955462,0.31322525960786946,corn
203,0.25544627875466636,0.20573409901957918,0.3124452910167882,corn
204,0.25451555558160865,0.20494030746141279,0.3113863004749307,corn
205,0.2533770748193211,0.204001846277542,0.31004795094139564,corn
206,0.25203431095009426,0.20291779343876587,0.3084390854398489,corn
207,0.2504916874391835,0.2016825352126601,0.3065768727675072,corn
208,0.24875417685197265,0.20028876380512908,0.3044819927290548,corn
209,0.2468275157760216,0.19872795931004592,0.30217852643369325,corn
210,0.24471782975972153,0.1969935189441731,0.29968900855108216,corn
211,0.24243150000045757,0.19508243271603226,0.2970319232560648,corn
212,0.2399751490511577,0.1929960441754422,0.2942206535572705,corn
213,0.23735562618255868,0.1907403962611675,0.29126294703227046,corn
214,0.2345799922926274,0.18832614759920613,0.28816091667237165,corn
215,0.23165550426786483,0.18576807434879403,0.2849115660753545,corn
216,0.22858959871679688,0.18308420321937038,0.2815077974695722,corn
217,0.22538987501280935,0.18029464313424937,0.2779398385025444,corn
218,0.22206422637998793,0.177419723114196,0.27419799494844915,corn
219,0.21862140134080835,0.17447658963432724,0.2702785887084612,corn
220,0.21507093962055662,0.17147799593409435,0.2661855858914489,corn
221,0.21142266569440768,0.16843328162017565,0.26192822275669275,corn
222,0.20768703255308732,0.16534689984669593,0.25752395565934544,corn
223,0.20387502726784498,0.16221919455409498,0.25299730896738615,corn
224,0.19999769594364067,0.15904905220847035,0.24837518267905215,corn
225,0.1960662841375311,0.1558343579880152,0.2436865801997698,corn
226,0.19209186251615878,0.15257457292656565,0.23895814581079677,corn
227,0.18808518448246403,0.1492719755118776,0.2342120475594797,corn
228,0.18405665533392607,0.14593209410131996,0.22946522326782617,corn
229,0.1800163040135131,0.1425637817337558,0.22472911384320218,corn
230,0.17597375766489368,0.13917894962472016,0.22000986888577526,corn
231,0.1719382191741763,0.13579199831098537,0.2153089841947686,corn
232,0.16791844784692245,0.13241900606909712,0.2106243073379067,corn
233,0.16392274333206477,0.12907674566101102,0.20595133337210889,corn
234,0.15995894840106636,0.12578116542430415,0.2012853827874259,corn
235,0.1560345008268535,0.12254458569877542,0.1966258703298157,corn
236,0.15215642505220153,0.11937501652601884,0.19197743032380882,corn
237,0.14833128514721478,0.1162773502634357,0.18734818842188924,corn
238,0.14456528426372806,0.11325229517941277,0.1827516821304393,corn
239,0.14086428003560095,0.11029717191345775,0.17820581318166823,corn
240,0.13723369879931696,0.10740814247830549,0.17372936219349047,corn
241,0.13367867105865175,0.1045805739807659,0.1693417679353453,corn
242,0.1302038547497585,0.10181093302849357,0.16505984142973845,corn
243,0.12681339248599174,0.09909763182815262,0.16089634381272253,corn
244,0.12351093177012193,0.09644127043854839,0.15685961463386328,corn
245,0.12029964754017497,0.09384463634213826,0.15295356581507033,corn
246,0.11718226672216966,0.09131248456557686,0.14917800719392077,corn
247,0.11416109446539735,0.08885113343949445,0.14552925665112054,corn
248,0.11123804174364374,0.08646792099180253,0.14200097742319498,corn
249,0.10841465401893366,0.08417057035408153,0.13858518188080932,corn
250,0.10569221296430631,0.08196626094281889,0.13527390867967876,corn
251,0.10307202511982204,0.0798599638725079,0.13206256208520065,corn
252,0.1005553686458663,0.07785398625883848,0.12895057803088708,corn
253,0.09814327873498717,0.07594866448935704,0.1259398852265842,corn
254,0.09583652250440967,0.0741415662673476,0.12303614048567339,corn
255,0.09363554912695286,0.07242796488532251,0.1202478933465033,corn
256,0.09154050508259856,0.07080237966602253,0.1175842031725757,corn
257,0.08955104110630617,0.06925855356492917,0.11505417728713511,corn
258,0.08766663363733045,0.06779106226886127,0.11266522048502042,corn
259,0.08588670547079463,0.06639599473895487,0.11042224581312209,corn
260,0.08421065359131664,0.06507113519691049,0.10832744207087087,corn
261,0.08263787637609016,0.0638159980492046,0.10638026931834652,corn
262,0.08116780023069989,0.06263172765761736,0.10457766066174684,corn
263,0.07979990574691843,0.06152088067789751,0.102914404130378,corn
264,0.07853375349663301,0.06048711396218292,0.10138367476182164,corn
265,0.07736900960026942,0.059534802637214196,0.09997768714360566,corn
266,0.07630513649034078,0.05866812898148808,0.09868837282487172,corn
267,0.07534011055190465,0.05788872917571064,0.09750795227440846,corn
268,0.07447051997993104,0.05719540708724326,0.096429685036064125,corn
269,0.0736926397798631,0.05658551365652627,0.09544839394619672,corn
270,0.07300153486796565,0.05605356548083512,0.0945604481752534,corn
271,0.07239114783314941,0.05559155966548475,0.09376347997013991,corn
272,0.07185525866098953,0.05519077699357893,0.09305588432035511,corn
273,0.07138702646992315,0.05484146970608956,0.09243615087025218,corn
274,0.0709796849144854,0.05453444651321647,0.09190205185670162,corn
275,0.07062673701964074,0.05426174202891332,0.09145005442765972,corn
276,0.07032191090056966,0.05401680329479451,0.09107491387076175,corn
277,0.07005912080875705,0.05379458095983849,0.09076943196287302,corn
278,0.06983243318621371,0.05359151823568552,0.09052438566627617,corn
279,0.06963603746949987,0.05340543580722689,0.09032862752745935,corn
280,0.06946422143736522,0.05323531724133793,0.09016935363215316,corn
281,0.06931135094053521,0.05308100435114864,0.09003253058509665,corn
282,0.06917200455318744,0.0529427462951563,0.08990396411771781,corn
283,0.0690415902434682,0.052820476057592575,0.08977205513697041,corn
284,0.06891641561969852,0.05271340638630343,0.08962866115930304,corn
285,0.06879321049373076,0.05261998189189236,0.08946798099573924,corn
286,0.06866982495344659,0.05253769545423932,0.08928863990081619,corn
287,0.0685452523498075,0.0524632017572685,0.0890935583647025,corn
288,0.06841895150717216,0.052392680372591934,0.08888761971255138,corn
289,0.06829130778852188,0.05232221011000186,0.08867821431875464,corn
290,0.06816293431742432,0.05224820522067073,0.08847274289255405,corn
291,0.06803444003189653,0.05216775221268777,0.08827748242529064,corn
292,0.06790642964611833,0.052078858411831505,0.08809719389406027,corn
293,0.06777950366220134,0.05198061154900643,0.0879348764308733,corn
294,0.06765425843149905,0.051873241358085305,0.08779167623575045,corn
295,0.0675312862649705,0.0517580783122745,0.08766695436222165,corn
296,0.06741117559212631,0.051637410584783355,0.08755851157773245,corn
297,0.06729451116806365,0.0515142459858588,0.08746296289852405,corn
298,0.0671819005615362,0.051391859818643366,0.08737652920506087,corn
299,0.06707405465011745,0.051272816556918774,0.08729683604093233,corn
300,0.06697171417134044,0.051158391982695006,0.08722368082579444,corn
301,0.06687557753246604,0.05104862063697383,0.08715878521262574,corn
302,0.06678611883499345,0.05094131580882331,0.08710695618236512,corn
303,0.06670353754438932,0.050831897375773434,0.08707626768214491,corn
304,0.0666278921344323,0.05071418638369129,0.08707713353291188,corn
305,0.06655890832719229,0.050580178147154334,0.0871222552673783,corn
306,0.06649623118912824,0.05042129008873081,0.08722530902819704,corn
307,0.06643950868307988,0.05022912855471177,0.08740002405938439,corn
308,0.06638839137543497,0.049996004431689084,0.08765948231252663,corn
309,0.066342532160693607,0.049715421877976236,0.08801546038129308,corn
310,0.06630158600323005,0.04938249265091456,0.08847786089609275,corn
311,0.0662652096959492,0.04899422882807721,0.08905428022252547,corn
312,0.06623306163569191,0.048549680235217725,0.08974974582625676,corn
313,0.0662048016151824,0.04804990642804838,0.09056663317278843,corn
314,0.06618005054628999,0.04749775178477514,0.09150472544460672,corn
315,0.06615824635087568,0.046897392904825745,0.0925613391085497,corn
316,0.06613869291069384,0.04625403697115117,0.09373166427685128,corn
317,0.06612068426996222,0.045573675706777415,0.09500920404538464,corn
318,0.06610359959226403,0.04486255162798096,0.09638674413484159,corn
319,0.06608696227776896,0.044126696486296836,0.09785722480388998,corn
1,0.013626460034238595,0.008169527068585009,0.02264519425846923,other
2,0.013586610582929958,0.00826790432066432,0.02225005381261895,other
3,0.013546876067520256,0.008366233598303904,0.021864805388269026,other
4,0.013507256165853977,0.00846436849659288,0.021489472172101374,other
5,0.013467750556622986,0.008562143089033821,0.0211240996415488,other
6,0.013428358919367082,0.008659369394222438,0.020768758071998357,other
7,0.013389080934469083,0.008755834546307106,0.02042354534017313,other
8,0.013349916283155665,0.00885129765991311,0.020088590033059055,other
9,0.013310864647493297,0.008945486394359034,0.019764054857546134,other
10,0.013271942155796761,0.009038096034195593,0.019450182282992553,other
11,0.01323323033969294,0.009128798234546287,0.01914741072705337,other
12,0.013194826141184607,0.009217237569697943,0.01885622800524424,other
13,0.013156837414947253,0.009303032478937805,0.018577154909740694,other
14,0.013119429378063334,0.009385792906986077,0.01831084028597764,other
15,0.013082819742364716,0.009465133518371537,0.018058020694769902,other
16,0.0130472423745004,0.009540677178623676,0.01781941808426065,other
17,0.013012960381314928,0.009612074626909975,0.017595748725822688,other
18,0.012980242267608395,0.009679012637735417,0.01738765624999134,other
19,0.012949354264418147,0.009741226872492107,0.017195683636940625,other
20,0.01292056067989604,0.009798518689814966,0.017020261218875322,other
21,0.012894124304234792,0.009850772540103128,0.016861694280842263,other
22,0.012870306868329507,0.009897972776031815,0.016720151409402244,other
23,0.012849369556111557,0.00994021846296128,0.0165956549930786,other
24,0.012831573570754885,0.009977734680638664,0.016488075377584892,other
25,0.012817180755269917,0.010010878936002663,0.016397130057094544,other
26,0.012806451124211225,0.010040136312081832,0.01632238960232443,other
27,0.012799634176789487,0.010066094869263983,0.0162632955760645,other
28,0.01279697911532494,0.010089445906169446,0.01621918246121402,other
29,0.012798733168117062,0.010110963817017631,0.016189299645163163,other
30,0.012805119223924497,0.010131444604710027,0.01617284496545932,other
31,0.012816334396692065,0.010151674055195752,0.016169002513214625,other
32,0.012832567686150946,0.010172433985714328,0.0161769684568127,other
33,0.012853983934431136,0.010194455042785884,0.016195977789969625,other
34,0.012880747330995186,0.010218442008059247,0.01622531707466057,other
35,0.012913029674978956,0.010245079656787337,0.01626433115374004,other
36,0.012951011019525517,0.010275027797389421,0.016312429083708953,other
37,0.012994880352940203,0.01030891803606592,0.016369088555870992,other
38,0.013044836319754527,0.010347351991181636,0.0164338590969934,other
39,0.013101087985064179,0.010390900632891265,0.01650636439194436,other
40,0.013163855645794904,0.01044010440813708,0.0165863040884546,other
41,0.013233371692872687,0.010495473818608051,0.016673455439315026,other
42,0.013309869979145942,0.010557470314789057,0.01676767741052131,other
43,0.013393551574987016,0.010626447397867464,0.01686891834634022,other
44,0.013484619283816588,0.01070271135081067,0.01697720727572269,other
45,0.013583277972980794,0.010786523550460194,0.01709265138909035,other
46,0.013689687373931244,0.010878025213635872,0.01721543610321653,other
47,0.013803960690070371,0.0109772416311407,0.017345814171397713,other
48,0.013926198926041362,0.011084144638831242,0.017484092473710803,other
49,0.014056466820684984,0.011198621947484793,0.017630618789985456,other
50,0.014194826172237291,0.011320536754313649,0.017785770597183354,other
51,0.014341346992214064,0.011449750710268332,0.01794994624778344,other
52,0.014496107226874284,0.011586128627924979,0.018123556425214935,other
53,0.014659192486693822,0.01172954314362992,0.018307015930072258,other
54,0.014830695782014356,0.011879879341660224,0.018500735783148956,other
55,0.01501071726310203,0.012037039304021864,0.01870511568198959,other
56,0.015199363962886887,0.012200946508745416,0.018920536895002428,other
57,0.015396749540705692,0.012371549963981949,0.019147355719524996,other
58,0.015602986061308029,0.012548816365769698,0.019385895703189326,other
59,0.015818158978794773,0.012732698075276059,0.01963643532816103,other
60,0.016042342451985835,0.012923159394268906,0.01989920601819611,other
61,0.01627557979121746,0.013120147920998321,0.02017438807022483,other
62,0.01651787767229411,0.013323585327831337,0.020462110726007232,other
63,0.01676921216009602,0.013533377299376053,0.020762452113337587,other
64,0.0170295444038074,0.013749443131651959,0.021075433143565102,other
65,0.017298813276666075,0.01397169814881928,0.021401026412380255,other
66,0.017576944129456852,0.014200079210349374,0.021739139154940534,other
67,0.017863850945963242,0.014434554939270742,0.022089603177766075,other
68,0.018159434990488187,0.014675126496351956,0.02245217041900022,other
69,0.018463583441120826,0.014921827263689095,0.02282651001779015,other
70,0.018776168011014657,0.01517472136129821,0.023212207043744344,other
71,0.019097043560558906,0.015433900936407919,0.023608763029035994,other
72,0.019426046703936998,0.015699482172280312,0.024015598445835555,other
73,0.019762994414197137,0.015971599958663665,0.0244320572831728,other
74,0.020107688788330125,0.01625039431284661,0.0248574394131888,other
75,0.020459934979255197,0.016535979933053235,0.02529109104764139,other
76,0.02081953109075112,0.01682844950730433,0.025732375092557935,other
77,0.0211862959176821,0.017127847453466575,0.02618077943331623,other
78,0.021560084204263464,0.01743415690148876,0.026635974226495954,other
79,0.02194078429392523,0.017747301979393778,0.027097802436416497,other
80,0.02232829243737775,0.01806716424338535,0.02756619144966364,other
81,0.022722539965661388,0.01839357811826424,0.028041226255143742,other
82,0.02312345959500954,0.01872634750884334,0.028523041006120447,other
83,0.023530973356632505,0.019065255509078123,0.029011774355557615,other
84,0.023944992126703386,0.019410070008198287,0.029507559607659998,other
85,0.0243654151576699,0.01976054905626337,0.03001051534215237,other
86,0.02479212961234343,0.020116445895666638,0.030520736657191107,other
87,0.02522501010229365,0.02047751353624294,0.03103828721001838,other
88,0.025663918232177726,0.02084350872685836,0.031563192263532776,other
89,0.026108702151707477,0.02121419515667334,0.03209543297071065,other
90,0.026559213880814028,0.021589347764832997,0.032634982451001146,other
91,0.027015364546292858,0.021968762443179295,0.03318192625985625,other
92,0.027477092792957684,0.022352258146633767,0.03373638204219558,other
93,0.02794442114450071,0.022739689494197256,0.0342986183030712,other
94,0.028417479523751836,0.02313095735761782,0.0348690958849691,other
95,0.028896493694226637,0.023526016612403333,0.03544842820310542,other
96,0.029381736464649973,0.023924879730942553,0.03603725714819413,other
97,0.029873563305128366,0.024327628008486292,0.0366363235008054,other
98,0.030372366628626586,0.024734418559772816,0.03724634547167614,other
99,0.03087856030808418,0.025145492507064066,0.03786796917825947,other
100,0.03139258038004551,0.025561182462416503,0.038501759461131074,other
101,0.03191488579790796,0.02598191795700221,0.03914819367358396,other
102,0.032445959238590644,0.026408228643029615,0.039807658711252844,other
103,0.03298630796659072,0.02684074515613106,0.04048045149079995,other
104,0.033536464759579256,0.02728019758071185,0.04116678303749095,other
105,0.034096988899878555,0.027727411498649955,0.04186678630996274,other
106,0.0346684723557432,0.028183287341901866,0.04258056160209683,other
107,0.035251556940245184,0.028648746126516224,0.0433082989732056,other
108,0.035846922852383827,0.029124740136361526,0.04405023456365834,other
109,0.03645528925979642,0.029612178177508372,0.044806763605510155,other
110,0.03707740766293146,0.03011188048550729,0.04557849183720263,other
111,0.03771405550946446,0.030624579194441167,0.04636621957813361,other
112,0.03836603855699846,0.03115097797216209,0.047170858798292165,other
113,0.03903417361372871,0.03169169238623605,0.04799347985396788,other
114,0.03971930943367984,0.03224733566005153,0.04883523452678253,other
115,0.04042233528501952,0.03281855499938963,0.049697322641400435,other
116,0.04114418299223295,0.03340604021009067,0.05058098408063794,other
117,0.04188582911249057,0.03401053149712923,0.05148749238574019,other
118,0.04264829725422919,0.034632826330940086,0.05241815013544006,other
119,0.04343266054638373,0.03527378524584729,0.05337428632436691,other
120,0.044240044267157656,0.03593433641499746,0.05435725598873054,other
121,0.045071628641684826,0.03661547882533941,0.055368442355939934,other
122,0.0459286211654189,0.037318235036134684,0.05640925968559714,other
123,0.0468121633240517,0.0380435004854472,0.05748114981627949,other
124,0.047723382493669926,0.0387921310380497,0.058585578188573774,other
125,0.0486632762028265,0.03956477631752373,0.0597239991188213,other
126,0.04963265394199787,0.04036180804854871,0.06089781980739359,other
127,0.05063215027908198,0.04118335828020623,0.06210837489790573,other
128,0.05166232491807011,0.0420294820408432,0.06335692852029219,other
129,0.05272356448630473,0.04290004085457222,0.06464460798462295,other
130,0.05381619770430428,0.04379488304500292,0.06597241712525362,other
131,0.05494053415623691,0.044713917725791676,0.06734122176360956,other
132,0.05609686176420434,0.04565713022842784,0.06875172159536648,other
133,0.05728544417865357,0.04662459558925426,0.07020442473697858,other
134,0.058506518087562895,0.047616489572629817,0.07169962563316996,other
135,0.059760290447814425,0.04863309673577879,0.07323738701737308,other
136,0.06104693564297375,0.04967481508744848,0.07481752658875959,other
137,0.06236659257252685,0.05074215694588209,0.07643960903322627,other
138,0.06371931200662076,0.05183567144544714,0.07810293279385905,other
139,0.0651048965000817,0.05295570059017074,0.07980650134555595,other
140,0.0665229836511707,0.054102492773589084,0.08154905818121466,other
141,0.0679728907967335,0.05527594473722884,0.0833290902995428,other
142,0.06945359292645234,0.05647555193248878,0.08514484779585817,other
143,0.07096389026734698,0.057700682232701014,0.08699434790618533,other
144,0.07250240625214686,0.058950569668655285,0.08887537982386401,other
145,0.07406745242731652,0.06022406672483526,0.09078554135618573,other
146,0.07565713436546687,0.06151985038611975,0.09272219331834385,other
147,0.07726938561814893,0.06283649692470235,0.0946824326808975,other
148,0.07890196292857819,0.06417248190050874,0.09666308175588162,other
149,0.08055244214822611,0.06552617826485826,0.09866068193363292,other
150,0.08221821493092518,0.06689585227737076,0.10067149254489871,other
151,0.08389648627727737,0.06827965692362045,0.1026914954394976,other
152,0.08558427300049427,0.06967562249789827,0.10471640588532363,other
153,0.0872784031823056,0.07108164399037643,0.10674169040109122,other
154,0.08897551582320902,0.07249541213057072,0.10876266614298645,other
155,0.09067205976895344,0.07391423348387997,0.11077475716923577,other
156,0.09236430922514517,0.07533512621650812,0.11277339129600167,other
157,0.09404841717670334,0.07675469448823237,0.11475430558500739,other
158,0.09572046486567704,0.07816911118934129,0.11671368417905038,other
159,0.0973764825396047,0.07957419586834476,0.11864809046406512,other
160,0.09901241382975084,0.08096556282744455,0.12055416625906648,other
161,0.1006242101144074,0.08233863257012683,0.12242883737161803,other
162,0.10220774321792868,0.08368874886904908,0.1242689376384108,other
163,0.10375878187559685,0.08501125297760156,0.12607104858103557,other
164,0.10527300267110046,0.08630153479982546,0.12783145514536867,other
165,0.10674600195591122,0.08755508131652766,0.12954610839018724,other
166,0.10817330873234068,0.08876752078171159,0.13121059684480454,other
167,0.1095503984769636,0.08993466124344929,0.1328201281795526,other
168,0.11087270787625257,0.09105252207549455,0.134369522661588,other
169,0.11213565044166696,0.09211735741704097,0.13585321961572452,other
170,0.11333472512822515,0.09312569582589622,0.13726547976344403,other
171,0.11446581648296221,0.09407442206047423,0.1386009785867079,other
172,0.1155250465357552,0.09496073431572859,0.13985451668503812,other
173,0.11650911162424504,0.09578223537992421,0.14102168473925983,other
174,0.11741532314796713,0.09653693208540816,0.14209895864196667,other
175,0.11824121650450586,0.09722311677672757,0.1430829438431867,other
176,0.11898456867596482,0.09783937130284515,0.14397041081823064,other
177,0.11964374618182784,0.0983846552363166,0.14475898943631665,other
178,0.1202173829268167,0.09885820839066557,0.1454465466547261,other
179,0.12070427293706162,0.09925951964921093,0.14603097747203575,other
180,0.12110337333121098,0.09958832195492534,0.14651021853896118,other
181,0.12141380694364151,0.0998445814517281,0.14688226903111862,other
182,0.12163486460213394,0.10002848093174463,0.14714521862753208,other
183,0.12176600706165637,0.10014039780786957,0.14729728235426323,other
184,0.1218068665950226,0.10018087686997375,0.1473368419934974,other
185,0.12175724824015122,0.10015059809511084,0.14726249372562658,other
186,0.12161723405036803,0.10005035278959104,0.14707332623872868,other
187,0.12138759203234618,0.0998810573089365,0.14676986206386453,other
188,0.12106975943501506,0.09964372677865475,0.1463540547663899,other
189,0.12066552233086357,0.0993394318456128,0.14582859657416067,other
190,0.12017726423934964,0.0989693126082426,0.14519748260287565,other
191,0.11960793436619832,0.09853459754173091,0.14446590962464584,other
192,0.11896075526989366,0.09803662177360906,0.14363956433454347,other
193,0.11823934428094042,0.0974768579285618,0.14272486594588027,other
194,0.11744746727868373,0.09685696693028678,0.141728318536527,other
195,0.11658894679717503,0.09617883238577371,0.14065624905631657,other
196,0.11566764652853578,0.09544458437473555,0.13951473957045996,other
197,0.11468745641461817,0.09465661494659743,0.13830957232259375,other
198,0.1136522783613519,0.0938175848320189,0.13704618815708974,other
199,0.1125660126068073,0.09293042104947989,0.13572965863104863,other
200,0.11143254477062149,0.09199830532564884,0.13436467187305742,other
201,0.11025573360912319,0.09102465352987613,0.13295553192994874,other
202,0.1090394123720625,0.090013052191854,0.13150624929021174,other
203,0.10778742264036015,0.08896708626308394,0.13002085942658598,other
204,0.10650358425487813,0.08789030561175087,0.12850339836386382,other
205,0.10519164662955685,0.08678630808759702,0.12695767147575032,other
206,0.10385525232350261,0.08565855718087544,0.1253874215671073,other
207,0.10249791541066122,0.08451035094282675,0.12379632121084605,other
208,0.10112302886712593,0.08334495218241814,0.12218780739360609,other
209,0.0997338147916193,0.08216544114936045,0.1205651699316519,other
210,0.09833337697768751,0.08097488837650825,0.1189314322362983,other
211,0.09692471516969646,0.07977640074908257,0.11728931863026545,other
212,0.09551072135328972,0.0785731013824311,0.11564127210167197,other
213,0.09409417673182333,0.07736810588117007,0.11398947900600538,other
214,0.09267774937008165,0.0761644958316676,0.11233589964655483,other
215,0.09126399248396097,0.07496529034470759,0.1106823036881687,other
216,0.08985534335244959,0.0737734163822929,0.10903030943535491,other
217,0.08845412282607792,0.07259167847661263,0.10738142612884445,other
218,0.08706249226198927,0.07142263910549121,0.10573712307930486,other
219,0.0856822860395192,0.07026824253019383,0.10409897002772367,other
220,0.08431502483935605,0.06912982301647884,0.10246866109097774,other
221,0.0829620573972513,0.06800839006582908,0.10084794796032986,other
222,0.08162443813093016,0.06690438405995734,0.09923869940622271,other
223,0.08030294417655189,0.06581772500380503,0.0976428737229463,other
224,0.0789982183980479,0.06474812240243365,0.09606241638415773,other
225,0.07771069646095445,0.06369495509296548,0.09449925769983851,other
226,0.07644073975105853,0.06265756529961104,0.09295520767745502,other
227,0.07518867858584481,0.061635366408097574,0.09143190347273022,other
228,0.07395481311014813,0.06062786043298315,0.08993078552234016,other
229,0.07273941421701084,0.05963465054339046,0.08845308107541788,other
230,0.07154272449034396,0.058655448879361,0.08699979472153578,other
231,0.07036495916606712,0.05769007986379556,0.08557170553911962,other
232,0.06920630710850602,0.056738479221462315,0.08416937048230508,other
233,0.06806693179894707,0.055800688949065126,0.0827931335937553,other
234,0.06694695194667608,0.054876801694805494,0.08144315930758637,other
235,0.06584636596223503,0.0539667753055773,0.08011951876909616,other
236,0.0647650669536125,0.0530704589502643,0.07882218826804618,other
237,0.06370290894272979,0.05218774339032007,0.07755099095650973,other
238,0.0626596784992187,0.05131845634601352,0.0763056798237758,other
239,0.061635106553563405,0.050462379225832424,0.07508594191935607,other
240,0.06062890950913515,0.04961936438417058,0.07389132705788187,other
241,0.05964078403187833,0.04878927447090121,0.07272132271863707,other
242,0.05867042496127126,0.047972072612666596,0.07157526563746784,other
243,0.05771753105162316,0.04716784384869465,0.07045232325208517,other
244,0.05678180498237627,0.04637678131045053,0.06935151238854718,other
245,0.05586295336506034,0.04559916937303198,0.06827172240601347,other
246,0.05496068674705029,0.044835364436150146,0.06721174199293134,other
247,0.05407471961228265,0.04408577397706689,0.06617028883076365,other
248,0.05320477037907113,0.043350834462859936,0.0651460414037594,other
249,0.05235056139516879,0.04263098861764172,0.0641376723323281,other
250,0.051511830630432645,0.04192664074353128,0.06314394299000435,other
251,0.050688377926579674,0.04123804882120185,0.06216397605742547,other
252,0.049880063690463806,0.04056531165626826,0.06119727412989633,other
253,0.04908677047303926,0.03990842833827823,0.06024354117134636,other
254,0.048308444162590745,0.039267237560108983,0.05930287358711625,other
255,0.04754509082247442,0.03864142759360062,0.05837573924476629,other
256,0.04679673206916712,0.03803061146688257,0.057462758507026854,other
257,0.046063432408226114,0.03743430673366188,0.056564800327669945,other
258,0.04534525426973003,0.036852011589235,0.055682759889525604,other
259,0.04464224427028911,0.036283237926565376,0.05481747550245901,other
260,0.043954434183101965,0.035727522338041,0.05396971397729473,other
261,0.043281841896755144,0.035184434697319106,0.05314015974129083,other
262,0.04262447236131143,0.03465358453367974,0.05232940737125583,other
263,0.04198231852039509,0.03413462536328487,0.05153795727300109,other
264,0.04135536222815973,0.03362725710864043,0.05076621427410446,other
265,0.04074357515020021,0.033131226717865364,0.05001448892232467,other
266,0.04014692680402628,0.032646315316589396,0.04928303616217422,other
267,0.0395654120286213,0.0321722956826113,0.048572185374583236,other
268,0.03899904617390529,0.03170894963563499,0.04788230318310546,other
269,0.03844784314464155,0.03125611610798451,0.0472136689703619,other
270,0.037911821847525035,0.030813663589044755,0.04656653165958321,other
271,0.037391002322843724,0.030381502818826445,0.04594108162809583,other
272,0.036885396461407344,0.02995962919991669,0.04533736500006906,other
273,0.036395004494572024,0.029548097486109526,0.044755312389600344,other
274,0.03591981905729579,0.02914706109227191,0.04419468961443338,other
275,0.03545982722677992,0.028756778239911997,0.04365509237593135,other
276,0.035015011591808844,0.028377601428936045,0.04313596316288396,other
277,0.03458535130481123,0.028009964410620057,0.042636611773866163,other
278,0.034170823117449615,0.027654367264273245,0.042156238747460044,other
279,0.03377140240076443,0.027311360165395846,0.0416939610211581,other
280,0.03338706415111117,0.026981526368803257,0.04124883922087679,other
281,0.033017783983319504,0.02666546482039401,0.040819906109449806,other
282,0.032663525213484285,0.026363744245171208,0.040406204701541076,other
283,0.03232418438993357,0.026076769226044617,0.040006858343246986,other
284,0.031999592320036525,0.025804756706367372,0.03962111116075946,other
285,0.031689558789574766,0.025547808140099916,0.03924833103495237,other
286,0.031393822451869544,0.025305794017147498,0.038888063156088684,other
287,0.031112052120014045,0.025078340471953422,0.03854005489218805,other
288,0.030843898614859876,0.024864924842396843,0.03820423882646865,other
289,0.030588958222710374,0.024664796864572527,0.03788076176003894,other
290,0.030346828571776917,0.024477088170133138,0.03756995478545301,other
291,0.030117126181456212,0.02430084803750933,0.03727232051686959,other
292,0.029899485546428337,0.024135041432569258,0.03698853203310136,other
293,0.029693558267768913,0.02397854673862985,0.03671943264846205,other
294,0.029499012228425683,0.02383015387076847,0.0364660357918992,other
295,0.029315530810548412,0.02368856359130489,0.03622952415641107,other
296,0.02914281215231532,0.023552388960354113,0.036011247167012914,other
297,0.028980568442011318,0.02342015994169472,0.035812715732241374,other
298,0.028828508672500485,0.023290302299383923,0.03563559771503862,other
299,0.028686273156669807,0.023161043295890273,0.035481708789083466,other
300,0.028553436906586783,0.02303046764896707,0.035352949530670995,other
301,0.028429559881262834,0.022896663923688464,0.035251224649843864,other
302,0.028314148414333423,0.022757723453565547,0.03517836999237555,other
303,0.02820665875618973,0.0226118256340035,0.03513605368029311,other
304,0.028106538148761052,0.02245737550069159,0.03512568808082092,other
305,0.02801320697317033,0.022293036271046302,0.035148351524006784,other
306,0.02792608739350648,0.022117815747133555,0.035204734303310024,other
307,0.027844612025745938,0.02193109448373821,0.035295114187534934,other
308,0.02776822283117908,0.02173261791951814,0.03541935275461323,other
309,0.02769637012108693,0.021522470163328124,0.03557691088440654,other
310,0.027628511669150847,0.02130103333642377,0.03576687948348549,other
311,0.02756411192855615,0.021068937547752988,0.035988020351736275,other
312,0.027502641351129366,0.02082700677833046,0.03623881191445508,other
313,0.027443575806226195,0.020576205331596552,0.03651749517468737,other
314,0.027386405888568582,0.02031759018272707,0.03682213924330369,other
315,0.027330677923023933,0.020052270842743913,0.037150785519319725,other
316,0.027276000366327394,0.019781362853233963,0.03750152337795008,other
317,0.02722201404112549,0.01950594849528388,0.037872465040659914,other
318,0.02716845048174079,0.019227058275264452,0.03826193120419792,other
319,0.02711513872348518,0.01894564574081946,0.03866852355123631,other
