polygonID,UniqueID,GIS_Ac,year,jan_a,jan_b,feb_a,feb_b,mar_a,mar_b,apr_a,aug_b,sep_a,sep_b,oct_a,oct_b
2,co2287,171.065478294,2014,0,0,1,1,0,0,0,0,0,0,0,0
7,co2304,104.091277154,2014,0,0,1,1,0,0,0,0,0,0,0,0
8,co892,66.8740937386,2014,0,0,1,1,0,0,0,0,0,0,0,0
12,su911,95.2733872166,2014,0,0,1,1,0,0,0,0,0,0,0,0
19,su1395,149.711734102,2014,0,0,1,1,0,0,0,0,0,0,0,0
20,co4682,12.5724780129,2014,0,0,1,1,1,0,0,0,0,0,0,0
21,co4691,25.3438621658,2014,0,0,1,1,1,0,0,0,0,0,0,0
22,co1167,67.6061559348,2014,0,0,1,1,1,0,0,0,0,0,0,0
23,co4681,32.5466820474,2014,0,0,1,1,1,0,0,0,0,0,0,0
26,bu5724,26.177604569,2014,0,0,1,1,0,0,0,0,0,0,0,0
27,pl12,16.1715434246,2014,0,0,1,1,1,0,0,0,0,0,0,0
40,tnc2,23.708902743,2014,0,0,1,1,0,0,0,0,0,0,0,0
41,tnc3,79.2081940804,2014,0,0,1,1,0,0,0,0,0,0,0,0
44,co5302,102.858665673,2014,0,0,1,1,0,0,0,0,0,0,0,0
45,co6530,145.6143451,2014,0,0,1,1,1,0,0,0,0,0,0,0
80,co1802,101.293688649,2014,0,0,1,1,0,0,0,0,0,0,0,0
84,co686,188.994660487,2014,0,0,1,1,1,0,0,0,0,0,0,0
85,yo5460,225.220071732,2014,0,0,1,1,1,0,0,0,0,0,0,0
93,su934,132.155317295,2014,0,0,1,1,1,0,0,0,0,0,0,0
119,tnc9,82.9107993793,2014,0,0,1,1,0,0,0,0,0,0,0,0
120,su1945,154.751637577,2014,0,0,1,1,0,0,0,0,0,0,0,0
121,pl428,73.663952307,2014,0,0,1,1,1,0,0,0,0,0,0,0
122,pl219,21.4867572472,2014,0,0,1,1,1,0,0,0,0,0,0,0
161,tnc11,51.7662441391,2014,0,0,1,1,0,0,0,0,0,0,0,0
222,co470,64.6127636,2014,0,0,1,1,1,0,0,0,0,0,0,0
224,tnc15,73.5823994865,2014,0,0,1,1,1,1,0,0,0,0,0,0
225,co1933,150.718367023,2014,0,0,1,1,1,1,0,0,0,0,0,0
226,co1946,156.381339527,2014,0,0,1,1,1,1,0,0,0,0,0,0
227,co6325,125.104416345,2014,0,0,1,1,1,1,0,0,0,0,0,0
228,co2290,123.16339536,2014,0,0,1,1,0,0,0,0,0,0,0,0
257,tnc122,35.9784345121,2014,0,0,1,1,1,1,0,0,0,0,0,0
261,co1804,161.116477269,2014,0,0,1,1,0,0,0,0,0,0,0,0
269,co6281,371.839941472,2014,0,0,1,1,0,0,0,0,0,0,0,0
270,co6425,317.828465929,2014,0,0,1,1,0,0,0,0,0,0,0,0
271,co922,358.430712162,2014,0,0,1,1,0,0,0,0,0,0,0,0
281,co938,117.452013342,2014,0,0,1,1,1,0,0,0,0,0,0,0
286,co5811,346.263948717,2014,0,0,1,1,1,0,0,0,0,0,0,0
287,co5300,96.364069523,2014,0,0,1,1,0,0,0,0,0,0,0,0
288,co901,126.297495513,2014,0,0,1,1,1,0,0,0,0,0,0,0
289,co887,128.95512198,2014,0,0,1,1,1,0,0,0,0,0,0,0
290,co4412,73.1970754386,2014,0,0,1,1,0,0,0,0,0,0,0,0
291,tnc107,30.7757571974,2014,0,0,1,1,1,1,0,0,0,0,0,0
293,co3956,75.55784243,2014,0,0,1,1,0,0,0,0,0,0,0,0
294,co5075,62.2176793514,2014,0,0,1,1,0,0,0,0,0,0,0,0
295,su1396,148.432675652,2014,0,0,1,1,0,0,0,0,0,0,0,0
301,pl6,15.2739408264,2014,0,0,1,1,1,0,0,0,0,0,0,0
302,pl8,10.7915630004,2014,0,0,1,1,1,0,0,0,0,0,0,0
303,pl9,10.6090642396,2014,0,0,1,1,1,0,0,0,0,0,0,0
304,pl10,12.5206520657,2014,0,0,1,1,1,0,0,0,0,0,0,0
305,pl11,10.9609772401,2014,0,0,1,1,1,0,0,0,0,0,0,0
306,pl5,12.6173798411,2014,0,0,1,1,1,0,0,0,0,0,0,0
307,pl7,10.6459740756,2014,0,0,1,1,1,0,0,0,0,0,0,0
321,tnc17,24.6097341877,2014,0,0,1,1,0,0,0,0,0,0,0,0
322,tnc18,30.7351137732,2014,0,0,1,1,0,0,0,0,0,0,0,0
323,tnc19,30.1870176922,2014,0,0,1,1,0,0,0,0,0,0,0,0
324,tnc20,21.5552199833,2014,0,0,1,1,0,0,0,0,0,0,0,0
325,tnc21,2.99733869341,2014,0,0,1,1,0,0,0,0,0,0,0,0
370,co1798,120.088478674,2014,0,0,1,1,0,0,0,0,0,0,0,0
371,co1799,115.582690134,2014,0,0,1,1,0,0,0,0,0,0,0,0
372,co1800,117.600485168,2014,0,0,1,1,0,0,0,0,0,0,0,0
373,co1801,115.29671196,2014,0,0,1,1,0,0,0,0,0,0,0,0
374,co1803,80.3287912443,2014,0,0,1,1,0,0,0,0,0,0,0,0
390,tnc31,36.4265679745,2014,0,0,1,1,0,0,0,0,0,0,0,0
428,tnc32,31.7201570415,2014,0,0,1,1,0,0,0,0,0,0,0,0
429,tnc33,4.70455113374,2014,0,0,1,1,0,0,0,0,0,0,0,0
434,tnc38,20.2722102366,2014,0,0,1,1,0,0,0,0,0,0,0,0
435,tnc39,20.5078650976,2014,0,0,1,1,0,0,0,0,0,0,0,0
436,tnc40,10.0132768634,2014,0,0,1,1,0,0,0,0,0,0,0,0
483,tnc123,4.40514861676,2014,0,0,1,1,1,0,0,0,0,0,0,0
484,tnc124,22.1909514673,2014,0,0,1,1,1,0,0,0,0,0,0,0
485,tnc125,7.78189140741,2014,0,0,1,1,1,1,0,0,0,0,0,0
503,su1912,118.301604941,2014,0,0,1,1,1,0,0,0,0,0,0,0
504,su1909,132.287113559,2014,0,0,1,1,1,0,0,0,0,0,0,0
530,yo5459,149.966445523,2014,0,0,1,1,1,0,0,0,0,0,0,0
542,pl217,19.995361584,2014,0,0,1,1,1,0,0,0,0,0,0,0
543,pl218,13.8808519223,2014,0,0,1,1,1,0,0,0,0,0,0,0
544,pl429,30.2524686047,2014,0,0,1,1,1,0,0,0,0,0,0,0
545,pl27,40.3147753771,2014,0,0,1,1,1,0,0,0,0,0,0,0
551,co6218,99.143670593,2014,0,0,1,1,1,0,0,0,0,0,0,0
552,co469,48.9197458215,2014,0,0,1,1,1,0,0,0,0,0,0,0
553,co2263,107.531417742,2014,0,0,1,1,1,1,0,0,0,0,0,0
554,co2265,25.3733417549,2014,0,0,1,1,1,1,0,0,0,0,0,0
555,co2264,121.901196995,2014,0,0,1,1,1,1,0,0,0,0,0,0
556,co2266,112.553478395,2014,0,0,1,1,1,1,0,0,0,0,0,0
557,co1943,152.464619588,2014,0,0,1,1,1,1,0,0,0,0,0,0
558,co1944,71.8483304051,2014,0,0,1,1,1,1,0,0,0,0,0,0
559,co1945,73.1619368819,2014,0,0,1,1,1,1,0,0,0,0,0,0
560,co1947,153.165360121,2014,0,0,1,1,1,1,0,0,0,0,0,0
561,bu5723,21.2695565112,2014,0,0,1,1,0,0,0,0,0,0,0,0
562,bu3210,17.3945969103,2014,0,0,1,1,0,0,0,0,0,0,0,0
563,bu5722,24.3119734162,2014,0,0,1,1,0,0,0,0,0,0,0,0
573,co2303,142.789989658,2014,0,0,1,1,0,0,0,0,0,0,0,0
574,co2305,78.4857289157,2014,0,0,1,1,0,0,0,0,0,0,0,0
642,su1911,80.7043947949,2014,0,0,1,1,1,0,0,0,0,0,0,0
643,su1910,123.600553627,2014,0,0,1,1,1,0,0,0,0,0,0,0
644,su1908,132.0314677,2014,0,0,1,1,1,0,0,0,0,0,0,0
675,co894,42.2510471547,2014,0,0,1,1,0,0,0,0,0,0,0,0
758,tnc146,146.222317326,2014,0,0,1,1,0,0,0,0,0,0,0,0
759,tnc147,149.300940668,2014,0,0,1,1,0,0,0,0,0,0,0,0
760,yo5578,131.4981242,2014,0,0,1,1,0,0,0,0,0,0,0,0
761,tnc144,155.140713859,2014,0,0,1,1,0,0,0,0,0,0,0,0
762,tnc145,150.258197942,2014,0,0,1,1,0,0,0,0,0,0,0,0
763,yo5577,66.860273864,2014,0,0,1,1,0,0,0,0,0,0,0,0
806,co1165,18.6982674412,2014,0,0,1,1,1,0,0,0,0,0,0,0
819,co4667,20.7699279735,2014,0,0,1,1,1,0,0,0,0,0,0,0
820,co4668,21.9441741043,2014,0,0,1,1,1,0,0,0,0,0,0,0
821,co4669,22.0667204167,2014,0,0,1,1,1,0,0,0,0,0,0,0
822,co4672,23.4684173958,2014,0,0,1,1,1,0,0,0,0,0,0,0
823,co4670,24.8441573582,2014,0,0,1,1,1,0,0,0,0,0,0,0
824,co4671,24.7078762245,2014,0,0,1,1,1,0,0,0,0,0,0,0
825,co4673,20.2557702893,2014,0,0,1,1,1,0,0,0,0,0,0,0
826,co4680,33.2527471178,2014,0,0,1,1,1,0,0,0,0,0,0,0
827,co4674,15.9438647599,2014,0,0,1,1,1,0,0,0,0,0,0,0
828,co4687,141.083333641,2014,0,0,1,1,1,0,0,0,0,0,0,0
829,co4693,23.0202864733,2014,0,0,1,1,1,0,0,0,0,0,0,0
830,co4692,24.1181907296,2014,0,0,1,1,1,0,0,0,0,0,0,0
831,co4689,24.8724484211,2014,0,0,1,1,1,0,0,0,0,0,0,0
832,co4690,23.6662662249,2014,0,0,1,1,1,0,0,0,0,0,0,0
833,co4694,25.2130933665,2014,0,0,1,1,1,0,0,0,0,0,0,0
10,su637,58.7949076155,2014,0,0,0,0,0,0,0,0,0,1,0,0
61,su3305,130.318032903,2014,0,0,0,0,0,0,0,0,1,0,0,0
62,su4020,68.3120452878,2014,0,0,0,0,0,0,0,0,1,0,0,0
63,su3300,140.715162623,2014,0,0,0,0,0,0,0,0,1,0,0,0
64,su3298,144.827516057,2014,0,0,0,0,0,0,0,0,0,1,0,0
67,su3291,63.9393709341,2014,0,0,0,0,0,0,0,0,0,0,1,0
78,tnc137,96.1429015338,2014,0,0,0,0,0,0,0,0,1,0,0,0
86,su3428,159.151838341,2014,0,0,0,0,0,0,0,0,0,1,0,0
87,su3429,140.346714123,2014,0,0,0,0,0,0,0,0,0,1,0,0
88,su4504,52.4281515935,2014,0,0,0,0,0,0,0,0,0,0,1,0
89,su3427,162.836986175,2014,0,0,0,0,0,0,0,0,0,1,0,0
90,su3419,109.95213978,2014,0,0,0,0,0,0,0,0,0,0,1,0
91,su3267,314.283737345,2014,0,0,0,0,0,0,0,0,0,1,0,0
92,su3422,103.620250519,2014,0,0,0,0,0,0,0,0,0,1,0,0
108,co5348,29.9774772356,2014,0,0,0,0,0,0,0,0,0,0,0,1
109,co2478,59.4512290926,2014,0,0,0,0,0,0,0,0,0,0,1,0
112,co184,92.2447897402,2014,0,0,0,0,0,0,0,0,0,0,1,0
113,co185,51.5580889985,2014,0,0,0,0,0,0,0,0,0,0,0,1
118,su1925,146.383443203,2014,0,0,0,0,0,0,0,0,1,0,0,0
134,yu2009,47.6234479753,2014,0,0,0,0,0,0,0,0,0,0,0,1
135,yu2803,97.949290636,2014,0,0,0,0,0,0,0,0,0,0,0,1
137,yu2804,105.656518356,2014,0,0,0,0,0,0,0,0,0,0,0,1
139,yu2008,53.6441363563,2014,0,0,0,0,0,0,0,0,0,0,0,1
142,yu2794,35.5566494097,2014,0,0,0,0,0,0,0,0,0,0,0,1
143,yu2474,51.8320889889,2014,0,0,0,0,0,0,0,0,0,0,0,1
144,yu2004,54.8771526798,2014,0,0,0,0,0,0,0,0,0,0,0,1
145,yu2007,43.2466548077,2014,0,0,0,0,0,0,0,0,0,0,0,1
147,yu2467,42.4571704501,2014,0,0,0,0,0,0,0,0,0,0,0,1
148,yu2001,40.4595689081,2014,0,0,0,0,0,0,0,0,0,0,0,1
149,yu2472,51.9801878859,2014,0,0,0,0,0,0,0,0,0,0,0,0
150,yu2465,37.5906493124,2014,0,0,0,0,0,0,0,0,0,0,0,0
151,yu2792,120.494064303,2014,0,0,0,0,0,0,0,0,0,0,0,1
152,yu2469,75.1428047258,2014,0,0,0,0,0,0,0,0,0,0,0,0
153,yu2464,70.7327629713,2014,0,0,0,0,0,0,0,0,0,0,1,0
154,yu894,21.0832391668,2014,0,0,0,0,0,0,0,0,0,0,1,0
155,yu2416,27.2919581969,2014,0,0,0,0,0,0,0,0,0,0,0,0
156,yu2424,83.2037879748,2014,0,0,0,0,0,0,0,0,0,0,0,1
157,yu2420,24.2151626877,2014,0,0,0,0,0,0,0,0,0,0,0,1
158,yu2413,34.4083009237,2014,0,0,0,0,0,0,0,0,0,0,0,1
159,yu2410,23.5303845391,2014,0,0,0,0,0,0,0,0,0,0,0,1
162,yu2418,45.1008742092,2014,0,0,0,0,0,0,0,0,0,0,0,1
164,yu1670,108.402656719,2014,0,0,0,0,0,0,0,0,0,0,0,0
168,yu1668,90.472257735,2014,0,0,0,0,0,0,0,0,0,0,0,0
169,yu1669,106.568066734,2014,0,0,0,0,0,0,0,0,0,0,0,0
183,su2574,33.4181611403,2014,0,0,0,0,0,0,0,0,0,0,1,0
223,su4268,35.2481800572,2014,0,0,0,0,0,0,0,0,0,0,0,1
258,tnc120,26.5536391095,2014,0,0,0,0,0,0,0,0,0,1,0,0
259,tnc121,23.6681971943,2014,0,0,0,0,0,0,0,0,0,1,0,0
260,su2388,33.4997160081,2014,0,0,0,0,0,0,0,0,0,1,0,0
261,co1804,161.116477269,2014,0,0,0,0,0,0,0,0,0,0,0,1
282,su954,65.4150147512,2014,0,0,0,0,0,0,0,0,0,0,0,0
283,su953,166.633482153,2014,0,0,0,0,0,0,0,0,0,0,0,1
284,su946,124.861290085,2014,0,0,0,0,0,0,0,0,0,0,0,1
300,su3426,151.409954263,2014,0,0,0,0,0,0,0,0,0,1,0,0
326,yu2463,18.6563266463,2014,0,0,0,0,0,0,0,0,0,0,0,0
327,yu2466,35.730359712,2014,0,0,0,0,0,0,0,0,0,0,0,1
330,yu2473,36.0432717928,2014,0,0,0,0,0,0,0,0,0,0,0,0
331,yu2006,39.6772414246,2014,0,0,0,0,0,0,0,0,0,0,0,1
332,yu2005,45.7379456399,2014,0,0,0,0,0,0,0,0,0,0,0,1
333,yu2010,50.3439933357,2014,0,0,0,0,0,0,0,0,0,0,0,1
340,co186,17.9401350764,2014,0,0,0,0,0,0,0,0,0,0,0,1
388,tnc29,20.9642100566,2014,0,0,0,0,0,0,0,0,0,0,0,1
389,tnc30,12.1577105398,2014,0,0,0,0,0,0,0,0,0,0,0,1
425,yu340,64.0231139975,2014,0,0,0,0,0,0,0,0,0,0,1,0
426,su3435,37.8440791602,2014,0,0,0,0,0,0,0,0,0,0,1,0
430,tnc34,12.7298406529,2014,0,0,0,0,0,0,0,0,0,0,0,1
431,tnc35,4.83704063957,2014,0,0,0,0,0,0,0,0,0,0,0,1
432,tnc36,6.24850119348,2014,0,0,0,0,0,0,0,0,0,0,0,1
433,tnc37,4.09651197737,2014,0,0,0,0,0,0,0,0,0,0,0,1
506,su2571,85.3519707747,2014,0,0,0,0,0,0,0,0,0,0,1,0
507,su2576,41.9793883462,2014,0,0,0,0,0,0,0,0,0,0,1,0
508,su2575,46.8750534915,2014,0,0,0,0,0,0,0,0,0,0,1,0
509,su2573,23.2749869915,2014,0,0,0,0,0,0,0,0,0,0,1,0
518,su4264,29.9690865186,2014,0,0,0,0,0,0,0,0,0,0,0,1
519,su4266,36.8949189643,2014,0,0,0,0,0,0,0,0,0,0,0,1
520,su4267,22.9967310453,2014,0,0,0,0,0,0,0,0,0,0,0,1
956,su3420,24.7889826687,2014,0,0,0,0,0,0,0,0,0,1,0,0
957,su3421,27.2443126773,2014,0,0,0,0,0,0,0,0,0,1,0,0
958,su3424,31.7054380876,2014,0,0,0,0,0,0,0,0,0,1,0,0
39,tnc1,23.7710727641,2015,1,1,0,0,0,0,0,0,0,0,0,0
40,tnc2,23.708902743,2015,1,1,0,0,0,0,0,0,0,0,0,0
42,tnc4,15.5646257391,2015,1,1,0,0,0,0,0,0,0,0,0,0
105,pl200,36.098094328,2015,1,1,0,0,0,0,0,0,0,0,0,0
106,pl195,66.7290163166,2015,1,1,0,0,0,0,0,0,0,0,0,0
229,pl716,39.4669439354,2015,1,1,0,0,0,0,0,0,0,0,0,0
230,pl710,147.162690227,2015,1,1,0,0,0,0,0,0,0,0,0,0
231,pl451,74.1222285465,2015,1,1,0,0,0,0,0,0,0,0,0,0
296,su2434,19.4393269398,2015,1,1,0,0,0,0,0,0,0,0,0,0
297,tnc115,28.7228702701,2015,1,1,0,0,0,0,0,0,0,0,0,0
299,pl302,28.6173372991,2015,1,1,0,0,0,0,0,0,0,0,0,0
382,tnc23,53.0879492145,2015,1,1,0,0,0,0,0,0,0,0,0,0
383,tnc24,16.2401547559,2015,1,1,0,0,0,0,0,0,0,0,0,0
384,tnc25,9.81315716484,2015,1,1,0,0,0,0,0,0,0,0,0,0
385,tnc26,18.3461723302,2015,1,1,0,0,0,0,0,0,0,0,0,0
386,tnc27,32.4709970023,2015,1,1,0,0,0,0,0,0,0,0,0,0
387,tnc28,30.957426371,2015,1,1,0,0,0,0,0,0,0,0,0,0
390,tnc31,36.4265679745,2015,1,1,0,0,0,0,0,0,0,0,0,0
412,pl194,28.4738362017,2015,1,1,0,0,0,0,0,0,0,0,0,0
413,pl197,20.4835481151,2015,1,1,0,0,0,0,0,0,0,0,0,0
414,pl196,22.3139493806,2015,1,1,0,0,0,0,0,0,0,0,0,0
415,pl198,30.4828432751,2015,1,1,0,0,0,0,0,0,0,0,0,0
416,pl199,44.0762428702,2015,1,1,0,0,0,0,0,0,0,0,0,0
417,pl729,31.3006440327,2015,1,1,0,0,0,0,0,0,0,0,0,0
418,pl721,24.5691104829,2015,1,1,0,0,0,0,0,0,0,0,0,0
419,pl201,24.6707079362,2015,1,1,0,0,0,0,0,0,0,0,0,0
428,tnc32,31.7201570415,2015,1,1,0,0,0,0,0,0,0,0,0,0
429,tnc33,4.70455113374,2015,1,1,0,0,0,0,0,0,0,0,0,0
434,tnc38,20.2722102366,2015,1,1,0,0,0,0,0,0,0,0,0,0
435,tnc39,20.5078650976,2015,1,1,0,0,0,0,0,0,0,0,0,0
436,tnc40,10.0132768634,2015,1,1,0,0,0,0,0,0,0,0,0,0
437,tnc41,19.8137326358,2015,1,1,0,0,0,0,0,0,0,0,0,0
438,tnc42,9.09343238719,2015,1,1,0,0,0,0,0,0,0,0,0,0
439,tnc43,16.8736649377,2015,1,1,0,0,0,0,0,0,0,0,0,0
446,pl441,24.2828389454,2015,1,1,0,0,0,0,0,0,0,0,0,0
447,pl303,16.5539401517,2015,1,1,0,0,0,0,0,0,0,0,0,0
448,pl304,31.2338351893,2015,1,1,0,0,0,0,0,0,0,0,0,0
449,pl305,15.7316382751,2015,1,1,0,0,0,0,0,0,0,0,0,0
450,pl438,23.2421760377,2015,1,1,0,0,0,0,0,0,0,0,0,0
451,tnc113,22.7035767824,2015,1,1,0,0,0,0,0,0,0,0,0,0
452,pl321,20.3246170485,2015,1,1,0,0,0,0,0,0,0,0,0,0
453,pl322,2.29775217409,2015,1,1,0,0,0,0,0,0,0,0,0,0
454,pl320,4.23487833105,2015,1,1,0,0,0,0,0,0,0,0,0,0
455,tnc114,30.1102731777,2015,1,1,0,0,0,0,0,0,0,0,0,0
456,pl319,12.9261471957,2015,1,1,0,0,0,0,0,0,0,0,0,0
457,pl318,14.1318693692,2015,1,1,0,0,0,0,0,0,0,0,0,0
458,pl317,24.657166392,2015,1,1,0,0,0,0,0,0,0,0,0,0
459,pl724,23.547328384,2015,1,1,0,0,0,0,0,0,0,0,0,0
460,pl725,24.0600422408,2015,1,1,0,0,0,0,0,0,0,0,0,0
461,tnc116,27.4584957718,2015,1,1,0,0,0,0,0,0,0,0,0,0
462,tnc117,28.2513348134,2015,1,1,0,0,0,0,0,0,0,0,0,0
463,tnc118,29.8664811834,2015,1,1,0,0,0,0,0,0,0,0,0,0
464,tnc119,21.7755603012,2015,1,1,0,0,0,0,0,0,0,0,0,0
465,su2440,8.18872932194,2015,1,1,0,0,0,0,0,0,0,0,0,0
466,su2433,18.0347754778,2015,1,1,0,0,0,0,0,0,0,0,0,0
467,su2432,29.7802386573,2015,1,1,0,0,0,0,0,0,0,0,0,0
468,su2431,26.8451109201,2015,1,1,0,0,0,0,0,0,0,0,0,0
521,tnc45,16.4810304534,2015,1,1,0,0,0,0,0,0,0,0,0,0
522,tnc46,6.1140686323,2015,1,1,0,0,0,0,0,0,0,0,0,0
547,tnc49,12.7548489518,2015,1,1,0,0,0,0,0,0,0,0,0,0
548,tnc50,13.7401362632,2015,1,1,0,0,0,0,0,0,0,0,0,0
549,tnc51,15.3285549759,2015,1,1,0,0,0,0,0,0,0,0,0,0
550,tnc52,17.8086562985,2015,1,1,0,0,0,0,0,0,0,0,0,0
571,pl453,29.9020313605,2015,1,1,0,0,0,0,0,0,0,0,0,0
572,pl450,50.1977773749,2015,1,1,0,0,0,0,0,0,0,0,0,0
927,pl713,34.7055588943,2015,1,1,0,0,0,0,0,0,0,0,0,0
928,pl714,34.8091066817,2015,1,1,0,0,0,0,0,0,0,0,0,0
12,su911,95.2733872166,2015,0,0,1,1,0,0,0,0,0,0,0,0
18,yu337,151.881971747,2015,0,0,1,0,0,0,0,0,0,0,0,0
20,co4682,12.5724780129,2015,0,0,1,1,1,0,0,0,0,0,0,0
23,co4681,32.5466820474,2015,0,0,1,1,1,0,0,0,0,0,0,0
27,pl12,16.1715434246,2015,0,0,1,1,1,0,0,0,0,0,0,0
41,tnc3,79.2081940804,2015,0,0,1,1,0,0,0,0,0,0,0,0
80,co1802,101.293688649,2015,0,0,1,1,1,0,0,0,0,0,0,0
85,yo5460,225.220071732,2015,0,0,1,1,1,0,0,0,0,0,0,0
114,tnc5,121.471550666,2015,0,0,1,0,0,0,0,0,0,0,0,0
115,tnc6,33.071554801,2015,0,0,1,0,0,0,0,0,0,0,0,0
210,yo2868,260.565461422,2015,0,0,1,0,0,0,0,0,0,0,0,0
257,tnc122,35.9784345121,2015,0,0,1,1,1,1,0,0,0,0,0,0
261,co1804,161.116477269,2015,0,0,1,1,0,0,0,0,0,0,0,0
301,pl6,15.2739408264,2015,0,0,1,1,1,0,0,0,0,0,0,0
302,pl8,10.7915630004,2015,0,0,1,1,1,0,0,0,0,0,0,0
303,pl9,10.6090642396,2015,0,0,1,1,1,0,0,0,0,0,0,0
304,pl10,12.5206520657,2015,0,0,1,1,1,0,0,0,0,0,0,0
305,pl11,10.9609772401,2015,0,0,1,1,1,0,0,0,0,0,0,0
306,pl5,12.6173798411,2015,0,0,1,1,1,0,0,0,0,0,0,0
307,pl7,10.6459740756,2015,0,0,1,1,1,0,0,0,0,0,0,0
370,co1798,120.088478674,2015,0,0,1,1,1,0,0,0,0,0,0,0
371,co1799,115.582690134,2015,0,0,1,1,1,0,0,0,0,0,0,0
372,co1800,117.600485168,2015,0,0,1,1,1,0,0,0,0,0,0,0
373,co1801,115.29671196,2015,0,0,1,1,1,0,0,0,0,0,0,0
374,co1803,80.3287912443,2015,0,0,1,1,1,0,0,0,0,0,0,0
388,tnc29,20.9642100566,2015,0,0,1,1,0,0,0,0,0,0,0,0
389,tnc30,12.1577105398,2015,0,0,1,1,0,0,0,0,0,0,0,0
430,tnc34,12.7298406529,2015,0,0,1,1,0,0,0,0,0,0,0,0
431,tnc35,4.83704063957,2015,0,0,1,1,0,0,0,0,0,0,0,0
432,tnc36,6.24850119348,2015,0,0,1,1,0,0,0,0,0,0,0,0
433,tnc37,4.09651197737,2015,0,0,1,1,0,0,0,0,0,0,0,0
440,yo2867,135.019538457,2015,0,0,1,0,0,0,0,0,0,0,0,0
441,yo2866,128.311717261,2015,0,0,1,0,0,0,0,0,0,0,0,0
483,tnc123,4.40514861676,2015,0,0,1,1,1,0,0,0,0,0,0,0
484,tnc124,22.1909514673,2015,0,0,1,1,1,0,0,0,0,0,0,0
485,tnc125,7.78189140741,2015,0,0,1,1,1,1,0,0,0,0,0,0
503,su1912,118.301604941,2015,0,0,1,1,1,0,0,0,0,0,0,0
504,su1909,132.287113559,2015,0,0,1,1,1,0,0,0,0,0,0,0
530,yo5459,149.966445523,2015,0,0,1,1,1,0,0,0,0,0,0,0
642,su1911,80.7043947949,2015,0,0,1,1,1,0,0,0,0,0,0,0
643,su1910,123.600553627,2015,0,0,1,1,1,0,0,0,0,0,0,0
644,su1908,132.0314677,2015,0,0,1,1,1,0,0,0,0,0,0,0
758,tnc146,146.222317326,2015,0,0,1,1,0,0,0,0,0,0,0,0
759,tnc147,149.300940668,2015,0,0,1,1,0,0,0,0,0,0,0,0
760,yo5578,131.4981242,2015,0,0,1,1,0,0,0,0,0,0,0,0
761,tnc144,155.140713859,2015,0,0,1,1,0,0,0,0,0,0,0,0
762,tnc145,150.258197942,2015,0,0,1,1,0,0,0,0,0,0,0,0
763,yo5577,66.860273864,2015,0,0,1,1,0,0,0,0,0,0,0,0
819,co4667,20.7699279735,2015,0,0,1,1,1,0,0,0,0,0,0,0
820,co4668,21.9441741043,2015,0,0,1,1,1,0,0,0,0,0,0,0
821,co4669,22.0667204167,2015,0,0,1,1,1,0,0,0,0,0,0,0
822,co4672,23.4684173958,2015,0,0,1,1,1,0,0,0,0,0,0,0
823,co4670,24.8441573582,2015,0,0,1,1,1,0,0,0,0,0,0,0
824,co4671,24.7078762245,2015,0,0,1,1,1,0,0,0,0,0,0,0
825,co4673,20.2557702893,2015,0,0,1,1,1,0,0,0,0,0,0,0
826,co4680,33.2527471178,2015,0,0,1,1,1,0,0,0,0,0,0,0
827,co4674,15.9438647599,2015,0,0,1,1,1,0,0,0,0,0,0,0
9,su642,41.2545982928,2015,0,0,0,0,0,0,0,0,1,0,0,0
31,co575,122.765533515,2015,0,0,0,0,0,0,0,0,0,0,0,1
65,su3297,72.3224182852,2015,0,0,0,0,0,0,0,0,1,0,0,0
66,su3296,116.45195462,2015,0,0,0,0,0,0,0,0,1,0,0,0
86,su3428,159.151838341,2015,0,0,0,0,0,0,0,0,0,1,0,0
87,su3429,140.346714123,2015,0,0,0,0,0,0,0,0,0,1,0,0
89,su3427,162.836986175,2015,0,0,0,0,0,0,0,0,0,1,0,0
90,su3419,109.95213978,2015,0,0,0,0,0,0,0,0,0,0,1,0
92,su3422,103.620250519,2015,0,0,0,0,0,0,0,0,0,0,1,0
97,bu3003,173.470524747,2015,0,0,0,0,0,0,0,0,0,0,0,1
98,bu1278,172.740577492,2015,0,0,0,0,0,0,0,0,0,0,0,1
99,bu3385,116.791304897,2015,0,0,0,0,0,0,0,0,0,0,0,1
100,bu3380,71.8948691856,2015,0,0,0,0,0,0,0,0,0,0,0,1
101,bu3382,92.8925830211,2015,0,0,0,0,0,0,0,0,0,0,1,0
102,bu5781,135.189433986,2015,0,0,0,0,0,0,0,0,0,0,1,0
103,bu5780,105.888874041,2015,0,0,0,0,0,0,0,0,0,0,0,1
104,bu5123,149.409148591,2015,0,0,0,0,0,0,0,0,0,0,1,0
108,co5348,29.9774772356,2015,0,0,0,0,0,0,0,0,0,0,1,0
109,co2478,59.4512290926,2015,0,0,0,0,0,0,0,0,0,0,1,0
110,co966,87.217368092,2015,0,0,0,0,0,0,0,0,0,0,1,0
113,co185,51.5580889985,2015,0,0,0,0,0,0,0,0,0,0,1,0
137,yu2804,105.656518356,2015,0,0,0,0,0,0,0,0,0,1,0,0
139,yu2008,53.6441363563,2015,0,0,0,0,0,0,0,0,0,0,1,0
144,yu2004,54.8771526798,2015,0,0,0,0,0,0,0,0,0,0,1,0
145,yu2007,43.2466548077,2015,0,0,0,0,0,0,0,0,0,0,1,0
148,yu2001,40.4595689081,2015,0,0,0,0,0,0,0,0,0,0,1,0
149,yu2472,51.9801878859,2015,0,0,0,0,0,0,0,0,0,1,0,0
152,yu2469,75.1428047258,2015,0,0,0,0,0,0,0,0,0,1,0,0
153,yu2464,70.7327629713,2015,0,0,0,0,0,0,0,0,0,1,0,0
154,yu894,21.0832391668,2015,0,0,0,0,0,0,0,0,0,1,0,0
157,yu2420,24.2151626877,2015,0,0,0,0,0,0,0,0,0,0,1,0
158,yu2413,34.4083009237,2015,0,0,0,0,0,0,0,0,0,0,1,0
159,yu2410,23.5303845391,2015,0,0,0,0,0,0,0,0,0,0,1,0
162,yu2418,45.1008742092,2015,0,0,0,0,0,0,0,0,0,0,1,0
168,yu1668,90.472257735,2015,0,0,0,0,0,0,0,0,0,0,1,0
169,yu1669,106.568066734,2015,0,0,0,0,0,0,0,0,0,0,1,0
210,yo2868,260.565461422,2015,0,0,0,0,0,0,0,0,0,0,1,0
220,yo3036,162.654422808,2015,0,0,0,0,0,0,0,0,0,0,1,0
229,pl716,39.4669439354,2015,0,0,0,0,0,0,0,0,0,0,0,1
230,pl710,147.162690227,2015,0,0,0,0,0,0,0,0,0,0,0,1
231,pl451,74.1222285465,2015,0,0,0,0,0,0,0,0,0,0,0,1
254,co2270,271.721483097,2015,0,0,0,0,0,0,0,0,1,0,0,0
292,co2312,381.924729439,2015,0,0,0,0,0,0,0,0,0,0,0,1
300,su3426,151.409954263,2015,0,0,0,0,0,0,0,0,0,1,0,0
314,yu2940,24.5320476553,2015,0,0,0,0,0,0,0,0,0,0,1,0
330,yu2473,36.0432717928,2015,0,0,0,0,0,0,0,0,0,1,0,0
331,yu2006,39.6772414246,2015,0,0,0,0,0,0,0,0,0,0,1,0
340,co186,17.9401350764,2015,0,0,0,0,0,0,0,0,0,0,1,0
411,co574,84.3348723333,2015,0,0,0,0,0,0,0,0,0,0,0,1
423,yo4639,410.833938403,2015,0,0,0,0,0,0,0,1,0,0,0,0
440,yo2867,135.019538457,2015,0,0,0,0,0,0,0,0,0,0,1,0
441,yo2866,128.311717261,2015,0,0,0,0,0,0,0,0,0,0,1,0
442,yo3038,153.28633418,2015,0,0,0,0,0,0,0,0,0,0,1,0
469,bu3387,90.242206517,2015,0,0,0,0,0,0,0,0,0,0,1,0
470,bu3386,89.5373390029,2015,0,0,0,0,0,0,0,0,0,0,0,1
471,bu3384,44.5814563573,2015,0,0,0,0,0,0,0,0,0,0,0,1
472,bu3378,69.7175523269,2015,0,0,0,0,0,0,0,0,0,0,0,1
473,bu3379,45.870798543,2015,0,0,0,0,0,0,0,0,0,0,0,1
474,bu3383,54.4715785416,2015,0,0,0,0,0,0,0,0,0,0,0,1
475,bu3381,67.1480767555,2015,0,0,0,0,0,0,0,0,0,0,0,1
476,bu2301,33.3808967339,2015,0,0,0,0,0,0,0,0,0,0,1,0
477,bu1275,103.669691686,2015,0,0,0,0,0,0,0,0,0,0,0,1
486,co4600,18.094969753,2015,0,0,0,0,0,0,0,0,0,0,0,1
487,co4602,12.3258383335,2015,0,0,0,0,0,0,0,0,0,0,0,1
488,co4601,13.0531408018,2015,0,0,0,0,0,0,0,0,0,0,0,1
489,co4603,27.3097041474,2015,0,0,0,0,0,0,0,0,0,0,0,1
490,co4604,27.760148704,2015,0,0,0,0,0,0,0,0,0,0,0,1
491,co4605,27.0435278313,2015,0,0,0,0,0,0,0,0,0,0,0,1
492,co4606,18.3966186565,2015,0,0,0,0,0,0,0,0,0,0,0,1
493,co5788,28.3975955511,2015,0,0,0,0,0,0,0,0,0,0,0,1
494,co5786,34.6673445703,2015,0,0,0,0,0,0,0,0,0,0,0,1
504,su1909,132.287113559,2015,0,0,0,0,0,0,0,1,0,0,0,0
571,pl453,29.9020313605,2015,0,0,0,0,0,0,0,0,0,0,0,1
643,su1910,123.600553627,2015,0,0,0,0,0,0,0,1,0,0,0,0
644,su1908,132.0314677,2015,0,0,0,0,0,0,0,1,0,0,0,0
928,pl714,34.8091066817,2015,0,0,0,0,0,0,0,0,0,0,0,1
956,su3420,24.7889826687,2015,0,0,0,0,0,0,0,0,0,0,1,0
957,su3421,27.2443126773,2015,0,0,0,0,0,0,0,0,0,0,1,0
958,su3424,31.7054380876,2015,0,0,0,0,0,0,0,0,0,0,1,0
3,bu1648,140.392488077,2016,0,0,1,1,0,0,0,0,0,0,0,0
4,bu2458,131.980514788,2016,0,0,1,1,0,0,0,0,0,0,0,0
5,bu894,106.810386732,2016,0,0,1,1,0,0,0,0,0,0,0,0
27,pl12,16.1715434246,2016,0,0,1,1,1,0,0,0,0,0,0,0
28,co580,134.950083421,2016,0,0,1,1,1,0,0,0,0,0,0,0
29,co577,141.75137325,2016,0,0,1,1,1,0,0,0,0,0,0,0
31,co575,122.765533515,2016,0,0,1,1,1,0,0,0,0,0,0,0
39,tnc1,23.7710727641,2016,0,0,1,1,1,1,0,0,0,0,0,0
40,tnc2,23.708902743,2016,0,0,1,1,1,1,0,0,0,0,0,0
41,tnc3,79.2081940804,2016,0,0,1,1,1,1,0,0,0,0,0,0
55,yo5457,218.994127743,2016,0,0,1,1,1,0,0,0,0,0,0,0
57,yo5456,262.766600171,2016,0,0,1,1,1,0,0,0,0,0,0,0
59,yo5462,260.057206569,2016,0,0,1,1,1,0,0,0,0,0,0,0
60,yo5461,224.435496738,2016,0,0,1,1,1,0,0,0,0,0,0,0
71,su939,18.0202796558,2016,0,0,1,1,1,0,0,0,0,0,0,0
72,su935,155.38634728,2016,0,0,1,1,1,0,0,0,0,0,0,0
73,su936,56.4546453145,2016,0,0,1,1,1,0,0,0,0,0,0,0
74,su921,79.9272698359,2016,0,0,1,1,1,0,0,0,0,0,0,0
124,pl663,32.336906604,2016,0,0,1,1,1,1,1,0,0,0,0,0
130,co6618,90.255815881,2016,0,0,1,1,1,1,0,0,0,0,0,0
131,co6673,106.096079018,2016,0,0,1,1,1,1,0,0,0,0,0,0
164,yu1670,108.402656719,2016,0,0,1,1,1,0,0,0,0,0,0,0
179,bu6804,152.978754955,2016,0,0,1,1,1,0,0,0,0,0,0,0
188,su1320,146.12627056,2016,0,0,1,1,1,0,0,0,0,0,0,0
267,yo3463,153.38046377,2016,0,0,1,1,1,0,0,0,0,0,0,0
268,yo3442,123.735095366,2016,0,0,1,1,1,0,0,0,0,0,0,0
274,co4396,300.562043697,2016,0,0,1,1,1,1,0,0,0,0,0,0
279,gl6932,49.4692842933,2016,0,0,1,1,1,1,0,0,0,0,0,0
280,gl6926,26.1302350407,2016,0,0,1,1,1,1,0,0,0,0,0,0
301,pl6,15.2739408264,2016,0,0,1,1,1,0,0,0,0,0,0,0
302,pl8,10.7915630004,2016,0,0,1,1,1,0,0,0,0,0,0,0
303,pl9,10.6090642396,2016,0,0,1,1,1,0,0,0,0,0,0,0
304,pl10,12.5206520657,2016,0,0,1,1,1,0,0,0,0,0,0,0
305,pl11,10.9609772401,2016,0,0,1,1,1,0,0,0,0,0,0,0
306,pl5,12.6173798411,2016,0,0,1,1,1,0,0,0,0,0,0,0
307,pl7,10.6459740756,2016,0,0,1,1,1,0,0,0,0,0,0,0
309,yu1680,80.6853909098,2016,0,0,1,1,1,0,0,0,0,0,0,0
360,yo3449,199.438346239,2016,0,0,1,1,1,0,0,0,0,0,0,0
361,yo3448,197.650602725,2016,0,0,1,1,1,0,0,0,0,0,0,0
362,yo3447,412.235835066,2016,0,0,1,1,1,0,0,0,0,0,0,0
363,yo3453,29.3990320086,2016,0,0,1,1,1,0,0,0,0,0,0,0
364,yo3454,175.223716119,2016,0,0,1,1,1,0,0,0,0,0,0,0
365,yo3455,167.312383881,2016,0,0,1,1,1,0,0,0,0,0,0,0
366,yo3464,127.529600424,2016,0,0,1,1,1,0,0,0,0,0,0,0
384,tnc25,9.81315716484,2016,0,0,1,1,1,1,0,0,0,0,0,0
385,tnc26,18.3461723302,2016,0,0,1,1,1,1,0,0,0,0,0,0
386,tnc27,32.4709970023,2016,0,0,1,1,1,1,0,0,0,0,0,0
387,tnc28,30.957426371,2016,0,0,1,1,1,1,0,0,0,0,0,0
388,tnc29,20.9642100566,2016,0,0,1,1,1,1,0,0,0,0,0,0
389,tnc30,12.1577105398,2016,0,0,1,1,1,1,0,0,0,0,0,0
390,tnc31,36.4265679745,2016,0,0,1,1,1,1,0,0,0,0,0,0
428,tnc32,31.7201570415,2016,0,0,1,1,1,1,0,0,0,0,0,0
429,tnc33,4.70455113374,2016,0,0,1,1,1,1,0,0,0,0,0,0
430,tnc34,12.7298406529,2016,0,0,1,1,1,1,0,0,0,0,0,0
431,tnc35,4.83704063957,2016,0,0,1,1,1,1,0,0,0,0,0,0
432,tnc36,6.24850119348,2016,0,0,1,1,1,1,0,0,0,0,0,0
433,tnc37,4.09651197737,2016,0,0,1,1,1,1,0,0,0,0,0,0
434,tnc38,20.2722102366,2016,0,0,1,1,1,1,0,0,0,0,0,0
435,tnc39,20.5078650976,2016,0,0,1,1,1,1,0,0,0,0,0,0
436,tnc40,10.0132768634,2016,0,0,1,1,1,1,0,0,0,0,0,0
437,tnc41,19.8137326358,2016,0,0,1,1,1,1,0,0,0,0,0,0
438,tnc42,9.09343238719,2016,0,0,1,1,1,1,0,0,0,0,0,0
439,tnc43,16.8736649377,2016,0,0,1,1,1,1,0,0,0,0,0,0
521,tnc45,16.4810304534,2016,0,0,1,1,1,1,0,0,0,0,0,0
522,tnc46,6.1140686323,2016,0,0,1,1,1,1,0,0,0,0,0,0
528,co581,174.803776391,2016,0,0,1,1,1,0,0,0,0,0,0,0
672,bu1934,268.761377497,2016,0,0,1,1,0,0,0,0,0,0,0,0
673,yo3934,173.003871651,2016,0,0,1,1,1,0,0,0,0,0,0,0
758,tnc146,146.222317326,2016,0,0,1,1,0,0,0,0,0,0,0,0
759,tnc147,149.300940668,2016,0,0,1,1,0,0,0,0,0,0,0,0
760,yo5578,131.4981242,2016,0,0,1,1,0,0,0,0,0,0,0,0
761,tnc144,155.140713859,2016,0,0,1,1,0,0,0,0,0,0,0,0
929,gl6921,51.8584474541,2016,0,0,1,1,1,1,0,0,0,0,0,0
930,gl6922,49.7918958185,2016,0,0,1,1,1,1,0,0,0,0,0,0
931,gl6923,50.3907843176,2016,0,0,1,1,1,1,0,0,0,0,0,0
932,gl8934,10.0112751024,2016,0,0,1,1,1,1,0,0,0,0,0,0
933,gl8935,10.0467028273,2016,0,0,1,1,1,1,0,0,0,0,0,0
934,gl8936,20.1058336478,2016,0,0,1,1,1,1,0,0,0,0,0,0
935,gl8937,9.958910061,2016,0,0,1,1,1,1,0,0,0,0,0,0
936,gl6924,51.269639053,2016,0,0,1,1,1,1,0,0,0,0,0,0
937,gl8841,16.0562845856,2016,0,0,1,1,1,1,0,0,0,0,0,0
938,gl8842,16.2023398766,2016,0,0,1,1,1,1,0,0,0,0,0,0
939,gl8843,16.5993161158,2016,0,0,1,1,1,1,0,0,0,0,0,0
940,gl8844,15.234624258,2016,0,0,1,1,1,1,0,0,0,0,0,0
941,gl8845,16.5742101942,2016,0,0,1,1,1,1,0,0,0,0,0,0
942,gl8846,16.3889541038,2016,0,0,1,1,1,1,0,0,0,0,0,0
943,gl8847,9.89648556577,2016,0,0,1,1,1,1,0,0,0,0,0,0
944,gl8848,9.87220418581,2016,0,0,1,1,1,1,0,0,0,0,0,0
945,gl8849,9.64122975602,2016,0,0,1,1,1,1,0,0,0,0,0,0
946,gl8850,9.69314385083,2016,0,0,1,1,1,1,0,0,0,0,0,0
947,gl8851,10.158753494700001,2016,0,0,1,1,1,1,0,0,0,0,0,0
948,gl6927,17.2230286373,2016,0,0,1,1,1,1,0,0,0,0,0,0
949,gl6928,17.2710811726,2016,0,0,1,1,1,1,0,0,0,0,0,0
950,gl6929,17.0334432737,2016,0,0,1,1,1,1,0,0,0,0,0,0
951,gl6930,15.7073340367,2016,0,0,1,1,1,1,0,0,0,0,0,0
979,gl6926,23.1243487857,2016,0,0,1,1,1,1,0,0,0,0,0,0
9,su642,41.2545982928,2016,0,0,0,0,0,0,0,0,0,0,0,0
10,su637,58.7949076155,2016,0,0,0,0,0,0,0,0,0,0,0,0
41,tnc3,79.2081940804,2016,0,0,0,0,0,0,0,0,0,0,0,0
56,yo5453,125.327026077,2016,0,0,0,0,0,0,0,0,0,0,0,0
87,su3429,140.346714123,2016,0,0,0,0,0,0,0,0,0,0,0,0
95,bu2472,57.2838626674,2016,0,0,0,0,0,0,0,0,0,0,0,0
96,bu5971,77.0005979023,2016,0,0,0,0,0,0,0,0,0,0,0,0
101,bu3382,92.8925830211,2016,0,0,0,0,0,0,0,0,0,0,0,0
104,bu5123,149.409148591,2016,0,0,0,0,0,0,0,0,0,0,0,0
153,yu2464,70.7327629713,2016,0,0,0,0,0,0,0,0,0,0,0,0
154,yu894,21.0832391668,2016,0,0,0,0,0,0,0,0,0,0,0,0
193,yo3053,109.242806573,2016,0,0,0,0,0,0,0,0,0,0,0,0
194,yo3054,178.803229886,2016,0,0,0,0,0,0,0,0,0,0,0,0
195,yo3055,211.054301601,2016,0,0,0,0,0,0,0,0,0,0,0,0
282,su954,65.4150147512,2016,0,0,0,0,0,0,0,0,0,0,0,0
283,su953,166.633482153,2016,0,0,0,0,0,0,0,0,0,0,0,0
339,tnc22,13.6363386429,2016,0,0,0,0,0,0,0,0,0,0,0,0
388,tnc29,20.9642100566,2016,0,0,0,0,0,0,0,0,0,0,0,0
389,tnc30,12.1577105398,2016,0,0,0,0,0,0,0,0,0,0,0,0
390,tnc31,36.4265679745,2016,0,0,0,0,0,0,0,0,0,0,0,0
428,tnc32,31.7201570415,2016,0,0,0,0,0,0,0,0,0,0,0,0
429,tnc33,4.70455113374,2016,0,0,0,0,0,0,0,0,0,0,0,0
430,tnc34,12.7298406529,2016,0,0,0,0,0,0,0,0,0,0,0,0
431,tnc35,4.83704063957,2016,0,0,0,0,0,0,0,0,0,0,0,0
432,tnc36,6.24850119348,2016,0,0,0,0,0,0,0,0,0,0,0,0
433,tnc37,4.09651197737,2016,0,0,0,0,0,0,0,0,0,0,0,0
469,bu3387,90.242206517,2016,0,0,0,0,0,0,0,0,0,0,0,0
470,bu3386,89.5373390029,2016,0,0,0,0,0,0,0,0,0,0,0,0
602,bu816,107.072248842,2016,0,0,0,0,0,0,0,0,0,0,0,0
603,su1124,81.1501733304,2016,0,0,0,0,0,0,0,0,0,0,0,0
604,su1125,37.9597132525,2016,0,0,0,0,0,0,0,0,0,0,0,0
606,bu1672,114.797647051,2016,0,0,0,0,0,0,0,0,0,0,0,0
607,bu1670,105.161911859,2016,0,0,0,0,0,0,0,0,0,0,0,0
609,su1383,148.744995878,2016,0,0,0,0,0,0,0,0,0,0,0,0
610,su4539,68.9474458765,2016,0,0,0,0,0,0,0,0,0,0,0,0
613,yo3060,169.749251948,2016,0,0,0,0,0,0,0,0,0,0,0,0
618,su641,44.4713065447,2016,0,0,0,0,0,0,0,0,0,0,0,0
619,su4061,87.7904645478,2016,0,0,0,0,0,0,0,0,0,0,0,0
624,bu2043,104.628469331,2016,0,0,0,0,0,0,0,0,0,0,0,0
625,bu5807,102.320646022,2016,0,0,0,0,0,0,0,0,0,0,0,0
626,tnc53,101.586452613,2016,0,0,0,0,0,0,0,0,0,0,0,0
655,co187,31.8512498529,2016,0,0,0,0,0,0,0,0,0,0,0,0
657,bu2465,112.704243176,2016,0,0,0,0,0,0,0,0,0,0,0,0
661,yo1105,48.3961873565,2016,0,0,0,0,0,0,0,0,0,0,0,0
662,yo1129,144.744477677,2016,0,0,0,0,0,0,0,0,0,0,0,0
663,yo3998,103.054913734,2016,0,0,0,0,0,0,0,0,0,0,0,0
664,yo3999,148.073103316,2016,0,0,0,0,0,0,0,0,0,0,0,0
665,yo4002,59.3616039783,2016,0,0,0,0,0,0,0,0,0,0,0,0
666,tnc109,84.3297302278,2016,0,0,0,0,0,0,0,0,0,0,0,0
667,tnc110,82.0279100888,2016,0,0,0,0,0,0,0,0,0,0,0,0
670,tnc138,51.1432965293,2016,0,0,0,0,0,0,0,0,0,0,0,0
714,tnc55,209.427516295,2016,0,0,0,0,0,0,0,0,0,0,0,0
21,co4691,25.3438621658,2017,0,0,1,1,0,0,0,0,0,0,0,0
27,pl12,16.1715434246,2017,0,0,1,1,1,0,0,0,0,0,0,0
32,co5487,31.1793765249,2017,0,0,1,1,1,0,0,0,0,0,0,0
33,co5488,90.0335416158,2017,0,0,1,1,1,0,0,0,0,0,0,0
34,co5486,181.28119123,2017,0,0,1,1,1,0,0,0,0,0,0,0
35,co5484,138.483038103,2017,0,0,1,1,1,0,0,0,0,0,0,0
80,co1802,101.293688649,2017,0,0,1,1,0,0,0,0,0,0,0,0
141,yu2478,89.8871896753,2017,0,0,1,1,1,1,0,0,0,0,0,0
146,yu2471,12.3954156469,2017,0,0,1,1,1,1,0,0,0,0,0,0
152,yu2469,75.1428047258,2017,0,0,1,1,1,1,0,0,0,0,0,0
179,bu6804,152.978754955,2017,0,0,1,1,0,0,0,0,0,0,0,0
188,su1320,146.12627056,2017,0,0,1,1,1,0,0,0,0,0,0,0
301,pl6,15.2739408264,2017,0,0,1,1,1,0,0,0,0,0,0,0
302,pl8,10.7915630004,2017,0,0,1,1,1,0,0,0,0,0,0,0
303,pl9,10.6090642396,2017,0,0,1,1,1,0,0,0,0,0,0,0
304,pl10,12.5206520657,2017,0,0,1,1,1,0,0,0,0,0,0,0
305,pl11,10.9609772401,2017,0,0,1,1,1,0,0,0,0,0,0,0
306,pl5,12.6173798411,2017,0,0,1,1,1,0,0,0,0,0,0,0
307,pl7,10.6459740756,2017,0,0,1,1,1,0,0,0,0,0,0,0
337,yu1850,96.5131826358,2017,0,0,1,1,1,0,0,0,0,0,0,0
338,yu1849,58.7506041788,2017,0,0,1,1,1,0,0,0,0,0,0,0
373,co1801,115.29671196,2017,0,0,1,1,0,0,0,0,0,0,0,0
374,co1803,80.3287912443,2017,0,0,1,1,0,0,0,0,0,0,0,0
660,bu1871,86.8681298136,2017,0,0,1,1,0,0,0,0,0,0,0,0
735,bu1641,119.67912042,2017,0,0,1,1,1,0,0,0,0,0,0,0
747,su3977,114.420601626,2017,0,0,1,1,1,1,0,0,0,0,0,0
748,su3978,93.805679307,2017,0,0,1,1,1,1,0,0,0,0,0,0
758,tnc146,146.222317326,2017,0,0,1,1,0,0,0,0,0,0,0,0
759,tnc147,149.300940668,2017,0,0,1,1,0,0,0,0,0,0,0,0
760,yo5578,131.4981242,2017,0,0,1,1,0,0,0,0,0,0,0,0
761,tnc144,155.140713859,2017,0,0,1,1,0,0,0,0,0,0,0,0
789,tnc81,140.01166362,2017,0,0,1,1,1,0,0,0,0,0,0,0
790,tnc82,147.320769577,2017,0,0,1,1,1,0,0,0,0,0,0,0
791,su922,147.199573629,2017,0,0,1,1,1,0,0,0,0,0,0,0
809,tnc99,90.5641867558,2017,0,0,1,1,0,0,0,0,0,0,0,0
819,co4667,20.7699279735,2017,0,0,1,1,0,0,0,0,0,0,0,0
820,co4668,21.9441741043,2017,0,0,1,1,0,0,0,0,0,0,0,0
821,co4669,22.0667204167,2017,0,0,1,1,0,0,0,0,0,0,0,0
822,co4672,23.4684173958,2017,0,0,1,1,0,0,0,0,0,0,0,0
823,co4670,24.8441573582,2017,0,0,1,1,0,0,0,0,0,0,0,0
824,co4671,24.7078762245,2017,0,0,1,1,0,0,0,0,0,0,0,0
825,co4673,20.2557702893,2017,0,0,1,1,0,0,0,0,0,0,0,0
827,co4674,15.9438647599,2017,0,0,1,1,0,0,0,0,0,0,0,0
829,co4693,23.0202864733,2017,0,0,1,1,0,0,0,0,0,0,0,0
830,co4692,24.1181907296,2017,0,0,1,1,0,0,0,0,0,0,0,0
831,co4689,24.8724484211,2017,0,0,1,1,0,0,0,0,0,0,0,0
832,co4690,23.6662662249,2017,0,0,1,1,0,0,0,0,0,0,0,0
833,co4694,25.2130933665,2017,0,0,1,1,0,0,0,0,0,0,0,0
20,co4682,12.5724780129,2017,0,0,0,0,0,0,0,1,1,0,0,0
21,co4691,25.3438621658,2017,0,0,0,0,0,0,0,1,1,0,0,0
39,tnc1,23.7710727641,2017,0,0,0,0,0,0,0,0,1,1,0,0
55,yo5457,218.994127743,2017,0,0,0,0,0,0,0,0,1,1,0,0
57,yo5456,262.766600171,2017,0,0,0,0,0,0,0,0,1,1,0,0
95,bu2472,57.2838626674,2017,0,0,0,0,0,0,0,0,0,0,1,1
96,bu5971,77.0005979023,2017,0,0,0,0,0,0,0,0,0,0,1,1
137,yu2804,105.656518356,2017,0,0,0,0,0,0,0,0,0,0,1,1
149,yu2472,51.9801878859,2017,0,0,0,0,0,0,0,0,0,0,1,1
153,yu2464,70.7327629713,2017,0,0,0,0,0,0,0,0,0,0,1,1
154,yu894,21.0832391668,2017,0,0,0,0,0,0,0,0,0,0,1,1
168,yu1668,90.472257735,2017,0,0,0,0,0,0,0,0,0,0,1,1
308,yu1671,98.6059324479,2017,0,0,0,0,0,0,0,0,0,0,1,1
339,tnc22,13.6363386429,2017,0,0,0,0,0,0,0,0,0,0,1,1
351,co977,147.448581195,2017,0,0,0,0,0,0,0,1,1,0,0,0
385,tnc26,18.3461723302,2017,0,0,0,0,0,0,0,0,1,1,0,0
386,tnc27,32.4709970023,2017,0,0,0,0,0,0,0,0,1,1,0,0
387,tnc28,30.957426371,2017,0,0,0,0,0,0,0,0,1,1,0,0
521,tnc45,16.4810304534,2017,0,0,0,0,0,0,0,0,1,1,0,0
522,tnc46,6.1140686323,2017,0,0,0,0,0,0,0,0,1,1,0,0
597,yu1651,39.2297084317,2017,0,0,0,0,0,0,0,0,0,0,1,1
598,yu1650,45.8922651463,2017,0,0,0,0,0,0,0,0,0,0,1,1
599,yu1652,37.8614947874,2017,0,0,0,0,0,0,0,0,0,0,1,1
682,co687,111.951563049,2017,0,0,0,0,0,0,0,0,1,1,0,0
705,co1025,75.7737230307,2017,0,0,0,0,0,0,0,0,0,0,1,1
819,co4667,20.7699279735,2017,0,0,0,0,0,0,0,1,1,0,0,0
820,co4668,21.9441741043,2017,0,0,0,0,0,0,0,1,1,0,0,0
821,co4669,22.0667204167,2017,0,0,0,0,0,0,0,1,1,0,0,0
822,co4672,23.4684173958,2017,0,0,0,0,0,0,0,1,1,0,0,0
823,co4670,24.8441573582,2017,0,0,0,0,0,0,0,1,1,0,0,0
824,co4671,24.7078762245,2017,0,0,0,0,0,0,0,1,1,0,0,0
825,co4673,20.2557702893,2017,0,0,0,0,0,0,0,1,1,0,0,0
827,co4674,15.9438647599,2017,0,0,0,0,0,0,0,1,1,0,0,0
829,co4693,23.0202864733,2017,0,0,0,0,0,0,0,1,1,0,0,0
830,co4692,24.1181907296,2017,0,0,0,0,0,0,0,1,1,0,0,0
831,co4689,24.8724484211,2017,0,0,0,0,0,0,0,1,1,0,0,0
832,co4690,23.6662662249,2017,0,0,0,0,0,0,0,1,1,0,0,0
833,co4694,25.2130933665,2017,0,0,0,0,0,0,0,1,1,0,0,0
969,co1011,71.3986021648,2017,0,0,0,0,0,0,0,0,0,0,1,1
974,co4395,51.8675618929,2017,0,0,0,0,0,0,0,1,1,0,0,0
975,co4396,53.648605301,2017,0,0,0,0,0,0,0,1,1,0,0,0
976,co4397,16.9621540662,2017,0,0,0,0,0,0,0,1,1,0,0,0
977,co4398,19.8975980078,2017,0,0,0,0,0,0,0,1,1,0,0,0
978,co6251,51.2856051509,2017,0,0,0,0,0,0,0,1,1,0,0,0
980,su5101,118.423778084,2017,0,0,0,0,0,0,0,0,0,0,1,1
998,su2813,55.9676443185,2017,0,0,0,0,0,0,0,0,1,1,0,0
999,su2814,57.6535516556,2017,0,0,0,0,0,0,0,0,1,1,0,0
4,bu2458,131.980514788,2018,0,0,0,0,0,0,0,0,0,0,0,0
28,co580,134.950083421,2018,0,0,0,0,0,0,0,0,0,0,0,0
29,co577,141.75137325,2018,0,0,0,0,0,0,0,0,0,0,0,0
31,co575,122.765533515,2018,0,0,0,0,0,0,0,0,0,0,0,0
32,co5487,31.1793765249,2018,0,0,0,0,0,0,0,0,0,0,0,0
33,co5488,90.0335416158,2018,0,0,0,0,0,0,0,0,0,0,0,0
34,co5486,181.28119123,2018,0,0,0,0,0,0,0,0,0,0,0,0
35,co5484,138.483038103,2018,0,0,0,0,0,0,0,0,0,0,0,0
36,co5485,137.686043769,2018,0,0,0,0,0,0,0,0,0,0,0,0
141,yu2478,89.8871896753,2018,0,0,0,0,0,0,0,0,0,0,0,0
142,yu2794,35.5566494097,2018,0,0,0,0,0,0,0,0,0,0,0,0
143,yu2474,51.8320889889,2018,0,0,0,0,0,0,0,0,0,0,0,0
146,yu2471,12.3954156469,2018,0,0,0,0,0,0,0,0,0,0,0,0
147,yu2467,42.4571704501,2018,0,0,0,0,0,0,0,0,0,0,0,0
150,yu2465,37.5906493124,2018,0,0,0,0,0,0,0,0,0,0,0,0
152,yu2469,75.1428047258,2018,0,0,0,0,0,0,0,0,0,0,0,0
161,tnc11,51.7662441391,2018,0,0,0,0,0,0,0,0,0,0,0,0
171,yu2293,132.974901141,2018,0,0,0,0,0,0,0,0,0,0,0,0
291,tnc107,30.7757571974,2018,0,0,0,0,0,0,0,0,0,0,0,0
321,tnc17,24.6097341877,2018,0,0,0,0,0,0,0,0,0,0,0,0
325,tnc21,2.99733869341,2018,0,0,0,0,0,0,0,0,0,0,0,0
326,yu2463,18.6563266463,2018,0,0,0,0,0,0,0,0,0,0,0,0
327,yu2466,35.730359712,2018,0,0,0,0,0,0,0,0,0,0,0,0
330,yu2473,36.0432717928,2018,0,0,0,0,0,0,0,0,0,0,0,0
334,yu2292,56.921463738,2018,0,0,0,0,0,0,0,0,0,0,0,0
527,co578,95.0921759439,2018,0,0,0,0,0,0,0,0,0,0,0,0
528,co581,174.803776391,2018,0,0,0,0,0,0,0,0,0,0,0,0
541,tnc108,21.9089176108,2018,0,0,0,0,0,0,0,0,0,0,0,0
1040,tnc150,41.2954294659,2018,0,0,0,0,0,0,0,0,0,0,0,0
1045,tnc154,31.788886664,2018,0,0,0,0,0,0,0,0,0,0,0,0
1046,tnc155,28.1106861819,2018,0,0,0,0,0,0,0,0,0,0,0,0
1047,co4734,52.2617204926,2018,0,0,0,0,0,0,0,0,0,0,0,0
1048,tnc156,70.0162043804,2018,0,0,0,0,0,0,0,0,0,0,0,0
1049,tnc157,12.2199814765,2018,0,0,0,0,0,0,0,0,0,0,0,0
1050,tnc158,17.2751806256,2018,0,0,0,0,0,0,0,0,0,0,0,0
1051,tnc159,15.4310976733,2018,0,0,0,0,0,0,0,0,0,0,0,0
1053,co4378,98.06459095,2018,0,0,0,0,0,0,0,0,0,0,0,0
1054,tnc160,253.413607431,2018,0,0,0,0,0,0,0,0,0,0,0,0
1055,co6751,92.5979301797,2018,0,0,0,0,0,0,0,0,0,0,0,0
10,su637,58.7949076155,2018,0,0,0,0,0,0,0,0,1,1,0,0
86,su3428,159.151838341,2018,0,0,0,0,0,0,0,0,0,1,1,0
88,su4504,52.4281515935,2018,0,0,0,0,0,0,0,0,0,1,1,0
89,su3427,162.836986175,2018,0,0,0,0,0,0,0,0,0,1,1,0
91,su3267,314.283737345,2018,0,0,0,0,0,0,0,0,0,1,1,0
153,yu2464,70.7327629713,2018,0,0,0,0,0,0,0,0,0,1,1,0
154,yu894,21.0832391668,2018,0,0,0,0,0,0,0,0,0,1,1,0
300,su3426,151.409954263,2018,0,0,0,0,0,0,0,0,0,1,1,0
426,su3435,37.8440791602,2018,0,0,0,0,0,0,0,0,0,1,1,0
623,su3266,304.690399221,2018,0,0,0,0,0,0,0,0,0,1,1,0
969,co1011,71.3986021648,2018,0,0,0,0,0,0,0,0,1,1,0,0
1024,yo3377,96.3554147535,2018,0,0,0,0,0,0,0,0,1,1,0,0
1026,yo3379,34.4537492561,2018,0,0,0,0,0,0,0,0,1,1,0,0
1040,tnc150,41.2954294659,2018,0,0,0,0,0,0,0,0,1,1,0,0
1047,co4734,52.2617204926,2018,0,0,0,0,0,0,0,0,1,1,0,0
1053,co4378,98.06459095,2018,0,0,0,0,0,0,0,0,1,1,0,0
1058,tnc163,50.13690207,2018,0,0,0,0,0,0,0,0,1,1,0,0
1059,tnc164,56.6493278467,2018,0,0,0,0,0,0,0,0,1,1,0,0
1060,tnc165,85.4610371794,2018,0,0,0,0,0,0,0,0,1,1,0,0
1087,tnc192,134.694794711,2018,0,0,0,0,0,0,0,0,1,1,0,0
1132,co4400,43.5386812426,2018,0,0,0,0,0,0,0,0,1,1,0,0
1133,co4401,32.7055522381,2018,0,0,0,0,0,0,0,0,1,1,0,0
1134,co4399,20.9126711648,2018,0,0,0,0,0,0,0,0,1,1,0,0
