habitat,group,yday,available,accessible,added,returned,prop.accessible
br_fall,2013-14,1,0,0,0,0,1
br_fall,2013-14,2,0,0,0,0,1
br_fall,2013-14,3,0,0,0,0,1
br_fall,2013-14,4,0,0,0,0,1
br_fall,2013-14,5,0,0,0,0,1
br_fall,2013-14,6,0,0,0,0,1
br_fall,2013-14,7,0,0,0,0,1
br_fall,2013-14,8,0,0,0,0,1
br_fall,2013-14,9,0,0,0,0,1
br_fall,2013-14,10,0,0,0,0,1
br_fall,2013-14,11,0,0,0,0,1
br_fall,2013-14,12,0,0,0,0,1
br_fall,2013-14,13,0,0,0,0,1
br_fall,2013-14,14,0,0,0,0,1
br_fall,2013-14,15,0,0,0,0,1
br_fall,2013-14,16,0,0,0,0,1
br_fall,2013-14,17,0,0,0,0,1
br_fall,2013-14,18,0,0,0,0,1
br_fall,2013-14,19,0,0,0,0,1
br_fall,2013-14,20,0,0,0,0,1
br_fall,2013-14,21,0,0,0,0,1
br_fall,2013-14,22,0,0,0,0,1
br_fall,2013-14,23,0,0,0,0,1
br_fall,2013-14,24,0,0,0,0,1
br_fall,2013-14,25,0,0,0,0,1
br_fall,2013-14,26,0,0,0,0,1
br_fall,2013-14,27,0,0,0,0,1
br_fall,2013-14,28,0,0,0,0,1
br_fall,2013-14,29,0,0,0,0,1
br_fall,2013-14,30,0,0,0,0,1
br_fall,2013-14,31,0,0,0,0,1
br_fall,2013-14,32,0,0,0,0,1
br_fall,2013-14,33,0,0,0,0,1
br_fall,2013-14,34,0,0,0,0,1
br_fall,2013-14,35,0,0,0,0,1
br_fall,2013-14,36,0,0,0,0,1
br_fall,2013-14,37,0,0,0,0,1
br_fall,2013-14,38,0,0,0,0,1
br_fall,2013-14,39,0,0,0,0,1
br_fall,2013-14,40,0,0,0,0,1
br_fall,2013-14,41,0,0,0,0,1
br_fall,2013-14,42,0,0,0,0,1
br_fall,2013-14,43,0,0,0,0,1
br_fall,2013-14,44,0,0,0,0,1
br_fall,2013-14,45,0,0,0,0,1
br_fall,2013-14,46,0,0,0,0,0.7
br_fall,2013-14,47,0,0,0,0,0.7
br_fall,2013-14,48,0,0,0,0,0.7
br_fall,2013-14,49,0,0,0,0,0.7
br_fall,2013-14,50,0,0,0,0,0.7
br_fall,2013-14,51,0,0,0,0,0.7
br_fall,2013-14,52,0,0,0,0,0.7
br_fall,2013-14,53,0,0,0,0,0.7
br_fall,2013-14,54,0,0,0,0,0.7
br_fall,2013-14,55,0,0,0,0,0.7
br_fall,2013-14,56,0,0,0,0,0.7
br_fall,2013-14,57,0,0,0,0,0.7
br_fall,2013-14,58,0,0,0,0,0.7
br_fall,2013-14,59,0,0,0,0,0.7
br_fall,2013-14,60,0,0,0,0,0.7
br_fall,2013-14,61,0,0,0,0,0.7
br_fall,2013-14,62,0,0,0,0,0.7
br_fall,2013-14,63,0,0,0,0,0.7
br_fall,2013-14,64,0,0,0,0,0.7
br_fall,2013-14,65,0,0,0,0,0.7
br_fall,2013-14,66,0,0,0,0,0.7
br_fall,2013-14,67,0,0,0,0,0.7
br_fall,2013-14,68,0,0,0,0,0.7
br_fall,2013-14,69,0,0,0,0,0.7
br_fall,2013-14,70,0,0,0,0,0.7
br_fall,2013-14,71,0,0,0,0,0.7
br_fall,2013-14,72,0,0,0,0,0.7
br_fall,2013-14,73,0,0,0,0,0.7
br_fall,2013-14,74,0,0,0,0,0.7
br_fall,2013-14,75,0,0,0,0,0.7
br_fall,2013-14,76,0,0,0,0,0.7
br_fall,2013-14,77,0,0,0,0,0.7
br_fall,2013-14,78,0,0,0,0,0.7
br_fall,2013-14,79,0,0,0,0,0.7
br_fall,2013-14,80,0,0,0,0,0.7
br_fall,2013-14,81,0,0,0,0,0.7
br_fall,2013-14,82,0,0,0,0,0.7
br_fall,2013-14,83,0,0,0,0,0.7
br_fall,2013-14,84,0,0,0,0,0.7
br_fall,2013-14,85,0,0,0,0,0.7
br_fall,2013-14,86,0,0,0,0,0.7
br_fall,2013-14,87,0,0,0,0,0.7
br_fall,2013-14,88,0,0,0,0,0.7
br_fall,2013-14,89,0,0,0,0,0.7
br_fall,2013-14,90,0,0,0,0,0.7
br_fall,2013-14,91,0,0,0,0,0.7
br_fall,2013-14,92,0,0,0,0,0.7
br_fall,2013-14,93,0,0,0,0,0.7
br_fall,2013-14,94,0,0,0,0,0.70592554247249
br_fall,2013-14,95,0,0,0,0,0.7121820597809825
br_fall,2013-14,96,0,0,0,0,0.7187336280114909
br_fall,2013-14,97,0,0,0,0,0.7255443232500287
br_fall,2013-14,98,0,0,0,0,0.7325782215826097
br_fall,2013-14,99,0,0,0,0,0.739799399095247
br_fall,2013-14,100,0,0,0,0,0.7471719318739543
br_fall,2013-14,101,0,0,0,0,0.7546598960047451
br_fall,2013-14,102,0,0,0,0,0.762227367573633
br_fall,2013-14,103,0,0,0,0,0.7698384226666313
br_fall,2013-14,104,0,0,0,0,0.7774571373697536
br_fall,2013-14,105,0,0,0,0,0.7850475877690136
br_fall,2013-14,106,0,0,0,0,0.7925738499504246
br_fall,2013-14,107,0,0,0,0,0.8
br_fall,2013-14,108,0,0,0,0,0.8072949751635299
br_fall,2013-14,109,0,0,0,0,0.8144471573259091
br_fall,2013-14,110,0,0,0,0,0.821449789531809
br_fall,2013-14,111,0,0,0,0,0.8282961148259008
br_fall,2013-14,112,0,0,0,0,0.8349793762528559
br_fall,2013-14,113,0,0,0,0,0.8414928168573454
br_fall,2013-14,114,0,0,0,0,0.8478296796840409
br_fall,2013-14,115,0,0,0,0,0.8539832077776135
br_fall,2013-14,116,0,0,0,0,0.8599466441827344
br_fall,2013-14,117,0,0,0,0,0.865713231944075
br_fall,2013-14,118,0,0,0,0,0.8712762141063066
br_fall,2013-14,119,0,0,0,0,0.8766288337141006
br_fall,2013-14,120,0,0,0,0,0.8817643338121282
br_fall,2013-14,121,0,0,0,0,0.8866759574450606
br_fall,2013-14,122,0,0,0,0,0.8913569476575691
br_fall,2013-14,123,0,0,0,0,0.89580054749432525
br_fall,2013-14,124,0,0,0,0,0.9
br_fall,2013-14,125,0,0,0,0,0.9
br_fall,2013-14,126,0,0,0,0,0.9
br_fall,2013-14,127,0,0,0,0,0.9
br_fall,2013-14,128,0,0,0,0,0.9
br_fall,2013-14,129,0,0,0,0,0.9
br_fall,2013-14,130,0,0,0,0,0.9
br_fall,2013-14,131,0,0,0,0,0.9
br_fall,2013-14,132,0,0,0,0,0.9
br_fall,2013-14,133,0,0,0,0,0.9
br_fall,2013-14,134,0,0,0,0,0.9
br_fall,2013-14,135,0,0,0,0,0.9
br_fall,2013-14,136,0,0,0,0,0.9
br_fall,2013-14,137,0,0,0,0,0.9
br_fall,2013-14,138,0,0,0,0,0.9
br_fall,2013-14,139,0,0,0,0,0.9
br_fall,2013-14,140,0,0,0,0,0.9
br_fall,2013-14,141,0,0,0,0,0.9
br_fall,2013-14,142,0,0,0,0,0.9
br_fall,2013-14,143,0,0,0,0,0.9
br_fall,2013-14,144,0,0,0,0,0.9
br_fall,2013-14,145,0,0,0,0,0.9
br_fall,2013-14,146,0,0,0,0,0.9
br_fall,2013-14,147,0,0,0,0,0.9
br_fall,2013-14,148,0,0,0,0,0.9
br_fall,2013-14,149,0,0,0,0,0.9
br_fall,2013-14,150,0,0,0,0,0.9
br_fall,2013-14,151,0,0,0,0,0.9
br_fall,2013-14,152,0,0,0,0,0.9
br_fall,2013-14,153,0,0,0,0,0.9
br_fall,2013-14,154,0,0,0,0,1
br_fall,2013-14,155,0,0,0,0,1
br_fall,2013-14,156,0,0,0,0,1
br_fall,2013-14,157,0,0,0,0,1
br_fall,2013-14,158,0,0,0,0,1
br_fall,2013-14,159,0,0,0,0,1
br_fall,2013-14,160,0,0,0,0,1
br_fall,2013-14,161,0,0,0,0,1
br_fall,2013-14,162,0,0,0,0,1
br_fall,2013-14,163,0,0,0,0,1
br_fall,2013-14,164,0,0,0,0,1
br_fall,2013-14,165,0,0,0,0,1
br_fall,2013-14,166,0,0,0,0,1
br_fall,2013-14,167,0,0,0,0,1
br_fall,2013-14,168,0,0,0,0,1
br_fall,2013-14,169,0,0,0,0,1
br_fall,2013-14,170,0,0,0,0,1
br_fall,2013-14,171,0,0,0,0,1
br_fall,2013-14,172,0,0,0,0,1
br_fall,2013-14,173,0,0,0,0,1
br_fall,2013-14,174,0,0,0,0,1
br_fall,2013-14,175,0,0,0,0,1
br_fall,2013-14,176,0,0,0,0,1
br_fall,2013-14,177,0,0,0,0,1
br_fall,2013-14,178,0,0,0,0,1
br_fall,2013-14,179,0,0,0,0,1
br_fall,2013-14,180,0,0,0,0,1
br_fall,2013-14,181,0,0,0,0,1
br_fall,2013-14,182,0,0,0,0,1
br_fall,2013-14,183,0,0,0,0,1
br_fall,2013-14,184,0,0,0,0,1
br_spring,2013-14,185,0,0,0,0,0.7
br_spring,2013-14,186,0,0,0,0,0.7
br_spring,2013-14,187,0,0,0,0,0.7
br_spring,2013-14,188,0,0,0,0,0.7
br_spring,2013-14,189,0,0,0,0,0.7
br_spring,2013-14,190,0,0,0,0,0.7
br_spring,2013-14,191,0,0,0,0,0.7
br_spring,2013-14,192,0,0,0,0,0.7
br_spring,2013-14,193,0,0,0,0,0.7
br_spring,2013-14,194,0,0,0,0,0.7
br_spring,2013-14,195,0,0,0,0,0.7
br_spring,2013-14,196,0,0,0,0,0.7
br_spring,2013-14,197,0,0,0,0,0.7
br_spring,2013-14,198,0,0,0,0,0.7
br_spring,2013-14,199,0,0,0,0,0.7
br_spring,2013-14,200,0,0,0,0,0.7
br_spring,2013-14,201,0,0,0,0,0.7
br_spring,2013-14,202,0,0,0,0,0.7
br_spring,2013-14,203,0,0,0,0,0.7
br_spring,2013-14,204,0,0,0,0,0.7
br_spring,2013-14,205,0,0,0,0,0.7
br_spring,2013-14,206,0,0,0,0,0.7
br_spring,2013-14,207,0,0,0,0,0.7
br_spring,2013-14,208,0,0,0,0,0.7
br_spring,2013-14,209,0,0,0,0,0.7
br_spring,2013-14,210,0,0,0,0,0.7
br_spring,2013-14,211,0,0,0,0,0.7
br_spring,2013-14,212,0,0,0,0,0.7
br_spring,2013-14,213,0,0,0,0,0.7
br_spring,2013-14,214,0,0,0,0,0.7
br_spring,2013-14,215,0,0,0,0,0.7
br_spring,2013-14,216,3891.8147410330107,2724.2703187231073,3891.8147410330107,0,0.7
br_spring,2013-14,217,3891.8147410330107,2736.225664145925,0,0,0.7030719204839756
br_spring,2013-14,218,3891.8147410330107,2749.0166298031404,0,0,0.7063585532011898
br_spring,2013-14,219,3891.8147410330107,2763.043669532265,0,0,0.7099627945802132
br_spring,2013-14,220,3891.8147410330107,2778.7072371708073,0,0,0.7139875410496159
br_spring,2013-14,221,3891.8147410330107,2796.4077865562776,0,0,0.7185356890379686
br_spring,2013-14,222,3891.8147410330107,2816.545771526186,0,0,0.7237101349738414
br_spring,2013-14,223,3891.8147410330107,2839.5216459180424,0,0,0.729613775285805
br_spring,2013-14,224,3891.8147410330107,2865.7358635693563,0,0,0.7363495064024295
br_spring,2013-14,225,3891.8147410330107,2895.588878317638,0,0,0.7440202247522854
br_spring,2013-14,226,3891.8147410330107,2929.4811440003973,0,0,0.7527288267639431
br_spring,2013-14,227,3891.8147410330107,2967.813114455144,0,0,0.762578208865973
br_spring,2013-14,228,3891.8147410330107,3010.9852435193884,0,0,0.7736712674869456
br_spring,2013-14,229,3891.8147410330107,3059.3979850306396,0,0,0.7861108990554311
br_spring,2013-14,230,3891.8147410330107,3113.4517928264086,0,0,0.8
br_spring,2013-14,231,3891.8147410330107,3173.195133801859,0,0,0.8153510238669769
br_spring,2013-14,232,3891.8147410330107,3237.26852708277,0,0,0.8318146526737027
br_spring,2013-14,233,3891.8147410330107,3303.960504852577,0,0,0.8489511255552727
br_spring,2013-14,234,3891.8147410330107,3371.559599294713,0,0,0.8663206816467821
br_spring,2013-14,235,3891.8147410330107,3438.3543425926123,0,0,0.8834835600833262
br_spring,2013-14,236,3891.8147410330107,3502.63326692971,0,0,0.9
br_spring,2013-14,237,3891.8147410330107,3563.0186851534686,0,0,0.9155160053193413
br_spring,2013-14,238,3891.8147410330107,3619.4680327674732,0,0,0.9300206391136573
br_spring,2013-14,239,3891.8147410330107,3672.2725259393364,0,0,0.9435887292426975
br_spring,2013-14,240,3891.8147410330107,3721.723380836672,0,0,0.9562951035662116
br_spring,2013-14,241,3891.8147410330107,3768.111813627094,0,0,0.9682145899439494
br_spring,2013-14,242,3891.8147410330107,3811.7290404782148,0,0,0.9794220162356602
br_spring,2013-14,243,3891.8147410330107,3852.8662775576495,0,0,0.9899922103010939
br_spring,2013-14,244,3891.8147410330107,3891.8147410330107,0,0,1
br_spring,2013-14,245,3891.8147410330107,3891.8147410330107,0,0,1
br_spring,2013-14,246,3891.8147410330107,3891.8147410330107,0,0,1
br_spring,2013-14,247,3891.8147410330107,3891.8147410330107,0,0,1
br_spring,2013-14,248,3891.8147410330107,3891.8147410330107,0,0,1
br_spring,2013-14,249,3891.8147410330107,3891.8147410330107,0,0,1
br_spring,2013-14,250,3891.8147410330107,3891.8147410330107,0,0,1
br_spring,2013-14,251,3891.8147410330107,3891.8147410330107,0,0,1
br_spring,2013-14,252,3891.8147410330107,3891.8147410330107,0,0,1
br_spring,2013-14,253,5112.689395079266,5112.689395079266,1220.8746540462555,0,1
br_spring,2013-14,254,5112.689395079266,5112.689395079266,0,0,1
br_spring,2013-14,255,5112.689395079266,5112.689395079266,0,0,1
br_spring,2013-14,256,5112.689395079266,5112.689395079266,0,0,1
br_spring,2013-14,257,5112.6893950792655,5112.6893950792655,0,1985.4918808541106,1
br_spring,2013-14,258,3127.1975142251554,3127.1975142251554,0,0,1
br_spring,2013-14,259,3127.1975142251554,3127.1975142251554,0,0,1
br_spring,2013-14,260,3127.1975142251554,3127.1975142251554,0,0,1
br_spring,2013-14,261,3127.1975142251554,3127.1975142251554,0,0,1
br_spring,2013-14,262,3127.1975142251554,3127.1975142251554,0,0,1
br_spring,2013-14,263,3127.1975142251554,3127.1975142251554,0,0,1
br_spring,2013-14,264,3127.1975142251554,3127.1975142251554,0,0,1
br_spring,2013-14,265,3127.1975142251554,3127.1975142251554,0,0,1
br_spring,2013-14,266,3127.1975142251554,3127.1975142251554,0,0,1
br_spring,2013-14,267,3127.1975142251554,3127.1975142251554,0,0,1
br_spring,2013-14,268,3127.1975142251554,3127.1975142251554,0,0,1
br_spring,2013-14,269,3127.1975142251554,3127.1975142251554,0,0,1
br_spring,2013-14,270,3127.1975142251554,3127.1975142251554,0,0,1
br_spring,2013-14,271,3127.197514225155,3127.197514225155,0,1340.4410336754659,1
br_spring,2013-14,272,1786.7564805496893,1786.7564805496893,0,0,1
br_spring,2013-14,273,1786.7564805496893,1786.7564805496893,0,0,1
br_spring,2013-14,274,1786.7564805496893,1786.7564805496893,0,0,1
br_spring,2013-14,275,1786.7564805496893,1786.7564805496893,0,0,1
br_spring,2013-14,276,1786.7564805496893,1786.7564805496893,0,0,1
br_spring,2013-14,277,1786.7564805496893,1786.7564805496893,0,0,1
br_spring,2013-14,278,1786.7564805496893,1786.7564805496893,0,0,1
br_spring,2013-14,279,1786.7564805496893,1786.7564805496893,0,0,1
br_spring,2013-14,280,1786.7564805496893,1786.7564805496893,0,0,1
br_spring,2013-14,281,1786.7564805496893,1786.7564805496893,0,0,1
br_spring,2013-14,282,1786.7564805496893,1786.7564805496893,0,0,1
br_spring,2013-14,283,1786.7564805496893,1786.7564805496893,0,0,1
br_spring,2013-14,284,1786.7564805496893,1786.7564805496893,0,0,1
br_spring,2013-14,285,1786.7564805496893,1786.7564805496893,0,565.8818265034338,1
br_spring,2013-14,286,1220.8746540462555,1220.8746540462555,0,0,1
br_spring,2013-14,287,1220.8746540462555,1220.8746540462555,0,0,1
br_spring,2013-14,288,1220.8746540462555,1220.8746540462555,0,0,1
br_spring,2013-14,289,1220.8746540462555,1220.8746540462555,0,0,1
br_spring,2013-14,290,1220.8746540462555,1220.8746540462555,0,0,1
br_spring,2013-14,291,1220.8746540462555,1220.8746540462555,0,0,1
br_spring,2013-14,292,1220.8746540462555,1220.8746540462555,0,1220.8746540462555,1
br_spring,2013-14,293,0,0,0,0,1
br_spring,2013-14,294,0,0,0,0,1
br_spring,2013-14,295,0,0,0,0,1
br_spring,2013-14,296,0,0,0,0,1
br_spring,2013-14,297,0,0,0,0,1
br_spring,2013-14,298,0,0,0,0,1
br_spring,2013-14,299,0,0,0,0,1
br_spring,2013-14,300,0,0,0,0,1
br_spring,2013-14,301,0,0,0,0,1
br_spring,2013-14,302,0,0,0,0,1
br_spring,2013-14,303,0,0,0,0,1
br_spring,2013-14,304,0,0,0,0,1
br_spring,2013-14,305,0,0,0,0,1
br_spring,2013-14,306,0,0,0,0,1
br_spring,2013-14,307,0,0,0,0,1
br_spring,2013-14,308,0,0,0,0,1
br_spring,2013-14,309,0,0,0,0,1
br_spring,2013-14,310,0,0,0,0,1
br_spring,2013-14,311,0,0,0,0,1
br_spring,2013-14,312,0,0,0,0,1
br_spring,2013-14,313,0,0,0,0,1
br_spring,2013-14,314,0,0,0,0,1
br_spring,2013-14,315,0,0,0,0,1
br_spring,2013-14,316,0,0,0,0,1
br_spring,2013-14,317,0,0,0,0,1
br_spring,2013-14,318,0,0,0,0,1
br_spring,2013-14,319,0,0,0,0,1
br_fall,2014-15,1,0,0,0,0,1
br_fall,2014-15,2,0,0,0,0,1
br_fall,2014-15,3,0,0,0,0,1
br_fall,2014-15,4,0,0,0,0,1
br_fall,2014-15,5,0,0,0,0,1
br_fall,2014-15,6,0,0,0,0,1
br_fall,2014-15,7,0,0,0,0,1
br_fall,2014-15,8,0,0,0,0,1
br_fall,2014-15,9,0,0,0,0,1
br_fall,2014-15,10,0,0,0,0,1
br_fall,2014-15,11,0,0,0,0,1
br_fall,2014-15,12,0,0,0,0,1
br_fall,2014-15,13,0,0,0,0,1
br_fall,2014-15,14,0,0,0,0,1
br_fall,2014-15,15,0,0,0,0,1
br_fall,2014-15,16,0,0,0,0,1
br_fall,2014-15,17,0,0,0,0,1
br_fall,2014-15,18,0,0,0,0,1
br_fall,2014-15,19,0,0,0,0,1
br_fall,2014-15,20,0,0,0,0,1
br_fall,2014-15,21,0,0,0,0,1
br_fall,2014-15,22,0,0,0,0,1
br_fall,2014-15,23,0,0,0,0,1
br_fall,2014-15,24,0,0,0,0,1
br_fall,2014-15,25,0,0,0,0,1
br_fall,2014-15,26,0,0,0,0,1
br_fall,2014-15,27,0,0,0,0,1
br_fall,2014-15,28,0,0,0,0,1
br_fall,2014-15,29,0,0,0,0,1
br_fall,2014-15,30,0,0,0,0,1
br_fall,2014-15,31,0,0,0,0,1
br_fall,2014-15,32,0,0,0,0,1
br_fall,2014-15,33,0,0,0,0,1
br_fall,2014-15,34,0,0,0,0,1
br_fall,2014-15,35,0,0,0,0,1
br_fall,2014-15,36,0,0,0,0,1
br_fall,2014-15,37,0,0,0,0,1
br_fall,2014-15,38,0,0,0,0,1
br_fall,2014-15,39,0,0,0,0,1
br_fall,2014-15,40,0,0,0,0,1
br_fall,2014-15,41,0,0,0,0,1
br_fall,2014-15,42,0,0,0,0,1
br_fall,2014-15,43,0,0,0,0,1
br_fall,2014-15,44,0,0,0,0,1
br_fall,2014-15,45,0,0,0,0,1
br_fall,2014-15,46,0,0,0,0,0.7
br_fall,2014-15,47,0,0,0,0,0.7
br_fall,2014-15,48,0,0,0,0,0.7
br_fall,2014-15,49,0,0,0,0,0.7
br_fall,2014-15,50,0,0,0,0,0.7
br_fall,2014-15,51,0,0,0,0,0.7
br_fall,2014-15,52,0,0,0,0,0.7
br_fall,2014-15,53,0,0,0,0,0.7
br_fall,2014-15,54,0,0,0,0,0.7
br_fall,2014-15,55,0,0,0,0,0.7
br_fall,2014-15,56,0,0,0,0,0.7
br_fall,2014-15,57,0,0,0,0,0.7
br_fall,2014-15,58,0,0,0,0,0.7
br_fall,2014-15,59,0,0,0,0,0.7
br_fall,2014-15,60,0,0,0,0,0.7
br_fall,2014-15,61,0,0,0,0,0.7
br_fall,2014-15,62,0,0,0,0,0.7
br_fall,2014-15,63,334.08938965257687,233.8625727568038,334.08938965257687,0,0.7
br_fall,2014-15,64,569.5648294658547,398.69538062609826,235.47543981327777,0,0.7
br_fall,2014-15,65,569.5648294658546,398.6953806260982,0,0,0.7
br_fall,2014-15,66,569.5648294658546,398.6953806260982,0,0,0.7
br_fall,2014-15,67,569.5648294658546,398.6953806260982,0,0,0.7
br_fall,2014-15,68,569.5648294658546,398.6953806260982,0,0,0.7
br_fall,2014-15,69,569.5648294658546,398.6953806260982,0,0,0.7
br_fall,2014-15,70,569.5648294658546,398.6953806260982,0,0,0.7
br_fall,2014-15,71,569.5648294658546,398.6953806260982,0,0,0.7
br_fall,2014-15,72,569.5648294658546,398.6953806260982,0,0,0.7
br_fall,2014-15,73,569.5648294658546,398.6953806260982,0,0,0.7
br_fall,2014-15,74,569.5648294658546,398.6953806260982,0,0,0.7
br_fall,2014-15,75,569.5648294658546,398.6953806260982,0,0,0.7
br_fall,2014-15,76,569.5648294658546,398.6953806260982,0,0,0.7
br_fall,2014-15,77,569.5648294658546,398.6953806260982,0,0,0.7
br_fall,2014-15,78,1137.2312830722162,796.0618981505513,567.6664536063616,0,0.7
br_fall,2014-15,79,1137.2312830722162,796.0618981505513,0,0,0.7
br_fall,2014-15,80,1137.2312830722162,796.0618981505513,0,0,0.7
br_fall,2014-15,81,1137.2312830722162,796.0618981505513,0,0,0.7
br_fall,2014-15,82,1137.2312830722162,796.0618981505513,0,0,0.7
br_fall,2014-15,83,1137.2312830722162,796.0618981505513,0,0,0.7
br_fall,2014-15,84,1137.2312830722162,796.0618981505513,0,0,0.7
br_fall,2014-15,85,1137.2312830722162,796.0618981505513,0,0,0.7
br_fall,2014-15,86,1137.2312830722162,796.0618981505513,0,0,0.7
br_fall,2014-15,87,1137.2312830722162,796.0618981505513,0,0,0.7
br_fall,2014-15,88,1137.2312830722162,796.0618981505513,0,0,0.7
br_fall,2014-15,89,1137.2312830722162,796.0618981505513,0,0,0.7
br_fall,2014-15,90,1137.2312830722162,796.0618981505513,0,334.08938965257687,0.7
br_fall,2014-15,91,803.1418934196395,562.1993253937476,0,235.47543981327777,0.7
br_fall,2014-15,92,567.6664536063616,397.3665175244531,0,0,0.7
br_fall,2014-15,93,567.6664536063616,397.3665175244531,0,0,0.7
br_fall,2014-15,94,567.6664536063616,400.7302492055054,0,0,0.70592554247249
br_fall,2014-15,95,567.6664536063616,404.2818641979442,0,0,0.7121820597809825
br_fall,2014-15,96,892.467019026082,641.4460584652162,324.80056541972033,0,0.7187336280114909
br_fall,2014-15,97,892.4670190260821,647.5243793422492,0,0,0.7255443232500287
br_fall,2014-15,98,892.4670190260821,653.8019016192603,0,0,0.7325782215826097
br_fall,2014-15,99,892.4670190260821,660.2465643878219,0,0,0.739799399095247
br_fall,2014-15,100,892.4670190260821,666.8263067395069,0,0,0.7471719318739543
br_fall,2014-15,101,892.4670190260821,673.5090677658881,0,0,0.7546598960047451
br_fall,2014-15,102,892.4670190260821,680.262786558538,0,0,0.762227367573633
br_fall,2014-15,103,892.4670190260821,687.0554022090295,0,0,0.7698384226666313
br_fall,2014-15,104,892.4670190260821,693.8548538089352,0,0,0.7774571373697536
br_fall,2014-15,105,892.4670190260821,700.6290804498282,0,0,0.7850475877690136
br_fall,2014-15,106,892.467019026082,707.3460212232806,0,567.6664536063616,0.7925738499504246
br_fall,2014-15,107,324.80056541972033,259.84045233577626,0,0,0.8
br_fall,2014-15,108,324.80056541972033,262.2098643936136,0,0,0.8072949751635299
br_fall,2014-15,109,324.80056541972033,264.53289720393917,0,0,0.8144471573259091
br_fall,2014-15,110,1427.9556123648326,1172.9938372378572,1103.1550469451124,0,0.821449789531809
br_fall,2014-15,111,1427.9556123648326,1182.770085865631,0,0,0.8282961148259008
br_fall,2014-15,112,1427.9556123648326,1192.313486529153,0,0,0.8349793762528559
br_fall,2014-15,113,1427.9556123648326,1201.6143905961387,0,0,0.8414928168573454
br_fall,2014-15,114,1427.9556123648326,1210.6631494343044,0,0,0.8478296796840409
br_fall,2014-15,115,1427.9556123648326,1219.4501144113663,0,0,0.8539832077776135
br_fall,2014-15,116,1427.9556123648326,1227.9656368950393,0,0,0.8599466441827344
br_fall,2014-15,117,1427.9556123648326,1236.20006825304,0,0,0.865713231944075
br_fall,2014-15,118,1427.9556123648326,1244.143759853084,0,0,0.8712762141063066
br_fall,2014-15,119,1427.9556123648326,1251.7870630628877,0,0,0.8766288337141006
br_fall,2014-15,120,1427.9556123648326,1259.1203292501662,0,0,0.8817643338121282
br_fall,2014-15,121,1427.9556123648326,1266.1339097826358,0,0,0.8866759574450606
br_fall,2014-15,122,1427.9556123648326,1272.8181560280123,0,0,0.8913569476575691
br_fall,2014-15,123,1427.9556123648326,1279.1634193540115,0,324.80056541972033,0.89580054749432525
br_fall,2014-15,124,1103.1550469451124,992.8395422506012,0,0,0.9
br_fall,2014-15,125,1103.1550469451124,992.8395422506012,0,0,0.9
br_fall,2014-15,126,1103.1550469451124,992.8395422506012,0,0,0.9
br_fall,2014-15,127,1103.1550469451124,992.8395422506012,0,0,0.9
br_fall,2014-15,128,1103.1550469451124,992.8395422506012,0,0,0.9
br_fall,2014-15,129,1103.1550469451124,992.8395422506012,0,0,0.9
br_fall,2014-15,130,1103.1550469451124,992.8395422506012,0,0,0.9
br_fall,2014-15,131,1103.1550469451124,992.8395422506012,0,0,0.9
br_fall,2014-15,132,1103.1550469451124,992.8395422506012,0,0,0.9
br_fall,2014-15,133,1103.1550469451124,992.8395422506012,0,0,0.9
br_fall,2014-15,134,1103.1550469451124,992.8395422506012,0,0,0.9
br_fall,2014-15,135,1103.1550469451124,992.8395422506012,0,0,0.9
br_fall,2014-15,136,1103.1550469451124,992.8395422506012,0,0,0.9
br_fall,2014-15,137,1103.1550469451124,992.8395422506012,0,1103.1550469451124,0.9
br_fall,2014-15,138,0,0,0,0,0.9
br_fall,2014-15,139,0,0,0,0,0.9
br_fall,2014-15,140,0,0,0,0,0.9
br_fall,2014-15,141,0,0,0,0,0.9
br_fall,2014-15,142,0,0,0,0,0.9
br_fall,2014-15,143,0,0,0,0,0.9
br_fall,2014-15,144,0,0,0,0,0.9
br_fall,2014-15,145,0,0,0,0,0.9
br_fall,2014-15,146,0,0,0,0,0.9
br_fall,2014-15,147,0,0,0,0,0.9
br_fall,2014-15,148,0,0,0,0,0.9
br_fall,2014-15,149,0,0,0,0,0.9
br_fall,2014-15,150,0,0,0,0,0.9
br_fall,2014-15,151,0,0,0,0,0.9
br_fall,2014-15,152,0,0,0,0,0.9
br_fall,2014-15,153,0,0,0,0,0.9
br_fall,2014-15,154,0,0,0,0,1
br_fall,2014-15,155,0,0,0,0,1
br_fall,2014-15,156,0,0,0,0,1
br_fall,2014-15,157,0,0,0,0,1
br_fall,2014-15,158,0,0,0,0,1
br_fall,2014-15,159,0,0,0,0,1
br_fall,2014-15,160,0,0,0,0,1
br_fall,2014-15,161,0,0,0,0,1
br_fall,2014-15,162,0,0,0,0,1
br_fall,2014-15,163,0,0,0,0,1
br_fall,2014-15,164,0,0,0,0,1
br_fall,2014-15,165,0,0,0,0,1
br_fall,2014-15,166,0,0,0,0,1
br_fall,2014-15,167,0,0,0,0,1
br_fall,2014-15,168,0,0,0,0,1
br_fall,2014-15,169,0,0,0,0,1
br_fall,2014-15,170,0,0,0,0,1
br_fall,2014-15,171,0,0,0,0,1
br_fall,2014-15,172,0,0,0,0,1
br_fall,2014-15,173,0,0,0,0,1
br_fall,2014-15,174,0,0,0,0,1
br_fall,2014-15,175,0,0,0,0,1
br_fall,2014-15,176,0,0,0,0,1
br_fall,2014-15,177,0,0,0,0,1
br_fall,2014-15,178,0,0,0,0,1
br_fall,2014-15,179,0,0,0,0,1
br_fall,2014-15,180,0,0,0,0,1
br_fall,2014-15,181,0,0,0,0,1
br_fall,2014-15,182,0,0,0,0,1
br_fall,2014-15,183,0,0,0,0,1
br_fall,2014-15,184,0,0,0,0,1
br_spring,2014-15,185,0,0,0,0,0.7
br_spring,2014-15,186,0,0,0,0,0.7
br_spring,2014-15,187,0,0,0,0,0.7
br_spring,2014-15,188,0,0,0,0,0.7
br_spring,2014-15,189,0,0,0,0,0.7
br_spring,2014-15,190,0,0,0,0,0.7
br_spring,2014-15,191,0,0,0,0,0.7
br_spring,2014-15,192,0,0,0,0,0.7
br_spring,2014-15,193,0,0,0,0,0.7
br_spring,2014-15,194,0,0,0,0,0.7
br_spring,2014-15,195,0,0,0,0,0.7
br_spring,2014-15,196,0,0,0,0,0.7
br_spring,2014-15,197,0,0,0,0,0.7
br_spring,2014-15,198,0,0,0,0,0.7
br_spring,2014-15,199,0,0,0,0,0.7
br_spring,2014-15,200,0,0,0,0,0.7
br_spring,2014-15,201,0,0,0,0,0.7
br_spring,2014-15,202,0,0,0,0,0.7
br_spring,2014-15,203,0,0,0,0,0.7
br_spring,2014-15,204,0,0,0,0,0.7
br_spring,2014-15,205,0,0,0,0,0.7
br_spring,2014-15,206,0,0,0,0,0.7
br_spring,2014-15,207,0,0,0,0,0.7
br_spring,2014-15,208,0,0,0,0,0.7
br_spring,2014-15,209,0,0,0,0,0.7
br_spring,2014-15,210,0,0,0,0,0.7
br_spring,2014-15,211,0,0,0,0,0.7
br_spring,2014-15,212,0,0,0,0,0.7
br_spring,2014-15,213,0,0,0,0,0.7
br_spring,2014-15,214,0,0,0,0,0.7
br_spring,2014-15,215,0,0,0,0,0.7
br_spring,2014-15,216,1643.3730883479857,1150.3611618435898,1643.3730883479857,0,0.7
br_spring,2014-15,217,1643.3730883479857,1155.4094732965004,0,0,0.7030719204839756
br_spring,2014-15,218,1643.3730883479857,1160.8106370552541,0,0,0.7063585532011898
br_spring,2014-15,219,1643.3730883479857,1166.7337503414515,0,0,0.7099627945802132
br_spring,2014-15,220,1643.3730883479857,1173.3479103766915,0,0,0.7139875410496159
br_spring,2014-15,221,1643.3730883479857,1180.8222143825744,0,0,0.7185356890379686
br_spring,2014-15,222,1643.3730883479857,1189.3257595806992,0,0,0.7237101349738414
br_spring,2014-15,223,1643.3730883479857,1199.0276431926666,0,0,0.729613775285805
br_spring,2014-15,224,1643.3730883479857,1210.0969624400755,0,0,0.7363495064024295
br_spring,2014-15,225,1643.3730883479857,1222.7028145445256,0,0,0.7440202247522854
br_spring,2014-15,226,1643.3730883479857,1237.0142967276172,0,0,0.7527288267639431
br_spring,2014-15,227,1643.3730883479857,1253.2005062109495,0,0,0.762578208865973
br_spring,2014-15,228,1643.3730883479857,1271.4305402161224,0,0,0.7736712674869456
br_spring,2014-15,229,1643.3730883479857,1291.8734959647354,0,0,0.7861108990554311
br_spring,2014-15,230,1643.3730883479857,1314.6984706783887,0,0,0.8
br_spring,2014-15,231,1643.3730883479857,1339.925930179966,0,0,0.8153510238669769
br_spring,2014-15,232,1643.3730883479857,1366.9818146974899,0,0,0.8318146526737027
br_spring,2014-15,233,1643.3730883479857,1395.1434330602672,0,0,0.8489511255552727
br_spring,2014-15,234,1643.3730883479857,1423.6880940976043,0,0,0.8663206816467821
br_spring,2014-15,235,1643.3730883479857,1451.8931066388088,0,0,0.8834835600833262
br_spring,2014-15,236,1643.3730883479857,1479.0357795131872,0,0,0.9
br_spring,2014-15,237,1643.3730883479857,1504.5343650936568,0,0,0.9155160053193413
br_spring,2014-15,238,1643.3730883479857,1528.3708899275784,0,0,0.9300206391136573
br_spring,2014-15,239,1643.3730883479857,1550.6683241059231,0,0,0.9435887292426975
br_spring,2014-15,240,1643.3730883479857,1571.549637719662,0,0,0.9562951035662116
br_spring,2014-15,241,1643.3730883479857,1591.1378008597667,0,0,0.9682145899439494
br_spring,2014-15,242,1643.3730883479857,1609.555783617208,0,0,0.9794220162356602
br_spring,2014-15,243,1643.3730883479857,1626.9265560829572,0,336.0198273422229,0.9899922103010939
br_spring,2014-15,244,1307.3532610057628,1307.3532610057628,0,0,1
br_spring,2014-15,245,1307.3532610057628,1307.3532610057628,0,0,1
br_spring,2014-15,246,1307.3532610057628,1307.3532610057628,0,0,1
br_spring,2014-15,247,1307.3532610057628,1307.3532610057628,0,0,1
br_spring,2014-15,248,1307.3532610057628,1307.3532610057628,0,0,1
br_spring,2014-15,249,1307.3532610057628,1307.3532610057628,0,0,1
br_spring,2014-15,250,1307.3532610057628,1307.3532610057628,0,0,1
br_spring,2014-15,251,1307.3532610057628,1307.3532610057628,0,0,1
br_spring,2014-15,252,1307.3532610057628,1307.3532610057628,0,0,1
br_spring,2014-15,253,1307.3532610057628,1307.3532610057628,0,0,1
br_spring,2014-15,254,1307.3532610057628,1307.3532610057628,0,0,1
br_spring,2014-15,255,1307.3532610057628,1307.3532610057628,0,0,1
br_spring,2014-15,256,1307.3532610057628,1307.3532610057628,0,0,1
br_spring,2014-15,257,1307.3532610057628,1307.3532610057628,0,483.96934156926,1
br_spring,2014-15,258,823.3839194365028,823.3839194365028,0,0,1
br_spring,2014-15,259,823.3839194365028,823.3839194365028,0,0,1
br_spring,2014-15,260,823.3839194365028,823.3839194365028,0,0,1
br_spring,2014-15,261,823.3839194365028,823.3839194365028,0,0,1
br_spring,2014-15,262,823.3839194365028,823.3839194365028,0,0,1
br_spring,2014-15,263,823.3839194365028,823.3839194365028,0,0,1
br_spring,2014-15,264,823.3839194365028,823.3839194365028,0,0,1
br_spring,2014-15,265,823.3839194365028,823.3839194365028,0,0,1
br_spring,2014-15,266,823.3839194365028,823.3839194365028,0,0,1
br_spring,2014-15,267,823.3839194365028,823.3839194365028,0,0,1
br_spring,2014-15,268,823.3839194365028,823.3839194365028,0,0,1
br_spring,2014-15,269,823.3839194365028,823.3839194365028,0,0,1
br_spring,2014-15,270,823.3839194365028,823.3839194365028,0,0,1
br_spring,2014-15,271,823.3839194365028,823.3839194365028,0,805.6747164986788,1
br_spring,2014-15,272,17.709202937824003,17.709202937824003,0,0,1
br_spring,2014-15,273,17.709202937824003,17.709202937824003,0,0,1
br_spring,2014-15,274,17.709202937824003,17.709202937824003,0,0,1
br_spring,2014-15,275,17.709202937824003,17.709202937824003,0,0,1
br_spring,2014-15,276,17.709202937824003,17.709202937824003,0,0,1
br_spring,2014-15,277,17.709202937824003,17.709202937824003,0,0,1
br_spring,2014-15,278,17.709202937824003,17.709202937824003,0,0,1
br_spring,2014-15,279,17.709202937824003,17.709202937824003,0,0,1
br_spring,2014-15,280,17.709202937824003,17.709202937824003,0,0,1
br_spring,2014-15,281,17.709202937824003,17.709202937824003,0,0,1
br_spring,2014-15,282,17.709202937824003,17.709202937824003,0,0,1
br_spring,2014-15,283,17.709202937824003,17.709202937824003,0,0,1
br_spring,2014-15,284,17.709202937824003,17.709202937824003,0,0,1
br_spring,2014-15,285,17.709202937824003,17.709202937824003,0,17.709202937824003,1
br_spring,2014-15,286,0,0,0,0,1
br_spring,2014-15,287,0,0,0,0,1
br_spring,2014-15,288,0,0,0,0,1
br_spring,2014-15,289,0,0,0,0,1
br_spring,2014-15,290,0,0,0,0,1
br_spring,2014-15,291,0,0,0,0,1
br_spring,2014-15,292,0,0,0,0,1
br_spring,2014-15,293,0,0,0,0,1
br_spring,2014-15,294,0,0,0,0,1
br_spring,2014-15,295,0,0,0,0,1
br_spring,2014-15,296,0,0,0,0,1
br_spring,2014-15,297,0,0,0,0,1
br_spring,2014-15,298,0,0,0,0,1
br_spring,2014-15,299,0,0,0,0,1
br_spring,2014-15,300,0,0,0,0,1
br_spring,2014-15,301,0,0,0,0,1
br_spring,2014-15,302,0,0,0,0,1
br_spring,2014-15,303,0,0,0,0,1
br_spring,2014-15,304,0,0,0,0,1
br_spring,2014-15,305,0,0,0,0,1
br_spring,2014-15,306,0,0,0,0,1
br_spring,2014-15,307,0,0,0,0,1
br_spring,2014-15,308,0,0,0,0,1
br_spring,2014-15,309,0,0,0,0,1
br_spring,2014-15,310,0,0,0,0,1
br_spring,2014-15,311,0,0,0,0,1
br_spring,2014-15,312,0,0,0,0,1
br_spring,2014-15,313,0,0,0,0,1
br_spring,2014-15,314,0,0,0,0,1
br_spring,2014-15,315,0,0,0,0,1
br_spring,2014-15,316,0,0,0,0,1
br_spring,2014-15,317,0,0,0,0,1
br_spring,2014-15,318,0,0,0,0,1
br_spring,2014-15,319,0,0,0,0,1
br_fall,2015-16,1,0,0,0,0,1
br_fall,2015-16,2,0,0,0,0,1
br_fall,2015-16,3,0,0,0,0,1
br_fall,2015-16,4,0,0,0,0,1
br_fall,2015-16,5,0,0,0,0,1
br_fall,2015-16,6,0,0,0,0,1
br_fall,2015-16,7,0,0,0,0,1
br_fall,2015-16,8,0,0,0,0,1
br_fall,2015-16,9,0,0,0,0,1
br_fall,2015-16,10,0,0,0,0,1
br_fall,2015-16,11,0,0,0,0,1
br_fall,2015-16,12,0,0,0,0,1
br_fall,2015-16,13,0,0,0,0,1
br_fall,2015-16,14,0,0,0,0,1
br_fall,2015-16,15,0,0,0,0,1
br_fall,2015-16,16,0,0,0,0,1
br_fall,2015-16,17,0,0,0,0,1
br_fall,2015-16,18,0,0,0,0,1
br_fall,2015-16,19,0,0,0,0,1
br_fall,2015-16,20,0,0,0,0,1
br_fall,2015-16,21,0,0,0,0,1
br_fall,2015-16,22,0,0,0,0,1
br_fall,2015-16,23,0,0,0,0,1
br_fall,2015-16,24,0,0,0,0,1
br_fall,2015-16,25,0,0,0,0,1
br_fall,2015-16,26,0,0,0,0,1
br_fall,2015-16,27,0,0,0,0,1
br_fall,2015-16,28,0,0,0,0,1
br_fall,2015-16,29,0,0,0,0,1
br_fall,2015-16,30,0,0,0,0,1
br_fall,2015-16,31,0,0,0,0,1
br_fall,2015-16,32,0,0,0,0,1
br_fall,2015-16,33,0,0,0,0,1
br_fall,2015-16,34,0,0,0,0,1
br_fall,2015-16,35,0,0,0,0,1
br_fall,2015-16,36,0,0,0,0,1
br_fall,2015-16,37,0,0,0,0,1
br_fall,2015-16,38,0,0,0,0,1
br_fall,2015-16,39,0,0,0,0,1
br_fall,2015-16,40,0,0,0,0,1
br_fall,2015-16,41,0,0,0,0,1
br_fall,2015-16,42,0,0,0,0,1
br_fall,2015-16,43,0,0,0,0,1
br_fall,2015-16,44,0,0,0,0,1
br_fall,2015-16,45,0,0,0,0,1
br_fall,2015-16,46,323.2443994613626,226.2710796229538,323.2443994613626,0,0.7
br_fall,2015-16,47,323.2443994613626,226.2710796229538,0,0,0.7
br_fall,2015-16,48,323.2443994613626,226.2710796229538,0,0,0.7
br_fall,2015-16,49,323.2443994613626,226.2710796229538,0,0,0.7
br_fall,2015-16,50,323.2443994613626,226.2710796229538,0,0,0.7
br_fall,2015-16,51,323.2443994613626,226.2710796229538,0,0,0.7
br_fall,2015-16,52,323.2443994613626,226.2710796229538,0,0,0.7
br_fall,2015-16,53,323.2443994613626,226.2710796229538,0,0,0.7
br_fall,2015-16,54,323.2443994613626,226.2710796229538,0,0,0.7
br_fall,2015-16,55,323.2443994613626,226.2710796229538,0,0,0.7
br_fall,2015-16,56,323.2443994613626,226.2710796229538,0,0,0.7
br_fall,2015-16,57,323.2443994613626,226.2710796229538,0,0,0.7
br_fall,2015-16,58,323.2443994613626,226.2710796229538,0,0,0.7
br_fall,2015-16,59,323.2443994613626,226.2710796229538,0,0,0.7
br_fall,2015-16,60,323.2443994613626,226.2710796229538,0,0,0.7
br_fall,2015-16,61,323.2443994613626,226.2710796229538,0,0,0.7
br_fall,2015-16,62,323.2443994613626,226.2710796229538,0,0,0.7
br_fall,2015-16,63,526.2959177612756,368.4071424328929,203.05151829991297,0,0.7
br_fall,2015-16,64,526.2959177612756,368.4071424328929,0,0,0.7
br_fall,2015-16,65,526.2959177612756,368.4071424328929,0,0,0.7
br_fall,2015-16,66,526.2959177612756,368.4071424328929,0,0,0.7
br_fall,2015-16,67,526.2959177612756,368.4071424328929,0,0,0.7
br_fall,2015-16,68,526.2959177612756,368.4071424328929,0,0,0.7
br_fall,2015-16,69,526.2959177612756,368.4071424328929,0,0,0.7
br_fall,2015-16,70,526.2959177612756,368.4071424328929,0,0,0.7
br_fall,2015-16,71,526.2959177612756,368.4071424328929,0,0,0.7
br_fall,2015-16,72,526.2959177612756,368.4071424328929,0,0,0.7
br_fall,2015-16,73,526.2959177612756,368.4071424328929,0,323.2443994613626,0.7
br_fall,2015-16,74,203.05151829991297,142.13606280993906,0,0,0.7
br_fall,2015-16,75,203.05151829991297,142.13606280993906,0,0,0.7
br_fall,2015-16,76,203.05151829991297,142.13606280993906,0,0,0.7
br_fall,2015-16,77,597.3714542787884,418.16001799515186,394.3199359788754,0,0.7
br_fall,2015-16,78,597.3714542787883,418.1600179951518,0,0,0.7
br_fall,2015-16,79,597.3714542787883,418.1600179951518,0,0,0.7
br_fall,2015-16,80,597.3714542787883,418.1600179951518,0,0,0.7
br_fall,2015-16,81,597.3714542787883,418.1600179951518,0,0,0.7
br_fall,2015-16,82,597.3714542787883,418.1600179951518,0,0,0.7
br_fall,2015-16,83,597.3714542787883,418.1600179951518,0,0,0.7
br_fall,2015-16,84,597.3714542787883,418.1600179951518,0,0,0.7
br_fall,2015-16,85,597.3714542787883,418.1600179951518,0,0,0.7
br_fall,2015-16,86,597.3714542787883,418.1600179951518,0,0,0.7
br_fall,2015-16,87,597.3714542787883,418.1600179951518,0,0,0.7
br_fall,2015-16,88,597.3714542787883,418.1600179951518,0,0,0.7
br_fall,2015-16,89,597.3714542787883,418.1600179951518,0,0,0.7
br_fall,2015-16,90,597.3714542787884,418.16001799515186,0,203.05151829991297,0.7
br_fall,2015-16,91,394.3199359788754,276.02395518521274,0,0,0.7
br_fall,2015-16,92,394.3199359788754,276.02395518521274,0,0,0.7
br_fall,2015-16,93,1391.9278410658626,974.3494887461037,997.6079050869873,0,0.7
br_fall,2015-16,94,1391.9278410658628,982.597416286981,0,0,0.70592554247249
br_fall,2015-16,95,1391.9278410658628,991.3060369167822,0,0,0.7121820597809825
br_fall,2015-16,96,1391.9278410658628,1000.4253471394694,0,0,0.7187336280114909
br_fall,2015-16,97,1391.9278410658628,1009.9053434590049,0,0,0.7255443232500287
br_fall,2015-16,98,1391.9278410658628,1019.6960223793511,0,0,0.7325782215826097
br_fall,2015-16,99,1391.9278410658628,1029.7473804044698,0,0,0.739799399095247
br_fall,2015-16,100,1391.9278410658628,1040.009414038323,0,0,0.7471719318739543
br_fall,2015-16,101,1391.9278410658628,1050.4321197848735,0,0,0.7546598960047451
br_fall,2015-16,102,1391.9278410658628,1060.9654941480828,0,0,0.762227367573633
br_fall,2015-16,103,1391.9278410658628,1071.5595336319132,0,0,0.7698384226666313
br_fall,2015-16,104,1391.9278410658626,1082.164234740327,0,394.3199359788754,0.7774571373697536
br_fall,2015-16,105,997.6079050869873,783.1696794278384,0,0,0.7850475877690136
br_fall,2015-16,106,997.6079050869873,790.6779380757713,0,0,0.7925738499504246
br_fall,2015-16,107,1903.020449536958,1522.4163596295666,905.4125444499707,0,0.8
br_fall,2015-16,108,1903.0204495369578,1536.2988465446278,0,0,0.8072949751635299
br_fall,2015-16,109,1903.0204495369578,1549.9095954584488,0,0,0.8144471573259091
br_fall,2015-16,110,1903.0204495369578,1563.2357477468627,0,0,0.821449789531809
br_fall,2015-16,111,1903.0204495369578,1576.2644447857015,0,0,0.8282961148259008
br_fall,2015-16,112,1903.0204495369578,1588.9828279507985,0,0,0.8349793762528559
br_fall,2015-16,113,1903.0204495369578,1601.3780386179865,0,0,0.8414928168573454
br_fall,2015-16,114,1903.0204495369578,1613.4372181630984,0,0,0.8478296796840409
br_fall,2015-16,115,1903.0204495369578,1625.1475079619672,0,0,0.8539832077776135
br_fall,2015-16,116,1903.0204495369578,1636.4960493904255,0,0,0.8599466441827344
br_fall,2015-16,117,1903.0204495369578,1647.4699838243062,0,0,0.865713231944075
br_fall,2015-16,118,1903.0204495369578,1658.0564526394423,0,0,0.8712762141063066
br_fall,2015-16,119,1903.0204495369578,1668.2425972116669,0,0,0.8766288337141006
br_fall,2015-16,120,1903.020449536958,1678.0155589168126,0,997.6079050869873,0.8817643338121282
br_fall,2015-16,121,905.4125444499707,802.8075347329462,0,0,0.8866759574450606
br_fall,2015-16,122,905.4125444499707,807.045761991799,0,0,0.8913569476575691
br_fall,2015-16,123,905.4125444499707,811.0690530265139,0,0,0.89580054749432525
br_fall,2015-16,124,905.4125444499707,814.8712900049736,0,0,0.9
br_fall,2015-16,125,905.4125444499707,814.8712900049736,0,0,0.9
br_fall,2015-16,126,905.4125444499707,814.8712900049736,0,0,0.9
br_fall,2015-16,127,905.4125444499707,814.8712900049736,0,0,0.9
br_fall,2015-16,128,905.4125444499707,814.8712900049736,0,0,0.9
br_fall,2015-16,129,905.4125444499707,814.8712900049736,0,0,0.9
br_fall,2015-16,130,905.4125444499707,814.8712900049736,0,0,0.9
br_fall,2015-16,131,905.4125444499707,814.8712900049736,0,0,0.9
br_fall,2015-16,132,905.4125444499707,814.8712900049736,0,0,0.9
br_fall,2015-16,133,905.4125444499707,814.8712900049736,0,0,0.9
br_fall,2015-16,134,905.4125444499707,814.8712900049736,0,905.4125444499707,0.9
br_fall,2015-16,135,0,0,0,0,0.9
br_fall,2015-16,136,0,0,0,0,0.9
br_fall,2015-16,137,0,0,0,0,0.9
br_fall,2015-16,138,0,0,0,0,0.9
br_fall,2015-16,139,0,0,0,0,0.9
br_fall,2015-16,140,0,0,0,0,0.9
br_fall,2015-16,141,0,0,0,0,0.9
br_fall,2015-16,142,0,0,0,0,0.9
br_fall,2015-16,143,0,0,0,0,0.9
br_fall,2015-16,144,0,0,0,0,0.9
br_fall,2015-16,145,0,0,0,0,0.9
br_fall,2015-16,146,0,0,0,0,0.9
br_fall,2015-16,147,0,0,0,0,0.9
br_fall,2015-16,148,0,0,0,0,0.9
br_fall,2015-16,149,0,0,0,0,0.9
br_fall,2015-16,150,0,0,0,0,0.9
br_fall,2015-16,151,0,0,0,0,0.9
br_fall,2015-16,152,0,0,0,0,0.9
br_fall,2015-16,153,0,0,0,0,0.9
br_fall,2015-16,154,0,0,0,0,1
br_fall,2015-16,155,0,0,0,0,1
br_fall,2015-16,156,0,0,0,0,1
br_fall,2015-16,157,0,0,0,0,1
br_fall,2015-16,158,0,0,0,0,1
br_fall,2015-16,159,0,0,0,0,1
br_fall,2015-16,160,0,0,0,0,1
br_fall,2015-16,161,0,0,0,0,1
br_fall,2015-16,162,0,0,0,0,1
br_fall,2015-16,163,0,0,0,0,1
br_fall,2015-16,164,0,0,0,0,1
br_fall,2015-16,165,0,0,0,0,1
br_fall,2015-16,166,0,0,0,0,1
br_fall,2015-16,167,0,0,0,0,1
br_fall,2015-16,168,0,0,0,0,1
br_fall,2015-16,169,0,0,0,0,1
br_fall,2015-16,170,0,0,0,0,1
br_fall,2015-16,171,0,0,0,0,1
br_fall,2015-16,172,0,0,0,0,1
br_fall,2015-16,173,0,0,0,0,1
br_fall,2015-16,174,0,0,0,0,1
br_fall,2015-16,175,0,0,0,0,1
br_fall,2015-16,176,0,0,0,0,1
br_fall,2015-16,177,0,0,0,0,1
br_fall,2015-16,178,0,0,0,0,1
br_fall,2015-16,179,0,0,0,0,1
br_fall,2015-16,180,0,0,0,0,1
br_fall,2015-16,181,0,0,0,0,1
br_fall,2015-16,182,0,0,0,0,1
br_fall,2015-16,183,0,0,0,0,1
br_fall,2015-16,184,0,0,0,0,1
br_spring,2015-16,185,0,0,0,0,0.7
br_spring,2015-16,186,0,0,0,0,0.7
br_spring,2015-16,187,0,0,0,0,0.7
br_spring,2015-16,188,0,0,0,0,0.7
br_spring,2015-16,189,0,0,0,0,0.7
br_spring,2015-16,190,0,0,0,0,0.7
br_spring,2015-16,191,0,0,0,0,0.7
br_spring,2015-16,192,0,0,0,0,0.7
br_spring,2015-16,193,0,0,0,0,0.7
br_spring,2015-16,194,0,0,0,0,0.7
br_spring,2015-16,195,0,0,0,0,0.7
br_spring,2015-16,196,0,0,0,0,0.7
br_spring,2015-16,197,0,0,0,0,0.7
br_spring,2015-16,198,0,0,0,0,0.7
br_spring,2015-16,199,0,0,0,0,0.7
br_spring,2015-16,200,0,0,0,0,0.7
br_spring,2015-16,201,0,0,0,0,0.7
br_spring,2015-16,202,0,0,0,0,0.7
br_spring,2015-16,203,0,0,0,0,0.7
br_spring,2015-16,204,0,0,0,0,0.7
br_spring,2015-16,205,0,0,0,0,0.7
br_spring,2015-16,206,0,0,0,0,0.7
br_spring,2015-16,207,0,0,0,0,0.7
br_spring,2015-16,208,0,0,0,0,0.7
br_spring,2015-16,209,0,0,0,0,0.7
br_spring,2015-16,210,0,0,0,0,0.7
br_spring,2015-16,211,0,0,0,0,0.7
br_spring,2015-16,212,0,0,0,0,0.7
br_spring,2015-16,213,0,0,0,0,0.7
br_spring,2015-16,214,0,0,0,0,0.7
br_spring,2015-16,215,0,0,0,0,0.7
br_spring,2015-16,216,2830.1344156355476,1981.0940909448832,2830.1344156355476,0,0.7
br_spring,2015-16,217,2830.1344156355476,1989.7880388286785,0,0,0.7030719204839756
br_spring,2015-16,218,2830.1344156355476,1999.08965119322,0,0,0.7063585532011898
br_spring,2015-16,219,2830.1344156355476,2009.290138762252,0,0,0.7099627945802132
br_spring,2015-16,220,2830.1344156355476,2020.6807122595164,0,0,0.7139875410496159
br_spring,2015-16,221,2830.1344156355476,2033.5525824087567,0,0,0.7185356890379686
br_spring,2015-16,222,2830.1344156355476,2048.196959933716,0,0,0.7237101349738414
br_spring,2015-16,223,2830.1344156355476,2064.9050555581375,0,0,0.729613775285805
br_spring,2015-16,224,2830.1344156355476,2083.9680800057636,0,0,0.7363495064024295
br_spring,2015-16,225,2830.1344156355476,2105.677244000338,0,0,0.7440202247522854
br_spring,2015-16,226,2830.1344156355476,2130.3237582656034,0,0,0.7527288267639431
br_spring,2015-16,227,2830.1344156355476,2158.198833525303,0,0,0.762578208865973
br_spring,2015-16,228,2830.1344156355476,2189.59368050318,0,0,0.7736712674869456
br_spring,2015-16,229,2830.1344156355476,2224.7995099229774,0,0,0.7861108990554311
br_spring,2015-16,230,2830.1344156355476,2264.107532508438,0,0,0.8
br_spring,2015-16,231,2830.1344156355476,2307.552993469612,0,0,0.8153510238669769
br_spring,2015-16,232,2830.1344156355476,2354.1472759617754,0,0,0.8318146526737027
br_spring,2015-16,233,2830.1344156355476,2402.6457976265124,0,0,0.8489511255552727
br_spring,2015-16,234,2830.1344156355476,2451.803976105405,0,0,0.8663206816467821
br_spring,2015-16,235,2830.1344156355476,2500.3772290400375,0,0,0.8834835600833262
br_spring,2015-16,236,2830.1344156355476,2547.120974071993,0,0,0.9
br_spring,2015-16,237,2830.1344156355476,2591.033354719445,0,0,0.9155160053193413
br_spring,2015-16,238,2830.1344156355476,2632.083418006929,0,0,0.9300206391136573
br_spring,2015-16,239,2830.1344156355476,2670.482936835571,0,0,0.9435887292426975
br_spring,2015-16,240,2830.1344156355476,2706.4436841064958,0,0,0.9562951035662116
br_spring,2015-16,241,2830.1344156355476,2740.1774327208304,0,0,0.9682145899439494
br_spring,2015-16,242,2830.1344156355476,2771.8959555797,0,0,0.9794220162356602
br_spring,2015-16,243,2830.1344156355476,2801.8110255842303,0,0,0.9899922103010939
br_spring,2015-16,244,2830.1344156355476,2830.1344156355476,0,0,1
br_spring,2015-16,245,2830.1344156355476,2830.1344156355476,0,0,1
br_spring,2015-16,246,2830.1344156355476,2830.1344156355476,0,0,1
br_spring,2015-16,247,2830.1344156355476,2830.1344156355476,0,0,1
br_spring,2015-16,248,2830.1344156355476,2830.1344156355476,0,0,1
br_spring,2015-16,249,2830.1344156355476,2830.1344156355476,0,0,1
br_spring,2015-16,250,2830.1344156355476,2830.1344156355476,0,0,1
br_spring,2015-16,251,2830.1344156355476,2830.1344156355476,0,0,1
br_spring,2015-16,252,2830.1344156355476,2830.1344156355476,0,0,1
br_spring,2015-16,253,2830.1344156355476,2830.1344156355476,0,0,1
br_spring,2015-16,254,2830.1344156355476,2830.1344156355476,0,0,1
br_spring,2015-16,255,2830.1344156355476,2830.1344156355476,0,0,1
br_spring,2015-16,256,2830.1344156355476,2830.1344156355476,0,0,1
br_spring,2015-16,257,2830.1344156355476,2830.1344156355476,0,497.8073544230186,1
br_spring,2015-16,258,2332.327061212529,2332.327061212529,0,0,1
br_spring,2015-16,259,2332.327061212529,2332.327061212529,0,0,1
br_spring,2015-16,260,2332.327061212529,2332.327061212529,0,0,1
br_spring,2015-16,261,2332.327061212529,2332.327061212529,0,0,1
br_spring,2015-16,262,2332.327061212529,2332.327061212529,0,0,1
br_spring,2015-16,263,2332.327061212529,2332.327061212529,0,0,1
br_spring,2015-16,264,2332.327061212529,2332.327061212529,0,0,1
br_spring,2015-16,265,2332.327061212529,2332.327061212529,0,0,1
br_spring,2015-16,266,2332.327061212529,2332.327061212529,0,0,1
br_spring,2015-16,267,2332.327061212529,2332.327061212529,0,0,1
br_spring,2015-16,268,2332.327061212529,2332.327061212529,0,0,1
br_spring,2015-16,269,2332.327061212529,2332.327061212529,0,0,1
br_spring,2015-16,270,2332.327061212529,2332.327061212529,0,0,1
br_spring,2015-16,271,2332.327061212529,2332.327061212529,0,0,1
br_spring,2015-16,272,2332.327061212529,2332.327061212529,0,1698.4706319140041,1
br_spring,2015-16,273,633.8564292985249,633.8564292985249,0,0,1
br_spring,2015-16,274,633.8564292985249,633.8564292985249,0,0,1
br_spring,2015-16,275,633.8564292985249,633.8564292985249,0,0,1
br_spring,2015-16,276,633.8564292985249,633.8564292985249,0,0,1
br_spring,2015-16,277,633.8564292985249,633.8564292985249,0,0,1
br_spring,2015-16,278,633.8564292985249,633.8564292985249,0,0,1
br_spring,2015-16,279,633.8564292985249,633.8564292985249,0,0,1
br_spring,2015-16,280,633.8564292985249,633.8564292985249,0,0,1
br_spring,2015-16,281,633.8564292985249,633.8564292985249,0,0,1
br_spring,2015-16,282,633.8564292985249,633.8564292985249,0,0,1
br_spring,2015-16,283,633.8564292985249,633.8564292985249,0,0,1
br_spring,2015-16,284,633.8564292985249,633.8564292985249,0,0,1
br_spring,2015-16,285,633.8564292985249,633.8564292985249,0,0,1
br_spring,2015-16,286,633.856429298525,633.856429298525,0,620.7701272795451,1
br_spring,2015-16,287,13.086302018979787,13.086302018979787,0,0,1
br_spring,2015-16,288,13.086302018979787,13.086302018979787,0,0,1
br_spring,2015-16,289,13.086302018979787,13.086302018979787,0,0,1
br_spring,2015-16,290,13.086302018979787,13.086302018979787,0,0,1
br_spring,2015-16,291,13.086302018979787,13.086302018979787,0,0,1
br_spring,2015-16,292,13.086302018979787,13.086302018979787,0,0,1
br_spring,2015-16,293,13.086302018979787,13.086302018979787,0,0,1
br_spring,2015-16,294,13.086302018979787,13.086302018979787,0,0,1
br_spring,2015-16,295,13.086302018979787,13.086302018979787,0,0,1
br_spring,2015-16,296,13.086302018979787,13.086302018979787,0,0,1
br_spring,2015-16,297,13.086302018979787,13.086302018979787,0,0,1
br_spring,2015-16,298,13.086302018979787,13.086302018979787,0,0,1
br_spring,2015-16,299,13.086302018979787,13.086302018979787,0,0,1
br_spring,2015-16,300,13.086302018979787,13.086302018979787,0,0,1
br_spring,2015-16,301,13.086302018979787,13.086302018979787,0,0,1
br_spring,2015-16,302,13.086302018979787,13.086302018979787,0,0,1
br_spring,2015-16,303,13.086302018979787,13.086302018979787,0,13.086302018979787,1
br_spring,2015-16,304,0,0,0,0,1
br_spring,2015-16,305,0,0,0,0,1
br_spring,2015-16,306,0,0,0,0,1
br_spring,2015-16,307,0,0,0,0,1
br_spring,2015-16,308,0,0,0,0,1
br_spring,2015-16,309,0,0,0,0,1
br_spring,2015-16,310,0,0,0,0,1
br_spring,2015-16,311,0,0,0,0,1
br_spring,2015-16,312,0,0,0,0,1
br_spring,2015-16,313,0,0,0,0,1
br_spring,2015-16,314,0,0,0,0,1
br_spring,2015-16,315,0,0,0,0,1
br_spring,2015-16,316,0,0,0,0,1
br_spring,2015-16,317,0,0,0,0,1
br_spring,2015-16,318,0,0,0,0,1
br_spring,2015-16,319,0,0,0,0,1
br_fall,2016-17,1,0,0,0,0,1
br_fall,2016-17,2,0,0,0,0,1
br_fall,2016-17,3,0,0,0,0,1
br_fall,2016-17,4,0,0,0,0,1
br_fall,2016-17,5,0,0,0,0,1
br_fall,2016-17,6,0,0,0,0,1
br_fall,2016-17,7,0,0,0,0,1
br_fall,2016-17,8,0,0,0,0,1
br_fall,2016-17,9,0,0,0,0,1
br_fall,2016-17,10,0,0,0,0,1
br_fall,2016-17,11,0,0,0,0,1
br_fall,2016-17,12,0,0,0,0,1
br_fall,2016-17,13,0,0,0,0,1
br_fall,2016-17,14,0,0,0,0,1
br_fall,2016-17,15,0,0,0,0,1
br_fall,2016-17,16,0,0,0,0,1
br_fall,2016-17,17,0,0,0,0,1
br_fall,2016-17,18,0,0,0,0,1
br_fall,2016-17,19,0,0,0,0,1
br_fall,2016-17,20,0,0,0,0,1
br_fall,2016-17,21,0,0,0,0,1
br_fall,2016-17,22,0,0,0,0,1
br_fall,2016-17,23,0,0,0,0,1
br_fall,2016-17,24,0,0,0,0,1
br_fall,2016-17,25,0,0,0,0,1
br_fall,2016-17,26,0,0,0,0,1
br_fall,2016-17,27,0,0,0,0,1
br_fall,2016-17,28,0,0,0,0,1
br_fall,2016-17,29,0,0,0,0,1
br_fall,2016-17,30,0,0,0,0,1
br_fall,2016-17,31,0,0,0,0,1
br_fall,2016-17,32,0,0,0,0,1
br_fall,2016-17,33,0,0,0,0,1
br_fall,2016-17,34,0,0,0,0,1
br_fall,2016-17,35,0,0,0,0,1
br_fall,2016-17,36,0,0,0,0,1
br_fall,2016-17,37,0,0,0,0,1
br_fall,2016-17,38,0,0,0,0,1
br_fall,2016-17,39,0,0,0,0,1
br_fall,2016-17,40,0,0,0,0,1
br_fall,2016-17,41,0,0,0,0,1
br_fall,2016-17,42,0,0,0,0,1
br_fall,2016-17,43,0,0,0,0,1
br_fall,2016-17,44,0,0,0,0,1
br_fall,2016-17,45,0,0,0,0,1
br_fall,2016-17,46,0,0,0,0,0.7
br_fall,2016-17,47,0,0,0,0,0.7
br_fall,2016-17,48,0,0,0,0,0.7
br_fall,2016-17,49,517.2869310944335,362.1008517661034,517.2869310944335,0,0.7
br_fall,2016-17,50,517.2869310944335,362.1008517661034,0,0,0.7
br_fall,2016-17,51,517.2869310944335,362.1008517661034,0,0,0.7
br_fall,2016-17,52,517.2869310944335,362.1008517661034,0,0,0.7
br_fall,2016-17,53,517.2869310944335,362.1008517661034,0,0,0.7
br_fall,2016-17,54,517.2869310944335,362.1008517661034,0,0,0.7
br_fall,2016-17,55,517.2869310944335,362.1008517661034,0,0,0.7
br_fall,2016-17,56,517.2869310944335,362.1008517661034,0,0,0.7
br_fall,2016-17,57,517.2869310944335,362.1008517661034,0,0,0.7
br_fall,2016-17,58,517.2869310944335,362.1008517661034,0,0,0.7
br_fall,2016-17,59,517.2869310944335,362.1008517661034,0,0,0.7
br_fall,2016-17,60,517.2869310944335,362.1008517661034,0,0,0.7
br_fall,2016-17,61,517.2869310944335,362.1008517661034,0,0,0.7
br_fall,2016-17,62,517.2869310944335,362.1008517661034,0,0,0.7
br_fall,2016-17,63,517.2869310944335,362.1008517661034,0,0,0.7
br_fall,2016-17,64,739.9139019802512,517.9397313861758,222.62697088581777,0,0.7
br_fall,2016-17,65,739.9139019802514,517.9397313861759,0,0,0.7
br_fall,2016-17,66,739.9139019802514,517.9397313861759,0,0,0.7
br_fall,2016-17,67,739.9139019802514,517.9397313861759,0,0,0.7
br_fall,2016-17,68,739.9139019802514,517.9397313861759,0,0,0.7
br_fall,2016-17,69,739.9139019802514,517.9397313861759,0,0,0.7
br_fall,2016-17,70,739.9139019802514,517.9397313861759,0,0,0.7
br_fall,2016-17,71,739.9139019802514,517.9397313861759,0,0,0.7
br_fall,2016-17,72,739.9139019802514,517.9397313861759,0,0,0.7
br_fall,2016-17,73,739.9139019802514,517.9397313861759,0,0,0.7
br_fall,2016-17,74,739.9139019802514,517.9397313861759,0,0,0.7
br_fall,2016-17,75,739.9139019802514,517.9397313861759,0,0,0.7
br_fall,2016-17,76,739.9139019802512,517.9397313861758,0,348.13398712830576,0.7
br_fall,2016-17,77,573.0554283207948,401.1387998245564,181.27551346884928,0,0.7
br_fall,2016-17,78,573.0554283207948,401.1387998245564,0,0,0.7
br_fall,2016-17,79,573.0554283207948,401.1387998245564,0,0,0.7
br_fall,2016-17,80,573.0554283207948,401.1387998245564,0,0,0.7
br_fall,2016-17,81,573.0554283207948,401.1387998245564,0,0,0.7
br_fall,2016-17,82,573.0554283207948,401.1387998245564,0,0,0.7
br_fall,2016-17,83,573.0554283207948,401.1387998245564,0,0,0.7
br_fall,2016-17,84,573.0554283207948,401.1387998245564,0,0,0.7
br_fall,2016-17,85,573.0554283207948,401.1387998245564,0,0,0.7
br_fall,2016-17,86,573.0554283207948,401.1387998245564,0,0,0.7
br_fall,2016-17,87,573.0554283207948,401.1387998245564,0,0,0.7
br_fall,2016-17,88,573.0554283207948,401.1387998245564,0,0,0.7
br_fall,2016-17,89,573.0554283207948,401.1387998245564,0,0,0.7
br_fall,2016-17,90,573.0554283207948,401.1387998245564,0,0,0.7
br_fall,2016-17,91,573.0554283207948,401.1387998245564,0,169.15294396612776,0.7
br_fall,2016-17,92,403.902484354667,282.7317390482669,0,0,0.7
br_fall,2016-17,93,403.902484354667,282.7317390482669,0,0,0.7
br_fall,2016-17,94,786.9013051506283,555.4937307107676,382.99882079596125,0,0.70592554247249
br_fall,2016-17,95,786.9013051506283,560.4169923465179,0,0,0.7121820597809825
br_fall,2016-17,96,786.9013051506283,565.5724299378884,0,0,0.7187336280114909
br_fall,2016-17,97,786.9013051506283,570.9317749100769,0,0,0.7255443232500287
br_fall,2016-17,98,786.9013051506283,576.4667586882817,0,0,0.7325782215826097
br_fall,2016-17,99,786.9013051506283,582.1491126977004,0,0,0.739799399095247
br_fall,2016-17,100,786.9013051506283,587.9505683635309,0,0,0.7471719318739543
br_fall,2016-17,101,786.9013051506283,593.8428571109714,0,0,0.7546598960047451
br_fall,2016-17,102,786.9013051506283,599.7977103652195,0,0,0.762227367573633
br_fall,2016-17,103,786.9013051506283,605.7868595514732,0,0,0.7698384226666313
br_fall,2016-17,104,786.9013051506283,611.7820360949305,0,0,0.7774571373697536
br_fall,2016-17,105,786.9013051506283,617.7549714207893,0,403.902484354667,0.7850475877690136
br_fall,2016-17,106,382.99882079596125,303.55484992472776,0,0,0.7925738499504246
br_fall,2016-17,107,382.99882079596125,306.399056636769,0,0,0.8
br_fall,2016-17,108,827.5726104801845,668.0952100236182,444.5737896842233,0,0.8072949751635299
br_fall,2016-17,109,827.5726104801846,674.0141600863682,0,0,0.8144471573259091
br_fall,2016-17,110,827.5726104801846,679.8093467012375,0,0,0.821449789531809
br_fall,2016-17,111,827.5726104801846,685.4751779970654,0,0,0.8282961148259008
br_fall,2016-17,112,827.5726104801846,691.0060621026922,0,0,0.8349793762528559
br_fall,2016-17,113,827.5726104801846,696.3964071469572,0,0,0.8414928168573454
br_fall,2016-17,114,827.5726104801846,701.6406212587004,0,0,0.8478296796840409
br_fall,2016-17,115,827.5726104801846,706.7331125667615,0,0,0.8539832077776135
br_fall,2016-17,116,827.5726104801846,711.6682891999799,0,0,0.8599466441827344
br_fall,2016-17,117,827.5726104801846,716.4405592871957,0,0,0.865713231944075
br_fall,2016-17,118,827.5726104801846,721.0443309572485,0,0,0.8712762141063066
br_fall,2016-17,119,827.5726104801846,725.4740123389779,0,0,0.8766288337141006
br_fall,2016-17,120,827.5726104801846,729.7240115612238,0,0,0.8817643338121282
br_fall,2016-17,121,827.5726104801845,733.7887367528258,0,272.65215498952267,0.8866759574450606
br_fall,2016-17,122,554.9204554906619,494.6322033989043,0,0,0.8913569476575691
br_fall,2016-17,123,554.9204554906619,497.09804784433527,0,0,0.89580054749432525
br_fall,2016-17,124,554.9204554906619,499.4284099415957,0,0,0.9
br_fall,2016-17,125,554.9204554906619,499.4284099415957,0,0,0.9
br_fall,2016-17,126,554.9204554906619,499.4284099415957,0,0,0.9
br_fall,2016-17,127,554.9204554906619,499.4284099415957,0,0,0.9
br_fall,2016-17,128,554.9204554906619,499.4284099415957,0,0,0.9
br_fall,2016-17,129,554.9204554906619,499.4284099415957,0,0,0.9
br_fall,2016-17,130,554.9204554906619,499.4284099415957,0,0,0.9
br_fall,2016-17,131,554.9204554906619,499.4284099415957,0,0,0.9
br_fall,2016-17,132,554.9204554906619,499.4284099415957,0,0,0.9
br_fall,2016-17,133,554.9204554906619,499.4284099415957,0,0,0.9
br_fall,2016-17,134,554.9204554906619,499.4284099415957,0,0,0.9
br_fall,2016-17,135,554.9204554906619,499.4284099415957,0,554.9204554906619,0.9
br_fall,2016-17,136,0,0,0,0,0.9
br_fall,2016-17,137,0,0,0,0,0.9
br_fall,2016-17,138,0,0,0,0,0.9
br_fall,2016-17,139,0,0,0,0,0.9
br_fall,2016-17,140,0,0,0,0,0.9
br_fall,2016-17,141,0,0,0,0,0.9
br_fall,2016-17,142,0,0,0,0,0.9
br_fall,2016-17,143,0,0,0,0,0.9
br_fall,2016-17,144,0,0,0,0,0.9
br_fall,2016-17,145,0,0,0,0,0.9
br_fall,2016-17,146,0,0,0,0,0.9
br_fall,2016-17,147,0,0,0,0,0.9
br_fall,2016-17,148,0,0,0,0,0.9
br_fall,2016-17,149,0,0,0,0,0.9
br_fall,2016-17,150,0,0,0,0,0.9
br_fall,2016-17,151,0,0,0,0,0.9
br_fall,2016-17,152,0,0,0,0,0.9
br_fall,2016-17,153,0,0,0,0,0.9
br_fall,2016-17,154,0,0,0,0,1
br_fall,2016-17,155,0,0,0,0,1
br_fall,2016-17,156,0,0,0,0,1
br_fall,2016-17,157,0,0,0,0,1
br_fall,2016-17,158,0,0,0,0,1
br_fall,2016-17,159,0,0,0,0,1
br_fall,2016-17,160,0,0,0,0,1
br_fall,2016-17,161,0,0,0,0,1
br_fall,2016-17,162,0,0,0,0,1
br_fall,2016-17,163,0,0,0,0,1
br_fall,2016-17,164,0,0,0,0,1
br_fall,2016-17,165,0,0,0,0,1
br_fall,2016-17,166,0,0,0,0,1
br_fall,2016-17,167,0,0,0,0,1
br_fall,2016-17,168,0,0,0,0,1
br_fall,2016-17,169,0,0,0,0,1
br_fall,2016-17,170,0,0,0,0,1
br_fall,2016-17,171,0,0,0,0,1
br_fall,2016-17,172,0,0,0,0,1
br_fall,2016-17,173,0,0,0,0,1
br_fall,2016-17,174,0,0,0,0,1
br_fall,2016-17,175,0,0,0,0,1
br_fall,2016-17,176,0,0,0,0,1
br_fall,2016-17,177,0,0,0,0,1
br_fall,2016-17,178,0,0,0,0,1
br_fall,2016-17,179,0,0,0,0,1
br_fall,2016-17,180,0,0,0,0,1
br_fall,2016-17,181,0,0,0,0,1
br_fall,2016-17,182,0,0,0,0,1
br_fall,2016-17,183,0,0,0,0,1
br_fall,2016-17,184,0,0,0,0,1
br_spring,2016-17,185,0,0,0,0,0.7
br_spring,2016-17,186,0,0,0,0,0.7
br_spring,2016-17,187,0,0,0,0,0.7
br_spring,2016-17,188,0,0,0,0,0.7
br_spring,2016-17,189,0,0,0,0,0.7
br_spring,2016-17,190,0,0,0,0,0.7
br_spring,2016-17,191,0,0,0,0,0.7
br_spring,2016-17,192,0,0,0,0,0.7
br_spring,2016-17,193,0,0,0,0,0.7
br_spring,2016-17,194,0,0,0,0,0.7
br_spring,2016-17,195,0,0,0,0,0.7
br_spring,2016-17,196,0,0,0,0,0.7
br_spring,2016-17,197,0,0,0,0,0.7
br_spring,2016-17,198,0,0,0,0,0.7
br_spring,2016-17,199,0,0,0,0,0.7
br_spring,2016-17,200,0,0,0,0,0.7
br_spring,2016-17,201,0,0,0,0,0.7
br_spring,2016-17,202,0,0,0,0,0.7
br_spring,2016-17,203,0,0,0,0,0.7
br_spring,2016-17,204,0,0,0,0,0.7
br_spring,2016-17,205,0,0,0,0,0.7
br_spring,2016-17,206,0,0,0,0,0.7
br_spring,2016-17,207,0,0,0,0,0.7
br_spring,2016-17,208,0,0,0,0,0.7
br_spring,2016-17,209,0,0,0,0,0.7
br_spring,2016-17,210,0,0,0,0,0.7
br_spring,2016-17,211,0,0,0,0,0.7
br_spring,2016-17,212,0,0,0,0,0.7
br_spring,2016-17,213,0,0,0,0,0.7
br_spring,2016-17,214,0,0,0,0,0.7
br_spring,2016-17,215,0,0,0,0,0.7
br_spring,2016-17,216,1340.1382137645537,938.0967496351875,1340.1382137645537,0,0.7
br_spring,2016-17,217,1340.1382137645537,942.2135476654094,0,0,0.7030719204839756
br_spring,2016-17,218,1340.1382137645537,946.6180897643569,0,0,0.7063585532011898
br_spring,2016-17,219,1340.1382137645537,951.4482713680177,0,0,0.7099627945802132
br_spring,2016-17,220,1340.1382137645537,956.8419879123783,0,0,0.7139875410496159
br_spring,2016-17,221,1340.1382137645537,962.9371348334261,0,0,0.7185356890379686
br_spring,2016-17,222,1340.1382137645537,969.8716075671479,0,0,0.7237101349738414
br_spring,2016-17,223,1340.1382137645537,977.7833015495312,0,0,0.729613775285805
br_spring,2016-17,224,1340.1382137645537,986.8101122165626,0,0,0.7363495064024295
br_spring,2016-17,225,1340.1382137645537,997.0899350042295,0,0,0.7440202247522854
br_spring,2016-17,226,1340.1382137645537,1008.760665348519,0,0,0.7527288267639431
br_spring,2016-17,227,1340.1382137645537,1021.9601986854179,0,0,0.762578208865973
br_spring,2016-17,228,1340.1382137645537,1036.8264304509134,0,0,0.7736712674869456
br_spring,2016-17,229,1340.1382137645537,1053.4972560809929,0,0,0.7861108990554311
br_spring,2016-17,230,1340.1382137645537,1072.110571011643,0,0,0.8
br_spring,2016-17,231,1340.1382137645537,1092.6830647161903,0,0,0.8153510238669769
br_spring,2016-17,232,1340.1382137645537,1114.7466028173185,0,0,0.8318146526737027
br_spring,2016-17,233,1340.1382137645537,1137.7118449750506,0,0,0.8489511255552727
br_spring,2016-17,234,1340.1382137645537,1160.9894508494092,0,0,0.8663206816467821
br_spring,2016-17,235,1340.1382137645537,1183.9900801004176,0,0,0.8834835600833262
br_spring,2016-17,236,1340.1382137645537,1206.1243923880984,0,0,0.9
br_spring,2016-17,237,1340.1382137645537,1226.9179840415218,0,0,0.9155160053193413
br_spring,2016-17,238,1340.1382137645537,1246.3561980659454,0,0,0.9300206391136573
br_spring,2016-17,239,1340.1382137645537,1264.5393141356737,0,0,0.9435887292426975
br_spring,2016-17,240,1340.1382137645537,1281.5676119250118,0,0,0.9562951035662116
br_spring,2016-17,241,1340.1382137645537,1297.5413711082642,0,0,0.9682145899439494
br_spring,2016-17,242,1340.1382137645537,1312.5608713597353,0,0,0.9794220162356602
br_spring,2016-17,243,1340.1382137645537,1326.7263923537303,0,0,0.9899922103010939
br_spring,2016-17,244,1340.1382137645537,1340.1382137645537,0,0,1
br_spring,2016-17,245,1340.1382137645537,1340.1382137645537,0,0,1
br_spring,2016-17,246,1340.1382137645537,1340.1382137645537,0,0,1
br_spring,2016-17,247,1340.1382137645537,1340.1382137645537,0,0,1
br_spring,2016-17,248,1340.1382137645537,1340.1382137645537,0,0,1
br_spring,2016-17,249,1340.1382137645537,1340.1382137645537,0,0,1
br_spring,2016-17,250,1340.1382137645537,1340.1382137645537,0,0,1
br_spring,2016-17,251,1340.1382137645537,1340.1382137645537,0,0,1
br_spring,2016-17,252,1340.1382137645537,1340.1382137645537,0,0,1
br_spring,2016-17,253,1340.1382137645537,1340.1382137645537,0,0,1
br_spring,2016-17,254,1340.1382137645537,1340.1382137645537,0,0,1
br_spring,2016-17,255,1340.1382137645537,1340.1382137645537,0,0,1
br_spring,2016-17,256,1340.1382137645537,1340.1382137645537,0,0,1
br_spring,2016-17,257,1340.1382137645535,1340.1382137645535,0,619.0596771955646,1
br_spring,2016-17,258,721.0785365689889,721.0785365689889,0,0,1
br_spring,2016-17,259,721.0785365689889,721.0785365689889,0,0,1
br_spring,2016-17,260,721.0785365689889,721.0785365689889,0,0,1
br_spring,2016-17,261,721.0785365689889,721.0785365689889,0,0,1
br_spring,2016-17,262,721.0785365689889,721.0785365689889,0,0,1
br_spring,2016-17,263,721.0785365689889,721.0785365689889,0,0,1
br_spring,2016-17,264,721.0785365689889,721.0785365689889,0,0,1
br_spring,2016-17,265,721.0785365689889,721.0785365689889,0,0,1
br_spring,2016-17,266,721.0785365689889,721.0785365689889,0,0,1
br_spring,2016-17,267,721.0785365689889,721.0785365689889,0,0,1
br_spring,2016-17,268,721.0785365689889,721.0785365689889,0,0,1
br_spring,2016-17,269,721.0785365689889,721.0785365689889,0,0,1
br_spring,2016-17,270,721.0785365689889,721.0785365689889,0,0,1
br_spring,2016-17,271,721.078536568989,721.078536568989,0,565.0105933946298,1
br_spring,2016-17,272,156.06794317435907,156.06794317435907,0,0,1
br_spring,2016-17,273,156.06794317435907,156.06794317435907,0,0,1
br_spring,2016-17,274,156.06794317435907,156.06794317435907,0,0,1
br_spring,2016-17,275,156.06794317435907,156.06794317435907,0,0,1
br_spring,2016-17,276,156.06794317435907,156.06794317435907,0,0,1
br_spring,2016-17,277,156.06794317435907,156.06794317435907,0,0,1
br_spring,2016-17,278,156.06794317435907,156.06794317435907,0,0,1
br_spring,2016-17,279,156.06794317435907,156.06794317435907,0,0,1
br_spring,2016-17,280,156.06794317435907,156.06794317435907,0,0,1
br_spring,2016-17,281,156.06794317435907,156.06794317435907,0,0,1
br_spring,2016-17,282,156.06794317435907,156.06794317435907,0,0,1
br_spring,2016-17,283,156.06794317435907,156.06794317435907,0,0,1
br_spring,2016-17,284,156.06794317435907,156.06794317435907,0,0,1
br_spring,2016-17,285,156.06794317435907,156.06794317435907,0,156.06794317435907,1
br_spring,2016-17,286,0,0,0,0,1
br_spring,2016-17,287,0,0,0,0,1
br_spring,2016-17,288,0,0,0,0,1
br_spring,2016-17,289,0,0,0,0,1
br_spring,2016-17,290,0,0,0,0,1
br_spring,2016-17,291,0,0,0,0,1
br_spring,2016-17,292,0,0,0,0,1
br_spring,2016-17,293,0,0,0,0,1
br_spring,2016-17,294,0,0,0,0,1
br_spring,2016-17,295,0,0,0,0,1
br_spring,2016-17,296,0,0,0,0,1
br_spring,2016-17,297,0,0,0,0,1
br_spring,2016-17,298,0,0,0,0,1
br_spring,2016-17,299,0,0,0,0,1
br_spring,2016-17,300,0,0,0,0,1
br_spring,2016-17,301,0,0,0,0,1
br_spring,2016-17,302,0,0,0,0,1
br_spring,2016-17,303,0,0,0,0,1
br_spring,2016-17,304,0,0,0,0,1
br_spring,2016-17,305,0,0,0,0,1
br_spring,2016-17,306,0,0,0,0,1
br_spring,2016-17,307,0,0,0,0,1
br_spring,2016-17,308,0,0,0,0,1
br_spring,2016-17,309,0,0,0,0,1
br_spring,2016-17,310,0,0,0,0,1
br_spring,2016-17,311,0,0,0,0,1
br_spring,2016-17,312,0,0,0,0,1
br_spring,2016-17,313,0,0,0,0,1
br_spring,2016-17,314,0,0,0,0,1
br_spring,2016-17,315,0,0,0,0,1
br_spring,2016-17,316,0,0,0,0,1
br_spring,2016-17,317,0,0,0,0,1
br_spring,2016-17,318,0,0,0,0,1
br_spring,2016-17,319,0,0,0,0,1
