polygonID,UniqueID,GIS_Ac,season,year,program,opt,start,end,ystart,yend,startm,endm,bioyear
2,co2287,171.065478294,spring,2014,enrolled,4 week,2014-02-01,2014-02-28,216,243,2,2,2013
7,co2304,104.091277154,spring,2014,enrolled,4 week,2014-02-01,2014-02-28,216,243,2,2,2013
8,co892,66.8740937386,spring,2014,enrolled,4 week,2014-02-01,2014-02-28,216,243,2,2,2013
12,su911,95.2733872166,spring,2014,enrolled,4 week,2014-02-01,2014-02-28,216,243,2,2,2013
19,su1395,149.711734102,spring,2014,enrolled,4 week,2014-02-01,2014-02-28,216,243,2,2,2013
20,co4682,12.5724780129,spring,2014,enrolled,6 week,2014-02-01,2014-03-14,216,257,2,3,2013
21,co4691,25.3438621658,spring,2014,enrolled,6 week,2014-02-01,2014-03-14,216,257,2,3,2013
22,co1167,67.6061559348,spring,2014,enrolled,6 week,2014-02-01,2014-03-14,216,257,2,3,2013
23,co4681,32.5466820474,spring,2014,enrolled,6 week,2014-02-01,2014-03-14,216,257,2,3,2013
26,bu5724,26.177604569,spring,2014,enrolled,4 week,2014-02-01,2014-02-28,216,243,2,2,2013
27,pl12,16.1715434246,spring,2014,enrolled,6 week,2014-02-01,2014-03-14,216,257,2,3,2013
40,tnc2,23.708902743,spring,2014,enrolled,4 week,2014-02-01,2014-02-28,216,243,2,2,2013
41,tnc3,79.2081940804,spring,2014,enrolled,4 week,2014-02-01,2014-02-28,216,243,2,2,2013
44,co5302,102.858665673,spring,2014,enrolled,4 week,2014-02-01,2014-02-28,216,243,2,2,2013
45,co6530,145.6143451,spring,2014,enrolled,6 week,2014-02-01,2014-03-14,216,257,2,3,2013
80,co1802,101.293688649,spring,2014,enrolled,4 week,2014-02-01,2014-02-28,216,243,2,2,2013
84,co686,188.994660487,spring,2014,enrolled,6 week,2014-02-01,2014-03-14,216,257,2,3,2013
85,yo5460,225.220071732,spring,2014,enrolled,6 week,2014-02-01,2014-03-14,216,257,2,3,2013
93,su934,132.155317295,spring,2014,enrolled,6 week,2014-02-01,2014-03-14,216,257,2,3,2013
119,tnc9,82.9107993793,spring,2014,enrolled,4 week,2014-02-01,2014-02-28,216,243,2,2,2013
120,su1945,154.751637577,spring,2014,enrolled,4 week,2014-02-01,2014-02-28,216,243,2,2,2013
121,pl428,73.663952307,spring,2014,enrolled,6 week,2014-02-01,2014-03-14,216,257,2,3,2013
122,pl219,21.4867572472,spring,2014,enrolled,6 week,2014-02-01,2014-03-14,216,257,2,3,2013
161,tnc11,51.7662441391,spring,2014,enrolled,4 week,2014-02-01,2014-02-28,216,243,2,2,2013
222,co470,64.6127636,spring,2014,enrolled,6 week,2014-02-01,2014-03-14,216,257,2,3,2013
224,tnc15,73.5823994865,spring,2014,enrolled,8 week,2014-02-01,2014-03-28,216,271,2,3,2013
225,co1933,150.718367023,spring,2014,enrolled,8 week,2014-02-01,2014-03-28,216,271,2,3,2013
226,co1946,156.381339527,spring,2014,enrolled,8 week,2014-02-01,2014-03-28,216,271,2,3,2013
227,co6325,125.104416345,spring,2014,enrolled,8 week,2014-02-01,2014-03-28,216,271,2,3,2013
228,co2290,123.16339536,spring,2014,enrolled,4 week,2014-02-01,2014-02-28,216,243,2,2,2013
233,su4215,165.655458131,spring,2014,enrolled,Mar B (RD 108),2014-03-10,2014-04-04,253,278,3,4,2013
234,co6982,165.655458131,spring,2014,enrolled,Mar B (RD 108),2014-03-10,2014-04-04,253,278,3,4,2013
235,su4214,171.233998395,spring,2014,enrolled,Mar B (RD 108),2014-03-10,2014-04-04,253,278,3,4,2013
236,co6984,171.233998395,spring,2014,enrolled,Mar B (RD 108),2014-03-10,2014-04-04,253,278,3,4,2013
237,co6106,172.665161436,spring,2014,enrolled,Mar B (RD 108),2014-03-10,2014-04-04,253,278,3,4,2013
238,co6108,75.4783145469,spring,2014,enrolled,Mar B (RD 108),2014-03-10,2014-04-04,253,278,3,4,2013
239,co2282,109.173742673,spring,2014,enrolled,Mar B (RD 108),2014-03-10,2014-04-04,253,278,3,4,2013
240,co2281,120.366623923,spring,2014,enrolled,Mar B (RD 108),2014-03-10,2014-04-04,253,278,3,4,2013
241,co1974,220.158747326,spring,2014,enrolled,Mar B (RD 108),2014-03-10,2014-04-04,253,278,3,4,2013
243,co1969,146.404713112,spring,2014,enrolled,Mar B (RD 108),2014-03-10,2014-04-04,253,278,3,4,2013
245,co1970,149.520845696,spring,2014,enrolled,Mar B (RD 108),2014-03-10,2014-04-04,253,278,3,4,2013
247,co1959,155.261986483,spring,2014,enrolled,Mar B (RD 108),2014-03-10,2014-04-04,253,278,3,4,2013
248,co2438,120.038513722,spring,2014,enrolled,Mar B (RD 108),2014-03-10,2014-04-04,253,278,3,4,2013
249,co1958,154.543719046,spring,2014,enrolled,Mar B (RD 108),2014-03-10,2014-04-04,253,278,3,4,2013
250,co1956,152.120847729,spring,2014,enrolled,Mar B (RD 108),2014-03-10,2014-04-04,253,278,3,4,2013
251,co1942,229.69447111,spring,2014,enrolled,Mar B (RD 108),2014-03-10,2014-04-04,253,278,3,4,2013
252,co6450,33.101679784,spring,2014,enrolled,Mar B (RD 108),2014-03-10,2014-04-04,253,278,3,4,2013
253,co1937,92.2981991761,spring,2014,enrolled,Mar B (RD 108),2014-03-10,2014-04-04,253,278,3,4,2013
257,tnc122,35.9784345121,spring,2014,enrolled,8 week,2014-02-01,2014-03-28,216,271,2,3,2013
261,co1804,161.116477269,spring,2014,enrolled,4 week,2014-02-01,2014-02-28,216,243,2,2,2013
269,co6281,371.839941472,spring,2014,enrolled,4 week,2014-02-01,2014-02-28,216,243,2,2,2013
270,co6425,317.828465929,spring,2014,enrolled,4 week,2014-02-01,2014-02-28,216,243,2,2,2013
271,co922,358.430712162,spring,2014,enrolled,4 week,2014-02-01,2014-02-28,216,243,2,2,2013
281,co938,117.452013342,spring,2014,enrolled,6 week,2014-02-01,2014-03-14,216,257,2,3,2013
286,co5811,346.263948717,spring,2014,enrolled,Multiple Bids,2014-02-01,2014-03-14,216,257,2,3,2013
287,co5300,96.364069523,spring,2014,enrolled,4 week,2014-02-01,2014-02-28,216,243,2,2,2013
288,co901,126.297495513,spring,2014,enrolled,6 week,2014-02-01,2014-03-14,216,257,2,3,2013
289,co887,128.95512198,spring,2014,enrolled,6 week,2014-02-01,2014-03-14,216,257,2,3,2013
290,co4412,73.1970754386,spring,2014,enrolled,4 week,2014-02-01,2014-02-28,216,243,2,2,2013
291,tnc107,30.7757571974,spring,2014,enrolled,8 week,2014-02-01,2014-03-28,216,271,2,3,2013
293,co3956,75.55784243,spring,2014,enrolled,4 week,2014-02-01,2014-02-28,216,243,2,2,2013
294,co5075,62.2176793514,spring,2014,enrolled,4 week,2014-02-01,2014-02-28,216,243,2,2,2013
295,su1396,148.432675652,spring,2014,enrolled,4 week,2014-02-01,2014-02-28,216,243,2,2,2013
301,pl6,15.2739408264,spring,2014,enrolled,6 week,2014-02-01,2014-03-14,216,257,2,3,2013
302,pl8,10.7915630004,spring,2014,enrolled,6 week,2014-02-01,2014-03-14,216,257,2,3,2013
303,pl9,10.6090642396,spring,2014,enrolled,6 week,2014-02-01,2014-03-14,216,257,2,3,2013
304,pl10,12.5206520657,spring,2014,enrolled,6 week,2014-02-01,2014-03-14,216,257,2,3,2013
305,pl11,10.9609772401,spring,2014,enrolled,6 week,2014-02-01,2014-03-14,216,257,2,3,2013
306,pl5,12.6173798411,spring,2014,enrolled,6 week,2014-02-01,2014-03-14,216,257,2,3,2013
307,pl7,10.6459740756,spring,2014,enrolled,6 week,2014-02-01,2014-03-14,216,257,2,3,2013
321,tnc17,24.6097341877,spring,2014,enrolled,4 week,2014-02-01,2014-02-28,216,243,2,2,2013
322,tnc18,30.7351137732,spring,2014,enrolled,4 week,2014-02-01,2014-02-28,216,243,2,2,2013
323,tnc19,30.1870176922,spring,2014,enrolled,4 week,2014-02-01,2014-02-28,216,243,2,2,2013
324,tnc20,21.5552199833,spring,2014,enrolled,4 week,2014-02-01,2014-02-28,216,243,2,2,2013
325,tnc21,2.99733869341,spring,2014,enrolled,4 week,2014-02-01,2014-02-28,216,243,2,2,2013
362,yo3447,412.235835066,spring,2014,enrolled,Mar B,2014-03-10,2014-04-04,253,278,3,4,2013
370,co1798,120.088478674,spring,2014,enrolled,4 week,2014-02-01,2014-02-28,216,243,2,2,2013
371,co1799,115.582690134,spring,2014,enrolled,4 week,2014-02-01,2014-02-28,216,243,2,2,2013
372,co1800,117.600485168,spring,2014,enrolled,4 week,2014-02-01,2014-02-28,216,243,2,2,2013
373,co1801,115.29671196,spring,2014,enrolled,4 week,2014-02-01,2014-02-28,216,243,2,2,2013
374,co1803,80.3287912443,spring,2014,enrolled,4 week,2014-02-01,2014-02-28,216,243,2,2,2013
390,tnc31,36.4265679745,spring,2014,enrolled,4 week,2014-02-01,2014-02-28,216,243,2,2,2013
428,tnc32,31.7201570415,spring,2014,enrolled,4 week,2014-02-01,2014-02-28,216,243,2,2,2013
429,tnc33,4.70455113374,spring,2014,enrolled,4 week,2014-02-01,2014-02-28,216,243,2,2,2013
434,tnc38,20.2722102366,spring,2014,enrolled,4 week,2014-02-01,2014-02-28,216,243,2,2,2013
435,tnc39,20.5078650976,spring,2014,enrolled,4 week,2014-02-01,2014-02-28,216,243,2,2,2013
436,tnc40,10.0132768634,spring,2014,enrolled,4 week,2014-02-01,2014-02-28,216,243,2,2,2013
483,tnc123,4.40514861676,spring,2014,enrolled,6 week,2014-02-01,2014-03-14,216,257,2,3,2013
484,tnc124,22.1909514673,spring,2014,enrolled,6 week,2014-02-01,2014-03-14,216,257,2,3,2013
485,tnc125,7.78189140741,spring,2014,enrolled,8 week,2014-02-01,2014-03-28,216,271,2,3,2013
503,su1912,118.301604941,spring,2014,enrolled,6 week,2014-02-01,2014-03-14,216,257,2,3,2013
504,su1909,132.287113559,spring,2014,enrolled,6 week,2014-02-01,2014-03-14,216,257,2,3,2013
530,yo5459,149.966445523,spring,2014,enrolled,6 week,2014-02-01,2014-03-14,216,257,2,3,2013
542,pl217,19.995361584,spring,2014,enrolled,6 week,2014-02-01,2014-03-14,216,257,2,3,2013
543,pl218,13.8808519223,spring,2014,enrolled,6 week,2014-02-01,2014-03-14,216,257,2,3,2013
544,pl429,30.2524686047,spring,2014,enrolled,6 week,2014-02-01,2014-03-14,216,257,2,3,2013
545,pl27,40.3147753771,spring,2014,enrolled,6 week,2014-02-01,2014-03-14,216,257,2,3,2013
551,co6218,99.143670593,spring,2014,enrolled,6 week,2014-02-01,2014-03-14,216,257,2,3,2013
552,co469,48.9197458215,spring,2014,enrolled,6 week,2014-02-01,2014-03-14,216,257,2,3,2013
553,co2263,107.531417742,spring,2014,enrolled,8 week,2014-02-01,2014-03-28,216,271,2,3,2013
554,co2265,25.3733417549,spring,2014,enrolled,8 week,2014-02-01,2014-03-28,216,271,2,3,2013
555,co2264,121.901196995,spring,2014,enrolled,8 week,2014-02-01,2014-03-28,216,271,2,3,2013
556,co2266,112.553478395,spring,2014,enrolled,8 week,2014-02-01,2014-03-28,216,271,2,3,2013
557,co1943,152.464619588,spring,2014,enrolled,8 week,2014-02-01,2014-03-28,216,271,2,3,2013
558,co1944,71.8483304051,spring,2014,enrolled,8 week,2014-02-01,2014-03-28,216,271,2,3,2013
559,co1945,73.1619368819,spring,2014,enrolled,8 week,2014-02-01,2014-03-28,216,271,2,3,2013
560,co1947,153.165360121,spring,2014,enrolled,8 week,2014-02-01,2014-03-28,216,271,2,3,2013
561,bu5723,21.2695565112,spring,2014,enrolled,4 week,2014-02-01,2014-02-28,216,243,2,2,2013
562,bu3210,17.3945969103,spring,2014,enrolled,4 week,2014-02-01,2014-02-28,216,243,2,2,2013
563,bu5722,24.3119734162,spring,2014,enrolled,4 week,2014-02-01,2014-02-28,216,243,2,2,2013
573,co2303,142.789989658,spring,2014,enrolled,4 week,2014-02-01,2014-02-28,216,243,2,2,2013
574,co2305,78.4857289157,spring,2014,enrolled,4 week,2014-02-01,2014-02-28,216,243,2,2,2013
642,su1911,80.7043947949,spring,2014,enrolled,6 week,2014-02-01,2014-03-14,216,257,2,3,2013
643,su1910,123.600553627,spring,2014,enrolled,6 week,2014-02-01,2014-03-14,216,257,2,3,2013
644,su1908,132.0314677,spring,2014,enrolled,6 week,2014-02-01,2014-03-14,216,257,2,3,2013
675,co894,42.2510471547,spring,2014,enrolled,4 week,2014-02-01,2014-02-28,216,243,2,2,2013
758,tnc146,146.222317326,spring,2014,enrolled,4 week,2014-02-01,2014-02-28,216,243,2,2,2013
759,tnc147,149.300940668,spring,2014,enrolled,4 week,2014-02-01,2014-02-28,216,243,2,2,2013
760,yo5578,131.4981242,spring,2014,enrolled,4 week,2014-02-01,2014-02-28,216,243,2,2,2013
761,tnc144,155.140713859,spring,2014,enrolled,4 week,2014-02-01,2014-02-28,216,243,2,2,2013
762,tnc145,150.258197942,spring,2014,enrolled,4 week,2014-02-01,2014-02-28,216,243,2,2,2013
763,yo5577,66.860273864,spring,2014,enrolled,4 week,2014-02-01,2014-02-28,216,243,2,2,2013
806,co1165,18.6982674412,spring,2014,enrolled,6 week,2014-02-01,2014-03-14,216,257,2,3,2013
819,co4667,20.7699279735,spring,2014,enrolled,6 week,2014-02-01,2014-03-14,216,257,2,3,2013
820,co4668,21.9441741043,spring,2014,enrolled,6 week,2014-02-01,2014-03-14,216,257,2,3,2013
821,co4669,22.0667204167,spring,2014,enrolled,6 week,2014-02-01,2014-03-14,216,257,2,3,2013
822,co4672,23.4684173958,spring,2014,enrolled,6 week,2014-02-01,2014-03-14,216,257,2,3,2013
823,co4670,24.8441573582,spring,2014,enrolled,6 week,2014-02-01,2014-03-14,216,257,2,3,2013
824,co4671,24.7078762245,spring,2014,enrolled,6 week,2014-02-01,2014-03-14,216,257,2,3,2013
825,co4673,20.2557702893,spring,2014,enrolled,6 week,2014-02-01,2014-03-14,216,257,2,3,2013
826,co4680,33.2527471178,spring,2014,enrolled,6 week,2014-02-01,2014-03-14,216,257,2,3,2013
827,co4674,15.9438647599,spring,2014,enrolled,6 week,2014-02-01,2014-03-14,216,257,2,3,2013
828,co4687,141.083333641,spring,2014,enrolled,6 week,2014-02-01,2014-03-14,216,257,2,3,2013
829,co4693,23.0202864733,spring,2014,enrolled,6 week,2014-02-01,2014-03-14,216,257,2,3,2013
830,co4692,24.1181907296,spring,2014,enrolled,6 week,2014-02-01,2014-03-14,216,257,2,3,2013
831,co4689,24.8724484211,spring,2014,enrolled,6 week,2014-02-01,2014-03-14,216,257,2,3,2013
832,co4690,23.6662662249,spring,2014,enrolled,6 week,2014-02-01,2014-03-14,216,257,2,3,2013
833,co4694,25.2130933665,spring,2014,enrolled,6 week,2014-02-01,2014-03-14,216,257,2,3,2013
10,su637,58.7949076155,fall,2014,enrolled,Sep B,2014-09-16,2014-09-30,78,92,9,9,2014
61,su3305,130.318032903,fall,2014,enrolled,Sep A,2014-09-02,2014-09-15,64,77,9,9,2014
62,su4020,68.3120452878,fall,2014,enrolled,Sep A,2014-09-02,2014-09-15,64,77,9,9,2014
63,su3300,140.715162623,fall,2014,enrolled,Sep A,2014-09-02,2014-09-15,64,77,9,9,2014
64,su3298,144.827516057,fall,2014,enrolled,Sep B,2014-09-16,2014-09-30,78,92,9,9,2014
67,su3291,63.9393709341,fall,2014,enrolled,Oct A,2014-10-04,2014-10-17,96,109,10,10,2014
78,tnc137,96.1429015338,fall,2014,enrolled,Sep A,2014-09-02,2014-09-15,64,77,9,9,2014
86,su3428,159.151838341,fall,2014,enrolled,Sep B,2014-09-16,2014-09-30,78,92,9,9,2014
87,su3429,140.346714123,fall,2014,enrolled,Sep B,2014-09-16,2014-09-30,78,92,9,9,2014
88,su4504,52.4281515935,fall,2014,enrolled,Oct A,2014-10-04,2014-10-17,96,109,10,10,2014
89,su3427,162.836986175,fall,2014,enrolled,Sep B,2014-09-16,2014-09-30,78,92,9,9,2014
90,su3419,109.95213978,fall,2014,enrolled,Oct A,2014-10-04,2014-10-17,96,109,10,10,2014
91,su3267,314.283737345,fall,2014,enrolled,Sep B,2014-09-16,2014-09-30,78,92,9,9,2014
92,su3422,103.620250519,fall,2014,enrolled,Sep B,2014-09-16,2014-09-30,78,92,9,9,2014
108,co5348,29.9774772356,fall,2014,enrolled,Oct B,2014-10-18,2014-10-31,110,123,10,10,2014
109,co2478,59.4512290926,fall,2014,enrolled,Oct A,2014-10-04,2014-10-17,96,109,10,10,2014
112,co184,92.2447897402,fall,2014,enrolled,Oct A,2014-10-04,2014-10-17,96,109,10,10,2014
113,co185,51.5580889985,fall,2014,enrolled,Oct B,2014-10-18,2014-10-31,110,123,10,10,2014
118,su1925,146.383443203,fall,2014,enrolled,Sep A,2014-09-02,2014-09-15,64,77,9,9,2014
134,yu2009,47.6234479753,fall,2014,enrolled,Oct B,2014-10-18,2014-10-31,110,123,10,10,2014
135,yu2803,97.949290636,fall,2014,enrolled,Oct B,2014-10-18,2014-10-31,110,123,10,10,2014
137,yu2804,105.656518356,fall,2014,enrolled,Oct B,2014-10-18,2014-10-31,110,123,10,10,2014
139,yu2008,53.6441363563,fall,2014,enrolled,Oct B,2014-10-18,2014-10-31,110,123,10,10,2014
142,yu2794,35.5566494097,fall,2014,enrolled,Oct B,2014-10-18,2014-10-31,110,123,10,10,2014
143,yu2474,51.8320889889,fall,2014,enrolled,Oct B,2014-10-18,2014-10-31,110,123,10,10,2014
144,yu2004,54.8771526798,fall,2014,enrolled,Oct B,2014-10-18,2014-10-31,110,123,10,10,2014
145,yu2007,43.2466548077,fall,2014,enrolled,Oct B,2014-10-18,2014-10-31,110,123,10,10,2014
147,yu2467,42.4571704501,fall,2014,enrolled,Oct B,2014-10-18,2014-10-31,110,123,10,10,2014
148,yu2001,40.4595689081,fall,2014,enrolled,Oct B,2014-10-18,2014-10-31,110,123,10,10,2014
150,yu2465,37.5906493124,fall,2014,enrolled,Oct B,2014-10-18,2014-10-31,110,123,10,10,2014
151,yu2792,120.494064303,fall,2014,enrolled,Oct B,2014-10-18,2014-10-31,110,123,10,10,2014
152,yu2469,75.1428047258,fall,2014,enrolled,Oct B,2014-10-18,2014-10-31,110,123,10,10,2014
153,yu2464,70.7327629713,fall,2014,enrolled,Oct A,2014-10-04,2014-10-17,96,109,10,10,2014
154,yu894,21.0832391668,fall,2014,enrolled,Oct A,2014-10-04,2014-10-17,96,109,10,10,2014
156,yu2424,83.2037879748,fall,2014,enrolled,Oct B,2014-10-18,2014-10-31,110,123,10,10,2014
157,yu2420,24.2151626877,fall,2014,enrolled,Oct B,2014-10-18,2014-10-31,110,123,10,10,2014
158,yu2413,34.4083009237,fall,2014,enrolled,Oct B,2014-10-18,2014-10-31,110,123,10,10,2014
159,yu2410,23.5303845391,fall,2014,enrolled,Oct B,2014-10-18,2014-10-31,110,123,10,10,2014
162,yu2418,45.1008742092,fall,2014,enrolled,Oct B,2014-10-18,2014-10-31,110,123,10,10,2014
164,yu1670,108.402656719,fall,2014,enrolled,Oct B,2014-10-18,2014-10-31,110,123,10,10,2014
169,yu1669,106.568066734,fall,2014,enrolled,Oct B,2014-10-18,2014-10-31,110,123,10,10,2014
183,su2574,33.4181611403,fall,2014,enrolled,Oct A,2014-10-04,2014-10-17,96,109,10,10,2014
223,su4268,35.2481800572,fall,2014,enrolled,Oct B,2014-10-18,2014-10-31,110,123,10,10,2014
232,yo3458,111.385692321,fall,2014,enrolled,Sep A (RD108),2014-09-01,2014-09-14,63,76,9,9,2014
244,co2283,153.474264292,fall,2014,enrolled,Sep A (RD108),2014-09-01,2014-09-14,63,76,9,9,2014
245,co1970,149.520845696,fall,2014,enrolled,Sep A (RD108),2014-09-01,2014-09-14,63,76,9,9,2014
246,yo5706,146.760089098,fall,2014,enrolled,Sep A (RD108),2014-09-01,2014-09-14,63,76,9,9,2014
255,co2401,112.312203261,fall,2014,enrolled,Sep A (RD108),2014-09-01,2014-09-14,63,76,9,9,2014
256,co2394,152.098491633,fall,2014,enrolled,Sep A (RD108),2014-09-01,2014-09-14,63,76,9,9,2014
258,tnc120,26.5536391095,fall,2014,enrolled,Sep B,2014-09-16,2014-09-30,78,92,9,9,2014
259,tnc121,23.6681971943,fall,2014,enrolled,Sep B,2014-09-16,2014-09-30,78,92,9,9,2014
260,su2388,33.4997160081,fall,2014,enrolled,Sep B,2014-09-16,2014-09-30,78,92,9,9,2014
261,co1804,161.116477269,fall,2014,enrolled,Oct B,2014-10-18,2014-10-31,110,123,10,10,2014
267,yo3463,153.38046377,fall,2014,enrolled,Oct B,2014-10-18,2014-10-31,110,123,10,10,2014
283,su953,166.633482153,fall,2014,enrolled,Oct B,2014-10-18,2014-10-31,110,123,10,10,2014
284,su946,124.861290085,fall,2014,enrolled,Oct B,2014-10-18,2014-10-31,110,123,10,10,2014
300,su3426,151.409954263,fall,2014,enrolled,Sep B,2014-09-16,2014-09-30,78,92,9,9,2014
326,yu2463,18.6563266463,fall,2014,enrolled,Oct B,2014-10-18,2014-10-31,110,123,10,10,2014
327,yu2466,35.730359712,fall,2014,enrolled,Oct B,2014-10-18,2014-10-31,110,123,10,10,2014
331,yu2006,39.6772414246,fall,2014,enrolled,Oct B,2014-10-18,2014-10-31,110,123,10,10,2014
332,yu2005,45.7379456399,fall,2014,enrolled,Oct B,2014-10-18,2014-10-31,110,123,10,10,2014
333,yu2010,50.3439933357,fall,2014,enrolled,Oct B,2014-10-18,2014-10-31,110,123,10,10,2014
340,co186,17.9401350764,fall,2014,enrolled,Oct B,2014-10-18,2014-10-31,110,123,10,10,2014
362,yo3447,412.235835066,fall,2014,enrolled,Oct B,2014-10-18,2014-10-31,110,123,10,10,2014
388,tnc29,20.9642100566,fall,2014,enrolled,Oct B,2014-10-18,2014-10-31,110,123,10,10,2014
389,tnc30,12.1577105398,fall,2014,enrolled,Oct B,2014-10-18,2014-10-31,110,123,10,10,2014
425,yu340,64.0231139975,fall,2014,enrolled,Oct A,2014-10-04,2014-10-17,96,109,10,10,2014
426,su3435,37.8440791602,fall,2014,enrolled,Oct A,2014-10-04,2014-10-17,96,109,10,10,2014
430,tnc34,12.7298406529,fall,2014,enrolled,Oct B,2014-10-18,2014-10-31,110,123,10,10,2014
431,tnc35,4.83704063957,fall,2014,enrolled,Oct B,2014-10-18,2014-10-31,110,123,10,10,2014
432,tnc36,6.24850119348,fall,2014,enrolled,Oct B,2014-10-18,2014-10-31,110,123,10,10,2014
433,tnc37,4.09651197737,fall,2014,enrolled,Oct B,2014-10-18,2014-10-31,110,123,10,10,2014
506,su2571,85.3519707747,fall,2014,enrolled,Oct A,2014-10-04,2014-10-17,96,109,10,10,2014
507,su2576,41.9793883462,fall,2014,enrolled,Oct A,2014-10-04,2014-10-17,96,109,10,10,2014
508,su2575,46.8750534915,fall,2014,enrolled,Oct A,2014-10-04,2014-10-17,96,109,10,10,2014
509,su2573,23.2749869915,fall,2014,enrolled,Oct A,2014-10-04,2014-10-17,96,109,10,10,2014
518,su4264,29.9690865186,fall,2014,enrolled,Oct B,2014-10-18,2014-10-31,110,123,10,10,2014
519,su4266,36.8949189643,fall,2014,enrolled,Oct B,2014-10-18,2014-10-31,110,123,10,10,2014
520,su4267,22.9967310453,fall,2014,enrolled,Oct B,2014-10-18,2014-10-31,110,123,10,10,2014
956,su3420,24.7889826687,fall,2014,enrolled,Sep B,2014-09-16,2014-09-30,78,92,9,9,2014
957,su3421,27.2443126773,fall,2014,enrolled,Sep B,2014-09-16,2014-09-30,78,92,9,9,2014
958,su3424,31.7054380876,fall,2014,enrolled,Sep B,2014-09-16,2014-09-30,78,92,9,9,2014
12,su911,95.2733872166,spring,2015,enrolled,4 week,2015-02-01,2015-02-28,216,243,2,2,2014
18,yu337,151.881971747,spring,2015,enrolled,2 week,2015-02-01,2015-02-14,216,229,2,2,2014
20,co4682,12.5724780129,spring,2015,enrolled,6 week,2015-02-01,2015-03-14,216,257,2,3,2014
23,co4681,32.5466820474,spring,2015,enrolled,6 week,2015-02-01,2015-03-14,216,257,2,3,2014
27,pl12,16.1715434246,spring,2015,enrolled,6 week,2015-02-01,2015-03-14,216,257,2,3,2014
41,tnc3,79.2081940804,spring,2015,enrolled,4 week,2015-02-01,2015-02-28,216,243,2,2,2014
80,co1802,101.293688649,spring,2015,enrolled,6 week,2015-02-01,2015-03-14,216,257,2,3,2014
85,yo5460,225.220071732,spring,2015,enrolled,6 week,2015-02-01,2015-03-14,216,257,2,3,2014
114,tnc5,121.471550666,spring,2015,enrolled,2 week,2015-02-01,2015-02-14,216,229,2,2,2014
115,tnc6,33.071554801,spring,2015,enrolled,2 week,2015-02-01,2015-02-14,216,229,2,2,2014
210,yo2868,260.565461422,spring,2015,enrolled,2 week,2015-02-01,2015-02-14,216,229,2,2,2014
257,tnc122,35.9784345121,spring,2015,enrolled,8 week,2015-02-01,2015-03-28,216,271,2,3,2014
261,co1804,161.116477269,spring,2015,enrolled,4 week,2015-02-01,2015-02-28,216,243,2,2,2014
301,pl6,15.2739408264,spring,2015,enrolled,6 week,2015-02-01,2015-03-14,216,257,2,3,2014
302,pl8,10.7915630004,spring,2015,enrolled,6 week,2015-02-01,2015-03-14,216,257,2,3,2014
303,pl9,10.6090642396,spring,2015,enrolled,6 week,2015-02-01,2015-03-14,216,257,2,3,2014
304,pl10,12.5206520657,spring,2015,enrolled,6 week,2015-02-01,2015-03-14,216,257,2,3,2014
305,pl11,10.9609772401,spring,2015,enrolled,6 week,2015-02-01,2015-03-14,216,257,2,3,2014
306,pl5,12.6173798411,spring,2015,enrolled,6 week,2015-02-01,2015-03-14,216,257,2,3,2014
307,pl7,10.6459740756,spring,2015,enrolled,6 week,2015-02-01,2015-03-14,216,257,2,3,2014
370,co1798,120.088478674,spring,2015,enrolled,6 week,2015-02-01,2015-03-14,216,257,2,3,2014
371,co1799,115.582690134,spring,2015,enrolled,6 week,2015-02-01,2015-03-14,216,257,2,3,2014
372,co1800,117.600485168,spring,2015,enrolled,6 week,2015-02-01,2015-03-14,216,257,2,3,2014
373,co1801,115.29671196,spring,2015,enrolled,6 week,2015-02-01,2015-03-14,216,257,2,3,2014
374,co1803,80.3287912443,spring,2015,enrolled,6 week,2015-02-01,2015-03-14,216,257,2,3,2014
388,tnc29,20.9642100566,spring,2015,enrolled,4 week,2015-02-01,2015-02-28,216,243,2,2,2014
389,tnc30,12.1577105398,spring,2015,enrolled,4 week,2015-02-01,2015-02-28,216,243,2,2,2014
430,tnc34,12.7298406529,spring,2015,enrolled,4 week,2015-02-01,2015-02-28,216,243,2,2,2014
431,tnc35,4.83704063957,spring,2015,enrolled,4 week,2015-02-01,2015-02-28,216,243,2,2,2014
432,tnc36,6.24850119348,spring,2015,enrolled,4 week,2015-02-01,2015-02-28,216,243,2,2,2014
433,tnc37,4.09651197737,spring,2015,enrolled,4 week,2015-02-01,2015-02-28,216,243,2,2,2014
440,yo2867,135.019538457,spring,2015,enrolled,2 week,2015-02-01,2015-02-14,216,229,2,2,2014
441,yo2866,128.311717261,spring,2015,enrolled,2 week,2015-02-01,2015-02-14,216,229,2,2,2014
483,tnc123,4.40514861676,spring,2015,enrolled,6 week,2015-02-01,2015-03-14,216,257,2,3,2014
484,tnc124,22.1909514673,spring,2015,enrolled,6 week,2015-02-01,2015-03-14,216,257,2,3,2014
485,tnc125,7.78189140741,spring,2015,enrolled,8 week,2015-02-01,2015-03-28,216,271,2,3,2014
503,su1912,118.301604941,spring,2015,enrolled,6 week,2015-02-01,2015-03-14,216,257,2,3,2014
504,su1909,132.287113559,spring,2015,enrolled,6 week,2015-02-01,2015-03-14,216,257,2,3,2014
530,yo5459,149.966445523,spring,2015,enrolled,6 week,2015-02-01,2015-03-14,216,257,2,3,2014
642,su1911,80.7043947949,spring,2015,enrolled,6 week,2015-02-01,2015-03-14,216,257,2,3,2014
643,su1910,123.600553627,spring,2015,enrolled,6 week,2015-02-01,2015-03-14,216,257,2,3,2014
644,su1908,132.0314677,spring,2015,enrolled,6 week,2015-02-01,2015-03-14,216,257,2,3,2014
758,tnc146,146.222317326,spring,2015,enrolled,4 week,2015-02-01,2015-02-28,216,243,2,2,2014
759,tnc147,149.300940668,spring,2015,enrolled,4 week,2015-02-01,2015-02-28,216,243,2,2,2014
760,yo5578,131.4981242,spring,2015,enrolled,4 week,2015-02-01,2015-02-28,216,243,2,2,2014
761,tnc144,155.140713859,spring,2015,enrolled,4 week,2015-02-01,2015-02-28,216,243,2,2,2014
762,tnc145,150.258197942,spring,2015,enrolled,4 week,2015-02-01,2015-02-28,216,243,2,2,2014
763,yo5577,66.860273864,spring,2015,enrolled,4 week,2015-02-01,2015-02-28,216,243,2,2,2014
819,co4667,20.7699279735,spring,2015,enrolled,6 week,2015-02-01,2015-03-14,216,257,2,3,2014
820,co4668,21.9441741043,spring,2015,enrolled,6 week,2015-02-01,2015-03-14,216,257,2,3,2014
821,co4669,22.0667204167,spring,2015,enrolled,6 week,2015-02-01,2015-03-14,216,257,2,3,2014
822,co4672,23.4684173958,spring,2015,enrolled,6 week,2015-02-01,2015-03-14,216,257,2,3,2014
823,co4670,24.8441573582,spring,2015,enrolled,6 week,2015-02-01,2015-03-14,216,257,2,3,2014
824,co4671,24.7078762245,spring,2015,enrolled,6 week,2015-02-01,2015-03-14,216,257,2,3,2014
825,co4673,20.2557702893,spring,2015,enrolled,6 week,2015-02-01,2015-03-14,216,257,2,3,2014
826,co4680,33.2527471178,spring,2015,enrolled,6 week,2015-02-01,2015-03-14,216,257,2,3,2014
827,co4674,15.9438647599,spring,2015,enrolled,6 week,2015-02-01,2015-03-14,216,257,2,3,2014
9,su642,41.2545982928,fall,2015,enrolled,Sep A,2015-09-01,2015-09-14,63,76,9,9,2015
31,co575,122.765533515,fall,2015,enrolled,Oct B,2015-10-15,2015-10-28,107,120,10,10,2015
65,su3297,72.3224182852,fall,2015,enrolled,Sep A,2015-09-01,2015-09-14,63,76,9,9,2015
66,su3296,116.45195462,fall,2015,enrolled,Sep A,2015-09-01,2015-09-14,63,76,9,9,2015
86,su3428,159.151838341,fall,2015,enrolled,Sep B,2015-09-15,2015-09-28,77,90,9,9,2015
87,su3429,140.346714123,fall,2015,enrolled,Sep B,2015-09-15,2015-09-28,77,90,9,9,2015
89,su3427,162.836986175,fall,2015,enrolled,Sep B,2015-09-15,2015-09-28,77,90,9,9,2015
90,su3419,109.95213978,fall,2015,enrolled,Oct A,2015-10-01,2015-10-14,93,106,10,10,2015
92,su3422,103.620250519,fall,2015,enrolled,Oct A,2015-10-01,2015-10-14,93,106,10,10,2015
97,bu3003,173.470524747,fall,2015,enrolled,Oct B,2015-10-15,2015-10-28,107,120,10,10,2015
98,bu1278,172.740577492,fall,2015,enrolled,Oct B,2015-10-15,2015-10-28,107,120,10,10,2015
99,bu3385,116.791304897,fall,2015,enrolled,Oct B,2015-10-15,2015-10-28,107,120,10,10,2015
100,bu3380,71.8948691856,fall,2015,enrolled,Oct B,2015-10-15,2015-10-28,107,120,10,10,2015
101,bu3382,92.8925830211,fall,2015,enrolled,Oct A,2015-10-01,2015-10-14,93,106,10,10,2015
102,bu5781,135.189433986,fall,2015,enrolled,Oct A,2015-10-01,2015-10-14,93,106,10,10,2015
103,bu5780,105.888874041,fall,2015,enrolled,Oct B,2015-10-15,2015-10-28,107,120,10,10,2015
104,bu5123,149.409148591,fall,2015,enrolled,Oct A,2015-10-01,2015-10-14,93,106,10,10,2015
108,co5348,29.9774772356,fall,2015,enrolled,Oct A,2015-10-01,2015-10-14,93,106,10,10,2015
109,co2478,59.4512290926,fall,2015,enrolled,Oct A,2015-10-01,2015-10-14,93,106,10,10,2015
110,co966,87.217368092,fall,2015,enrolled,Oct A,2015-10-01,2015-10-14,93,106,10,10,2015
113,co185,51.5580889985,fall,2015,enrolled,Oct A,2015-10-01,2015-10-14,93,106,10,10,2015
137,yu2804,105.656518356,fall,2015,enrolled,Sep B,2015-09-15,2015-09-28,77,90,9,9,2015
139,yu2008,53.6441363563,fall,2015,enrolled,Oct A,2015-10-01,2015-10-14,93,106,10,10,2015
144,yu2004,54.8771526798,fall,2015,enrolled,Oct A,2015-10-01,2015-10-14,93,106,10,10,2015
145,yu2007,43.2466548077,fall,2015,enrolled,Oct A,2015-10-01,2015-10-14,93,106,10,10,2015
148,yu2001,40.4595689081,fall,2015,enrolled,Oct A,2015-10-01,2015-10-14,93,106,10,10,2015
149,yu2472,51.9801878859,fall,2015,enrolled,Sep B,2015-09-15,2015-09-28,77,90,9,9,2015
152,yu2469,75.1428047258,fall,2015,enrolled,Sep B,2015-09-15,2015-09-28,77,90,9,9,2015
153,yu2464,70.7327629713,fall,2015,enrolled,Sep B,2015-09-15,2015-09-28,77,90,9,9,2015
154,yu894,21.0832391668,fall,2015,enrolled,Sep B,2015-09-15,2015-09-28,77,90,9,9,2015
157,yu2420,24.2151626877,fall,2015,enrolled,Oct A,2015-10-01,2015-10-14,93,106,10,10,2015
158,yu2413,34.4083009237,fall,2015,enrolled,Oct A,2015-10-01,2015-10-14,93,106,10,10,2015
159,yu2410,23.5303845391,fall,2015,enrolled,Oct A,2015-10-01,2015-10-14,93,106,10,10,2015
162,yu2418,45.1008742092,fall,2015,enrolled,Oct A,2015-10-01,2015-10-14,93,106,10,10,2015
168,yu1668,90.472257735,fall,2015,enrolled,Oct A,2015-10-01,2015-10-14,93,106,10,10,2015
169,yu1669,106.568066734,fall,2015,enrolled,Oct A,2015-10-01,2015-10-14,93,106,10,10,2015
210,yo2868,260.565461422,fall,2015,enrolled,Oct A,2015-10-01,2015-10-14,93,106,10,10,2015
220,yo3036,162.654422808,fall,2015,enrolled,Oct A,2015-10-01,2015-10-14,93,106,10,10,2015
229,pl716,39.4669439354,fall,2015,enrolled,Oct B,2015-10-15,2015-10-28,107,120,10,10,2015
230,pl710,147.162690227,fall,2015,enrolled,Oct B,2015-10-15,2015-10-28,107,120,10,10,2015
231,pl451,74.1222285465,fall,2015,enrolled,Oct B,2015-10-15,2015-10-28,107,120,10,10,2015
254,co2270,271.721483097,fall,2015,enrolled,Sep A,2015-09-01,2015-09-14,63,76,9,9,2015
292,co2312,381.924729439,fall,2015,enrolled,Oct B,2015-10-15,2015-10-28,107,120,10,10,2015
300,su3426,151.409954263,fall,2015,enrolled,Sep B,2015-09-15,2015-09-28,77,90,9,9,2015
314,yu2940,24.5320476553,fall,2015,enrolled,Oct A,2015-10-01,2015-10-14,93,106,10,10,2015
330,yu2473,36.0432717928,fall,2015,enrolled,Sep B,2015-09-15,2015-09-28,77,90,9,9,2015
331,yu2006,39.6772414246,fall,2015,enrolled,Oct A,2015-10-01,2015-10-14,93,106,10,10,2015
340,co186,17.9401350764,fall,2015,enrolled,Oct A,2015-10-01,2015-10-14,93,106,10,10,2015
411,co574,84.3348723333,fall,2015,enrolled,Oct B,2015-10-15,2015-10-28,107,120,10,10,2015
423,yo4639,410.833938403,fall,2015,enrolled,Aug B,2015-08-15,2015-08-28,46,59,8,8,2015
440,yo2867,135.019538457,fall,2015,enrolled,Oct A,2015-10-01,2015-10-14,93,106,10,10,2015
441,yo2866,128.311717261,fall,2015,enrolled,Oct A,2015-10-01,2015-10-14,93,106,10,10,2015
442,yo3038,153.28633418,fall,2015,enrolled,Oct A,2015-10-01,2015-10-14,93,106,10,10,2015
469,bu3387,90.242206517,fall,2015,enrolled,Oct A,2015-10-01,2015-10-14,93,106,10,10,2015
470,bu3386,89.5373390029,fall,2015,enrolled,Oct B,2015-10-15,2015-10-28,107,120,10,10,2015
471,bu3384,44.5814563573,fall,2015,enrolled,Oct B,2015-10-15,2015-10-28,107,120,10,10,2015
472,bu3378,69.7175523269,fall,2015,enrolled,Oct B,2015-10-15,2015-10-28,107,120,10,10,2015
473,bu3379,45.870798543,fall,2015,enrolled,Oct B,2015-10-15,2015-10-28,107,120,10,10,2015
474,bu3383,54.4715785416,fall,2015,enrolled,Oct B,2015-10-15,2015-10-28,107,120,10,10,2015
475,bu3381,67.1480767555,fall,2015,enrolled,Oct B,2015-10-15,2015-10-28,107,120,10,10,2015
476,bu2301,33.3808967339,fall,2015,enrolled,Oct A,2015-10-01,2015-10-14,93,106,10,10,2015
477,bu1275,103.669691686,fall,2015,enrolled,Oct B,2015-10-15,2015-10-28,107,120,10,10,2015
486,co4600,18.094969753,fall,2015,enrolled,Oct B,2015-10-15,2015-10-28,107,120,10,10,2015
487,co4602,12.3258383335,fall,2015,enrolled,Oct B,2015-10-15,2015-10-28,107,120,10,10,2015
488,co4601,13.0531408018,fall,2015,enrolled,Oct B,2015-10-15,2015-10-28,107,120,10,10,2015
489,co4603,27.3097041474,fall,2015,enrolled,Oct B,2015-10-15,2015-10-28,107,120,10,10,2015
490,co4604,27.760148704,fall,2015,enrolled,Oct B,2015-10-15,2015-10-28,107,120,10,10,2015
491,co4605,27.0435278313,fall,2015,enrolled,Oct B,2015-10-15,2015-10-28,107,120,10,10,2015
492,co4606,18.3966186565,fall,2015,enrolled,Oct B,2015-10-15,2015-10-28,107,120,10,10,2015
493,co5788,28.3975955511,fall,2015,enrolled,Oct B,2015-10-15,2015-10-28,107,120,10,10,2015
494,co5786,34.6673445703,fall,2015,enrolled,Oct B,2015-10-15,2015-10-28,107,120,10,10,2015
504,su1909,132.287113559,fall,2015,enrolled,Aug B,2015-08-15,2015-08-28,46,59,8,8,2015
571,pl453,29.9020313605,fall,2015,enrolled,Oct B,2015-10-15,2015-10-28,107,120,10,10,2015
643,su1910,123.600553627,fall,2015,enrolled,Aug B,2015-08-15,2015-08-28,46,59,8,8,2015
644,su1908,132.0314677,fall,2015,enrolled,Aug B,2015-08-15,2015-08-28,46,59,8,8,2015
928,pl714,34.8091066817,fall,2015,enrolled,Oct B,2015-10-15,2015-10-28,107,120,10,10,2015
956,su3420,24.7889826687,fall,2015,enrolled,Oct A,2015-10-01,2015-10-14,93,106,10,10,2015
957,su3421,27.2443126773,fall,2015,enrolled,Oct A,2015-10-01,2015-10-14,93,106,10,10,2015
958,su3424,31.7054380876,fall,2015,enrolled,Oct A,2015-10-01,2015-10-14,93,106,10,10,2015
3,bu1648,140.392488077,spring,2016,enrolled,4 week,2016-02-01,2016-02-28,216,243,2,2,2015
4,bu2458,131.980514788,spring,2016,enrolled,4 week,2016-02-01,2016-02-28,216,243,2,2,2015
5,bu894,106.810386732,spring,2016,enrolled,4 week,2016-02-01,2016-02-28,216,243,2,2,2015
27,pl12,16.1715434246,spring,2016,enrolled,6 week,2016-02-01,2016-03-14,216,258,2,3,2015
28,co580,134.950083421,spring,2016,enrolled,6 week,2016-02-01,2016-03-14,216,258,2,3,2015
29,co577,141.75137325,spring,2016,enrolled,6 week,2016-02-01,2016-03-14,216,258,2,3,2015
31,co575,122.765533515,spring,2016,enrolled,6 week,2016-02-01,2016-03-14,216,258,2,3,2015
39,tnc1,23.7710727641,spring,2016,enrolled,8 week,2016-02-01,2016-03-28,216,272,2,3,2015
40,tnc2,23.708902743,spring,2016,enrolled,8 week,2016-02-01,2016-03-28,216,272,2,3,2015
41,tnc3,79.2081940804,spring,2016,enrolled,8 week,2016-02-01,2016-03-28,216,272,2,3,2015
55,yo5457,218.994127743,spring,2016,enrolled,6 week,2016-02-01,2016-03-14,216,258,2,3,2015
57,yo5456,262.766600171,spring,2016,enrolled,6 week,2016-02-01,2016-03-14,216,258,2,3,2015
59,yo5462,260.057206569,spring,2016,enrolled,6 week,2016-02-01,2016-03-14,216,258,2,3,2015
60,yo5461,224.435496738,spring,2016,enrolled,6 week,2016-02-01,2016-03-14,216,258,2,3,2015
71,su939,18.0202796558,spring,2016,enrolled,6 week,2016-02-01,2016-03-14,216,258,2,3,2015
72,su935,155.38634728,spring,2016,enrolled,6 week,2016-02-01,2016-03-14,216,258,2,3,2015
73,su936,56.4546453145,spring,2016,enrolled,6 week,2016-02-01,2016-03-14,216,258,2,3,2015
74,su921,79.9272698359,spring,2016,enrolled,6 week,2016-02-01,2016-03-14,216,258,2,3,2015
124,pl663,32.336906604,spring,2016,enrolled,10 week,2016-02-01,2016-04-14,216,289,2,4,2015
130,co6618,90.255815881,spring,2016,enrolled,8 week,2016-02-01,2016-03-28,216,272,2,3,2015
131,co6673,106.096079018,spring,2016,enrolled,8 week,2016-02-01,2016-03-28,216,272,2,3,2015
164,yu1670,108.402656719,spring,2016,enrolled,6 week,2016-02-01,2016-03-14,216,258,2,3,2015
179,bu6804,152.978754955,spring,2016,enrolled,6 week,2016-02-01,2016-03-14,216,258,2,3,2015
188,su1320,146.12627056,spring,2016,enrolled,6 week,2016-02-01,2016-03-14,216,258,2,3,2015
267,yo3463,153.38046377,spring,2016,enrolled,6 week,2016-02-01,2016-03-14,216,258,2,3,2015
268,yo3442,123.735095366,spring,2016,enrolled,6 week,2016-02-01,2016-03-14,216,258,2,3,2015
274,co4396,300.562043697,spring,2016,enrolled,8 week,2016-02-01,2016-03-28,216,272,2,3,2015
279,gl6932,49.4692842933,spring,2016,enrolled,8 week,2016-02-01,2016-03-28,216,272,2,3,2015
280,gl6926,26.1302350407,spring,2016,enrolled,8 week,2016-02-01,2016-03-28,216,272,2,3,2015
301,pl6,15.2739408264,spring,2016,enrolled,6 week,2016-02-01,2016-03-14,216,258,2,3,2015
302,pl8,10.7915630004,spring,2016,enrolled,6 week,2016-02-01,2016-03-14,216,258,2,3,2015
303,pl9,10.6090642396,spring,2016,enrolled,6 week,2016-02-01,2016-03-14,216,258,2,3,2015
304,pl10,12.5206520657,spring,2016,enrolled,6 week,2016-02-01,2016-03-14,216,258,2,3,2015
305,pl11,10.9609772401,spring,2016,enrolled,6 week,2016-02-01,2016-03-14,216,258,2,3,2015
306,pl5,12.6173798411,spring,2016,enrolled,6 week,2016-02-01,2016-03-14,216,258,2,3,2015
307,pl7,10.6459740756,spring,2016,enrolled,6 week,2016-02-01,2016-03-14,216,258,2,3,2015
309,yu1680,80.6853909098,spring,2016,enrolled,6 week,2016-02-01,2016-03-14,216,258,2,3,2015
360,yo3449,199.438346239,spring,2016,enrolled,6 week,2016-02-01,2016-03-14,216,258,2,3,2015
361,yo3448,197.650602725,spring,2016,enrolled,6 week,2016-02-01,2016-03-14,216,258,2,3,2015
362,yo3447,412.235835066,spring,2016,enrolled,6 week,2016-02-01,2016-03-14,216,258,2,3,2015
363,yo3453,29.3990320086,spring,2016,enrolled,6 week,2016-02-01,2016-03-14,216,258,2,3,2015
364,yo3454,175.223716119,spring,2016,enrolled,6 week,2016-02-01,2016-03-14,216,258,2,3,2015
365,yo3455,167.312383881,spring,2016,enrolled,6 week,2016-02-01,2016-03-14,216,258,2,3,2015
366,yo3464,127.529600424,spring,2016,enrolled,6 week,2016-02-01,2016-03-14,216,258,2,3,2015
384,tnc25,9.81315716484,spring,2016,enrolled,8 week,2016-02-01,2016-03-28,216,272,2,3,2015
385,tnc26,18.3461723302,spring,2016,enrolled,8 week,2016-02-01,2016-03-28,216,272,2,3,2015
386,tnc27,32.4709970023,spring,2016,enrolled,8 week,2016-02-01,2016-03-28,216,272,2,3,2015
387,tnc28,30.957426371,spring,2016,enrolled,8 week,2016-02-01,2016-03-28,216,272,2,3,2015
388,tnc29,20.9642100566,spring,2016,enrolled,8 week,2016-02-01,2016-03-28,216,272,2,3,2015
389,tnc30,12.1577105398,spring,2016,enrolled,8 week,2016-02-01,2016-03-28,216,272,2,3,2015
390,tnc31,36.4265679745,spring,2016,enrolled,8 week,2016-02-01,2016-03-28,216,272,2,3,2015
428,tnc32,31.7201570415,spring,2016,enrolled,8 week,2016-02-01,2016-03-28,216,272,2,3,2015
429,tnc33,4.70455113374,spring,2016,enrolled,8 week,2016-02-01,2016-03-28,216,272,2,3,2015
430,tnc34,12.7298406529,spring,2016,enrolled,8 week,2016-02-01,2016-03-28,216,272,2,3,2015
431,tnc35,4.83704063957,spring,2016,enrolled,8 week,2016-02-01,2016-03-28,216,272,2,3,2015
432,tnc36,6.24850119348,spring,2016,enrolled,8 week,2016-02-01,2016-03-28,216,272,2,3,2015
433,tnc37,4.09651197737,spring,2016,enrolled,8 week,2016-02-01,2016-03-28,216,272,2,3,2015
434,tnc38,20.2722102366,spring,2016,enrolled,8 week,2016-02-01,2016-03-28,216,272,2,3,2015
435,tnc39,20.5078650976,spring,2016,enrolled,8 week,2016-02-01,2016-03-28,216,272,2,3,2015
436,tnc40,10.0132768634,spring,2016,enrolled,8 week,2016-02-01,2016-03-28,216,272,2,3,2015
437,tnc41,19.8137326358,spring,2016,enrolled,8 week,2016-02-01,2016-03-28,216,272,2,3,2015
438,tnc42,9.09343238719,spring,2016,enrolled,8 week,2016-02-01,2016-03-28,216,272,2,3,2015
439,tnc43,16.8736649377,spring,2016,enrolled,8 week,2016-02-01,2016-03-28,216,272,2,3,2015
521,tnc45,16.4810304534,spring,2016,enrolled,8 week,2016-02-01,2016-03-28,216,272,2,3,2015
522,tnc46,6.1140686323,spring,2016,enrolled,8 week,2016-02-01,2016-03-28,216,272,2,3,2015
528,co581,174.803776391,spring,2016,enrolled,6 week,2016-02-01,2016-03-14,216,258,2,3,2015
672,bu1934,268.761377497,spring,2016,enrolled,4 week,2016-02-01,2016-02-28,216,243,2,2,2015
673,yo3934,173.003871651,spring,2016,enrolled,6 week,2016-02-01,2016-03-14,216,258,2,3,2015
758,tnc146,146.222317326,spring,2016,enrolled,4 week,2016-02-01,2016-02-28,216,243,2,2,2015
759,tnc147,149.300940668,spring,2016,enrolled,4 week,2016-02-01,2016-02-28,216,243,2,2,2015
760,yo5578,131.4981242,spring,2016,enrolled,4 week,2016-02-01,2016-02-28,216,243,2,2,2015
761,tnc144,155.140713859,spring,2016,enrolled,4 week,2016-02-01,2016-02-28,216,243,2,2,2015
929,gl6921,51.8584474541,spring,2016,enrolled,8 week,2016-02-01,2016-03-28,216,272,2,3,2015
930,gl6922,49.7918958185,spring,2016,enrolled,8 week,2016-02-01,2016-03-28,216,272,2,3,2015
931,gl6923,50.3907843176,spring,2016,enrolled,8 week,2016-02-01,2016-03-28,216,272,2,3,2015
932,gl8934,10.0112751024,spring,2016,enrolled,8 week,2016-02-01,2016-03-28,216,272,2,3,2015
933,gl8935,10.0467028273,spring,2016,enrolled,8 week,2016-02-01,2016-03-28,216,272,2,3,2015
934,gl8936,20.1058336478,spring,2016,enrolled,8 week,2016-02-01,2016-03-28,216,272,2,3,2015
935,gl8937,9.958910061,spring,2016,enrolled,8 week,2016-02-01,2016-03-28,216,272,2,3,2015
936,gl6924,51.269639053,spring,2016,enrolled,8 week,2016-02-01,2016-03-28,216,272,2,3,2015
937,gl8841,16.0562845856,spring,2016,enrolled,8 week,2016-02-01,2016-03-28,216,272,2,3,2015
938,gl8842,16.2023398766,spring,2016,enrolled,8 week,2016-02-01,2016-03-28,216,272,2,3,2015
939,gl8843,16.5993161158,spring,2016,enrolled,8 week,2016-02-01,2016-03-28,216,272,2,3,2015
940,gl8844,15.234624258,spring,2016,enrolled,8 week,2016-02-01,2016-03-28,216,272,2,3,2015
941,gl8845,16.5742101942,spring,2016,enrolled,8 week,2016-02-01,2016-03-28,216,272,2,3,2015
942,gl8846,16.3889541038,spring,2016,enrolled,8 week,2016-02-01,2016-03-28,216,272,2,3,2015
943,gl8847,9.89648556577,spring,2016,enrolled,8 week,2016-02-01,2016-03-28,216,272,2,3,2015
944,gl8848,9.87220418581,spring,2016,enrolled,8 week,2016-02-01,2016-03-28,216,272,2,3,2015
945,gl8849,9.64122975602,spring,2016,enrolled,8 week,2016-02-01,2016-03-28,216,272,2,3,2015
946,gl8850,9.69314385083,spring,2016,enrolled,8 week,2016-02-01,2016-03-28,216,272,2,3,2015
947,gl8851,10.158753494700001,spring,2016,enrolled,8 week,2016-02-01,2016-03-28,216,272,2,3,2015
948,gl6927,17.2230286373,spring,2016,enrolled,8 week,2016-02-01,2016-03-28,216,272,2,3,2015
949,gl6928,17.2710811726,spring,2016,enrolled,8 week,2016-02-01,2016-03-28,216,272,2,3,2015
950,gl6929,17.0334432737,spring,2016,enrolled,8 week,2016-02-01,2016-03-28,216,272,2,3,2015
951,gl6930,15.7073340367,spring,2016,enrolled,8 week,2016-02-01,2016-03-28,216,272,2,3,2015
979,gl6926,23.1243487857,spring,2016,enrolled,8 week,2016-02-01,2016-03-28,216,272,2,3,2015
9,su642,41.2545982928,fall,2016,enrolled,NA,2016-09-01,2016-09-28,64,91,9,9,2016
10,su637,58.7949076155,fall,2016,enrolled,Sep B,2016-09-14,2016-09-28,77,91,9,9,2016
41,tnc3,79.2081940804,fall,2016,enrolled,Oct A,2016-10-01,2016-10-14,94,107,10,10,2016
56,yo5453,125.327026077,fall,2016,enrolled,NA,2016-09-01,2016-09-28,64,91,9,9,2016
87,su3429,140.346714123,fall,2016,enrolled,Oct A,2016-10-01,2016-10-14,94,107,10,10,2016
95,bu2472,57.2838626674,fall,2016,enrolled,Sep B,2016-09-14,2016-09-28,77,91,9,9,2016
96,bu5971,77.0005979023,fall,2016,enrolled,Sep B,2016-09-14,2016-09-28,77,91,9,9,2016
101,bu3382,92.8925830211,fall,2016,enrolled,NA,2016-10-01,2016-10-28,94,121,10,10,2016
104,bu5123,149.409148591,fall,2016,enrolled,Sep B,2016-09-14,2016-09-28,77,91,9,9,2016
153,yu2464,70.7327629713,fall,2016,enrolled,Sep B,2016-09-14,2016-09-28,77,91,9,9,2016
154,yu894,21.0832391668,fall,2016,enrolled,Sep B,2016-09-14,2016-09-28,77,91,9,9,2016
193,yo3053,109.242806573,fall,2016,enrolled,Oct A,2016-10-01,2016-10-14,94,107,10,10,2016
194,yo3054,178.803229886,fall,2016,enrolled,Oct B,2016-10-15,2016-10-28,108,121,10,10,2016
195,yo3055,211.054301601,fall,2016,enrolled,Oct A,2016-10-01,2016-10-14,94,107,10,10,2016
282,su954,65.4150147512,fall,2016,enrolled,Oct B,2016-10-15,2016-10-28,108,121,10,10,2016
283,su953,166.633482153,fall,2016,enrolled,Oct B,2016-10-15,2016-10-28,108,121,10,10,2016
339,tnc22,13.6363386429,fall,2016,enrolled,Sep B,2016-09-14,2016-09-28,77,91,9,9,2016
388,tnc29,20.9642100566,fall,2016,enrolled,Oct A,2016-10-01,2016-10-14,94,107,10,10,2016
389,tnc30,12.1577105398,fall,2016,enrolled,Oct A,2016-10-01,2016-10-14,94,107,10,10,2016
390,tnc31,36.4265679745,fall,2016,enrolled,Oct A,2016-10-01,2016-10-14,94,107,10,10,2016
428,tnc32,31.7201570415,fall,2016,enrolled,Oct A,2016-10-01,2016-10-14,94,107,10,10,2016
429,tnc33,4.70455113374,fall,2016,enrolled,Oct A,2016-10-01,2016-10-14,94,107,10,10,2016
430,tnc34,12.7298406529,fall,2016,enrolled,Oct A,2016-10-01,2016-10-14,94,107,10,10,2016
431,tnc35,4.83704063957,fall,2016,enrolled,Oct A,2016-10-01,2016-10-14,94,107,10,10,2016
432,tnc36,6.24850119348,fall,2016,enrolled,Oct A,2016-10-01,2016-10-14,94,107,10,10,2016
433,tnc37,4.09651197737,fall,2016,enrolled,Oct A,2016-10-01,2016-10-14,94,107,10,10,2016
469,bu3387,90.242206517,fall,2016,enrolled,NA,2016-10-01,2016-10-28,94,121,10,10,2016
470,bu3386,89.5373390029,fall,2016,enrolled,NA,2016-10-01,2016-10-28,94,121,10,10,2016
602,bu816,107.072248842,fall,2016,enrolled,NA,2016-08-17,2016-09-14,49,77,8,9,2016
603,su1124,81.1501733304,fall,2016,enrolled,NA,2016-09-01,2016-09-28,64,91,9,9,2016
604,su1125,37.9597132525,fall,2016,enrolled,NA,2016-09-01,2016-09-28,64,91,9,9,2016
606,bu1672,114.797647051,fall,2016,enrolled,NA,2016-09-01,2016-09-28,64,91,9,9,2016
607,bu1670,105.161911859,fall,2016,enrolled,NA,2016-09-01,2016-09-28,64,91,9,9,2016
609,su1383,148.744995878,fall,2016,enrolled,Aug B,2016-08-17,2016-08-30,49,62,8,8,2016
610,su4539,68.9474458765,fall,2016,enrolled,Aug B,2016-08-17,2016-08-30,49,62,8,8,2016
613,yo3060,169.749251948,fall,2016,enrolled,Oct B,2016-10-15,2016-10-28,108,121,10,10,2016
618,su641,44.4713065447,fall,2016,enrolled,NA,2016-09-01,2016-09-28,64,91,9,9,2016
619,su4061,87.7904645478,fall,2016,enrolled,Aug B,2016-08-17,2016-08-30,49,62,8,8,2016
624,bu2043,104.628469331,fall,2016,enrolled,Oct B,2016-10-15,2016-10-28,108,121,10,10,2016
625,bu5807,102.320646022,fall,2016,enrolled,Oct B,2016-10-15,2016-10-28,108,121,10,10,2016
626,tnc53,101.586452613,fall,2016,enrolled,Oct B,2016-10-15,2016-10-28,108,121,10,10,2016
655,co187,31.8512498529,fall,2016,enrolled,NA,2016-08-17,2016-09-14,49,77,8,9,2016
657,bu2465,112.704243176,fall,2016,enrolled,NA,2016-08-17,2016-09-14,49,77,8,9,2016
661,yo1105,48.3961873565,fall,2016,enrolled,Aug B,2016-08-17,2016-08-30,49,62,8,8,2016
662,yo1129,144.744477677,fall,2016,enrolled,Aug B,2016-08-17,2016-08-30,49,62,8,8,2016
663,yo3998,103.054913734,fall,2016,enrolled,Aug B,2016-08-17,2016-08-30,49,62,8,8,2016
664,yo3999,148.073103316,fall,2016,enrolled,Aug B,2016-08-17,2016-08-30,49,62,8,8,2016
665,yo4002,59.3616039783,fall,2016,enrolled,Aug B,2016-08-17,2016-08-30,49,62,8,8,2016
666,tnc109,84.3297302278,fall,2016,enrolled,NA,2016-08-17,2016-09-14,49,77,8,9,2016
667,tnc110,82.0279100888,fall,2016,enrolled,NA,2016-08-17,2016-09-14,49,77,8,9,2016
670,tnc138,51.1432965293,fall,2016,enrolled,Aug B,2016-08-17,2016-08-30,49,62,8,8,2016
714,tnc55,209.427516295,fall,2016,enrolled,Oct B,2016-10-15,2016-10-28,108,121,10,10,2016
21,co4691,25.3438621658,spring,2017,enrolled,4 week,2017-02-01,2017-02-28,216,243,2,2,2016
27,pl12,16.1715434246,spring,2017,enrolled,6 week,2017-02-01,2017-03-14,216,257,2,3,2016
32,co5487,31.1793765249,spring,2017,enrolled,6 week,2017-02-01,2017-03-14,216,257,2,3,2016
33,co5488,90.0335416158,spring,2017,enrolled,6 week,2017-02-01,2017-03-14,216,257,2,3,2016
34,co5486,181.28119123,spring,2017,enrolled,6 week,2017-02-01,2017-03-14,216,257,2,3,2016
35,co5484,138.483038103,spring,2017,enrolled,6 week,2017-02-01,2017-03-14,216,257,2,3,2016
80,co1802,101.293688649,spring,2017,enrolled,4 week,2017-02-01,2017-02-28,216,243,2,2,2016
141,yu2478,89.8871896753,spring,2017,enrolled,8 week,2017-02-01,2017-03-28,216,271,2,3,2016
146,yu2471,12.3954156469,spring,2017,enrolled,8 week,2017-02-01,2017-03-28,216,271,2,3,2016
152,yu2469,75.1428047258,spring,2017,enrolled,8 week,2017-02-01,2017-03-28,216,271,2,3,2016
179,bu6804,152.978754955,spring,2017,enrolled,4 week,2017-02-01,2017-02-28,216,243,2,2,2016
188,su1320,146.12627056,spring,2017,enrolled,6 week,2017-02-01,2017-03-14,216,257,2,3,2016
301,pl6,15.2739408264,spring,2017,enrolled,6 week,2017-02-01,2017-03-14,216,257,2,3,2016
302,pl8,10.7915630004,spring,2017,enrolled,6 week,2017-02-01,2017-03-14,216,257,2,3,2016
303,pl9,10.6090642396,spring,2017,enrolled,6 week,2017-02-01,2017-03-14,216,257,2,3,2016
304,pl10,12.5206520657,spring,2017,enrolled,6 week,2017-02-01,2017-03-14,216,257,2,3,2016
305,pl11,10.9609772401,spring,2017,enrolled,6 week,2017-02-01,2017-03-14,216,257,2,3,2016
306,pl5,12.6173798411,spring,2017,enrolled,6 week,2017-02-01,2017-03-14,216,257,2,3,2016
307,pl7,10.6459740756,spring,2017,enrolled,6 week,2017-02-01,2017-03-14,216,257,2,3,2016
337,yu1850,96.5131826358,spring,2017,enrolled,6 week,2017-02-01,2017-03-14,216,257,2,3,2016
338,yu1849,58.7506041788,spring,2017,enrolled,6 week,2017-02-01,2017-03-14,216,257,2,3,2016
373,co1801,115.29671196,spring,2017,enrolled,4 week,2017-02-01,2017-02-28,216,243,2,2,2016
374,co1803,80.3287912443,spring,2017,enrolled,4 week,2017-02-01,2017-02-28,216,243,2,2,2016
660,bu1871,86.8681298136,spring,2017,enrolled,4 week,2017-02-01,2017-02-28,216,243,2,2,2016
735,bu1641,119.67912042,spring,2017,enrolled,6 week,2017-02-01,2017-03-14,216,257,2,3,2016
747,su3977,114.420601626,spring,2017,enrolled,8 week,2017-02-01,2017-03-28,216,271,2,3,2016
748,su3978,93.805679307,spring,2017,enrolled,8 week,2017-02-01,2017-03-28,216,271,2,3,2016
758,tnc146,146.222317326,spring,2017,enrolled,4 week,2017-02-01,2017-02-28,216,243,2,2,2016
759,tnc147,149.300940668,spring,2017,enrolled,4 week,2017-02-01,2017-02-28,216,243,2,2,2016
760,yo5578,131.4981242,spring,2017,enrolled,4 week,2017-02-01,2017-02-28,216,243,2,2,2016
761,tnc144,155.140713859,spring,2017,enrolled,4 week,2017-02-01,2017-02-28,216,243,2,2,2016
789,tnc81,140.01166362,spring,2017,enrolled,6 week,2017-02-01,2017-03-14,216,257,2,3,2016
790,tnc82,147.320769577,spring,2017,enrolled,6 week,2017-02-01,2017-03-14,216,257,2,3,2016
791,su922,147.199573629,spring,2017,enrolled,6 week,2017-02-01,2017-03-14,216,257,2,3,2016
809,tnc99,90.5641867558,spring,2017,enrolled,4 week,2017-02-01,2017-02-28,216,243,2,2,2016
819,co4667,20.7699279735,spring,2017,enrolled,4 week,2017-02-01,2017-02-28,216,243,2,2,2016
820,co4668,21.9441741043,spring,2017,enrolled,4 week,2017-02-01,2017-02-28,216,243,2,2,2016
821,co4669,22.0667204167,spring,2017,enrolled,4 week,2017-02-01,2017-02-28,216,243,2,2,2016
822,co4672,23.4684173958,spring,2017,enrolled,4 week,2017-02-01,2017-02-28,216,243,2,2,2016
823,co4670,24.8441573582,spring,2017,enrolled,4 week,2017-02-01,2017-02-28,216,243,2,2,2016
824,co4671,24.7078762245,spring,2017,enrolled,4 week,2017-02-01,2017-02-28,216,243,2,2,2016
825,co4673,20.2557702893,spring,2017,enrolled,4 week,2017-02-01,2017-02-28,216,243,2,2,2016
827,co4674,15.9438647599,spring,2017,enrolled,4 week,2017-02-01,2017-02-28,216,243,2,2,2016
829,co4693,23.0202864733,spring,2017,enrolled,4 week,2017-02-01,2017-02-28,216,243,2,2,2016
830,co4692,24.1181907296,spring,2017,enrolled,4 week,2017-02-01,2017-02-28,216,243,2,2,2016
831,co4689,24.8724484211,spring,2017,enrolled,4 week,2017-02-01,2017-02-28,216,243,2,2,2016
832,co4690,23.6662662249,spring,2017,enrolled,4 week,2017-02-01,2017-02-28,216,243,2,2,2016
833,co4694,25.2130933665,spring,2017,enrolled,4 week,2017-02-01,2017-02-28,216,243,2,2,2016
20,co4682,12.5724780129,fall,2017,enrolled,Aug B,2017-08-15,2017-09-11,46,73,8,9,2017
21,co4691,25.3438621658,fall,2017,enrolled,Aug B,2017-08-15,2017-09-11,46,73,8,9,2017
39,tnc1,23.7710727641,fall,2017,enrolled,Sep A,2017-09-01,2017-09-28,63,90,9,9,2017
55,yo5457,218.994127743,fall,2017,enrolled,Sep A,2017-09-01,2017-09-28,63,90,9,9,2017
57,yo5456,262.766600171,fall,2017,enrolled,Sep A,2017-09-01,2017-09-28,63,90,9,9,2017
95,bu2472,57.2838626674,fall,2017,enrolled,Oct A,2017-10-01,2017-10-28,93,120,10,10,2017
96,bu5971,77.0005979023,fall,2017,enrolled,Oct A,2017-10-01,2017-10-28,93,120,10,10,2017
137,yu2804,105.656518356,fall,2017,enrolled,Oct A,2017-10-01,2017-10-28,93,120,10,10,2017
149,yu2472,51.9801878859,fall,2017,enrolled,Oct A,2017-10-01,2017-10-28,93,120,10,10,2017
153,yu2464,70.7327629713,fall,2017,enrolled,Oct A,2017-10-01,2017-10-28,93,120,10,10,2017
154,yu894,21.0832391668,fall,2017,enrolled,Oct A,2017-10-01,2017-10-28,93,120,10,10,2017
168,yu1668,90.472257735,fall,2017,enrolled,Oct A,2017-10-01,2017-10-28,93,120,10,10,2017
308,yu1671,98.6059324479,fall,2017,enrolled,Oct A,2017-10-01,2017-10-28,93,120,10,10,2017
339,tnc22,13.6363386429,fall,2017,enrolled,Oct A,2017-10-01,2017-10-28,93,120,10,10,2017
351,co977,147.448581195,fall,2017,enrolled,Aug B,2017-08-15,2017-09-11,46,73,8,9,2017
385,tnc26,18.3461723302,fall,2017,enrolled,Sep A,2017-09-01,2017-09-28,63,90,9,9,2017
386,tnc27,32.4709970023,fall,2017,enrolled,Sep A,2017-09-01,2017-09-28,63,90,9,9,2017
387,tnc28,30.957426371,fall,2017,enrolled,Sep A,2017-09-01,2017-09-28,63,90,9,9,2017
521,tnc45,16.4810304534,fall,2017,enrolled,Sep A,2017-09-01,2017-09-28,63,90,9,9,2017
522,tnc46,6.1140686323,fall,2017,enrolled,Sep A,2017-09-01,2017-09-28,63,90,9,9,2017
597,yu1651,39.2297084317,fall,2017,enrolled,Oct A,2017-10-01,2017-10-28,93,120,10,10,2017
598,yu1650,45.8922651463,fall,2017,enrolled,Oct A,2017-10-01,2017-10-28,93,120,10,10,2017
599,yu1652,37.8614947874,fall,2017,enrolled,Oct A,2017-10-01,2017-10-28,93,120,10,10,2017
682,co687,111.951563049,fall,2017,enrolled,Sep A,2017-09-01,2017-09-28,63,90,9,9,2017
705,co1025,75.7737230307,fall,2017,enrolled,Oct A,2017-10-01,2017-10-28,93,120,10,10,2017
819,co4667,20.7699279735,fall,2017,enrolled,Aug B,2017-08-15,2017-09-11,46,73,8,9,2017
820,co4668,21.9441741043,fall,2017,enrolled,Aug B,2017-08-15,2017-09-11,46,73,8,9,2017
821,co4669,22.0667204167,fall,2017,enrolled,Aug B,2017-08-15,2017-09-11,46,73,8,9,2017
822,co4672,23.4684173958,fall,2017,enrolled,Aug B,2017-08-15,2017-09-11,46,73,8,9,2017
823,co4670,24.8441573582,fall,2017,enrolled,Aug B,2017-08-15,2017-09-11,46,73,8,9,2017
824,co4671,24.7078762245,fall,2017,enrolled,Aug B,2017-08-15,2017-09-11,46,73,8,9,2017
825,co4673,20.2557702893,fall,2017,enrolled,Aug B,2017-08-15,2017-09-11,46,73,8,9,2017
827,co4674,15.9438647599,fall,2017,enrolled,Aug B,2017-08-15,2017-09-11,46,73,8,9,2017
829,co4693,23.0202864733,fall,2017,enrolled,Aug B,2017-08-15,2017-09-11,46,73,8,9,2017
830,co4692,24.1181907296,fall,2017,enrolled,Aug B,2017-08-15,2017-09-11,46,73,8,9,2017
831,co4689,24.8724484211,fall,2017,enrolled,Aug B,2017-08-15,2017-09-11,46,73,8,9,2017
832,co4690,23.6662662249,fall,2017,enrolled,Aug B,2017-08-15,2017-09-11,46,73,8,9,2017
833,co4694,25.2130933665,fall,2017,enrolled,Aug B,2017-08-15,2017-09-11,46,73,8,9,2017
969,co1011,71.3986021648,fall,2017,enrolled,Oct A,2017-10-01,2017-10-28,93,120,10,10,2017
974,co4395,51.8675618929,fall,2017,enrolled,Aug B,2017-08-15,2017-09-11,46,73,8,9,2017
975,co4396,53.648605301,fall,2017,enrolled,Aug B,2017-08-15,2017-09-11,46,73,8,9,2017
976,co4397,16.9621540662,fall,2017,enrolled,Aug B,2017-08-15,2017-09-11,46,73,8,9,2017
977,co4398,19.8975980078,fall,2017,enrolled,Aug B,2017-08-15,2017-09-11,46,73,8,9,2017
978,co6251,51.2856051509,fall,2017,enrolled,Aug B,2017-08-15,2017-09-11,46,73,8,9,2017
980,su5101,118.423778084,fall,2017,enrolled,Oct A,2017-10-01,2017-10-28,93,120,10,10,2017
998,su2813,55.9676443185,fall,2017,enrolled,Sep A,2017-09-01,2017-09-28,63,90,9,9,2017
999,su2814,57.6535516556,fall,2017,enrolled,Sep A,2017-09-01,2017-09-28,63,90,9,9,2017
4,bu2458,131.980514788,spring,2018,enrolled,Mar A (6 week),2018-03-01,2018-04-15,244,289,3,4,2017
28,co580,134.950083421,spring,2018,enrolled,Mar A (4 week),2018-03-01,2018-03-28,244,271,3,3,2017
29,co577,141.75137325,spring,2018,enrolled,Mar A (4 week),2018-03-01,2018-03-28,244,271,3,3,2017
31,co575,122.765533515,spring,2018,enrolled,Mar A (4 week),2018-03-01,2018-03-28,244,271,3,3,2017
32,co5487,31.1793765249,spring,2018,enrolled,Mar A (4 week),2018-03-01,2018-03-28,244,271,3,3,2017
33,co5488,90.0335416158,spring,2018,enrolled,Mar A (4 week),2018-03-01,2018-03-28,244,271,3,3,2017
34,co5486,181.28119123,spring,2018,enrolled,Mar A (4 week),2018-03-01,2018-03-28,244,271,3,3,2017
35,co5484,138.483038103,spring,2018,enrolled,Mar A (4 week),2018-03-01,2018-03-28,244,271,3,3,2017
36,co5485,137.686043769,spring,2018,enrolled,Mar A (4 week),2018-03-01,2018-03-28,244,271,3,3,2017
141,yu2478,89.8871896753,spring,2018,enrolled,Mar A (6 week),2018-03-01,2018-04-15,244,289,3,4,2017
142,yu2794,35.5566494097,spring,2018,enrolled,Mar A (4 week),2018-03-01,2018-03-28,244,271,3,3,2017
143,yu2474,51.8320889889,spring,2018,enrolled,Mar A (4 week),2018-03-01,2018-03-28,244,271,3,3,2017
146,yu2471,12.3954156469,spring,2018,enrolled,Mar A (4 week),2018-03-01,2018-03-28,244,271,3,3,2017
147,yu2467,42.4571704501,spring,2018,enrolled,Mar A (4 week),2018-03-01,2018-03-28,244,271,3,3,2017
150,yu2465,37.5906493124,spring,2018,enrolled,Mar A (4 week),2018-03-01,2018-03-28,244,271,3,3,2017
152,yu2469,75.1428047258,spring,2018,enrolled,Mar A (6 week),2018-03-01,2018-04-15,244,289,3,4,2017
161,tnc11,51.7662441391,spring,2018,enrolled,Mar A (6 week),2018-03-01,2018-04-15,244,289,3,4,2017
171,yu2293,132.974901141,spring,2018,enrolled,Mar A (4 week),2018-03-01,2018-03-28,244,271,3,3,2017
291,tnc107,30.7757571974,spring,2018,enrolled,Mar B (6 week),2018-03-19,2018-04-29,262,303,3,4,2017
321,tnc17,24.6097341877,spring,2018,enrolled,Mar A (6 week),2018-03-01,2018-04-15,244,289,3,4,2017
325,tnc21,2.99733869341,spring,2018,enrolled,Mar A (6 week),2018-03-01,2018-04-15,244,289,3,4,2017
326,yu2463,18.6563266463,spring,2018,enrolled,Mar A (4 week),2018-03-01,2018-03-28,244,271,3,3,2017
327,yu2466,35.730359712,spring,2018,enrolled,Mar A (4 week),2018-03-01,2018-03-28,244,271,3,3,2017
330,yu2473,36.0432717928,spring,2018,enrolled,Mar A (6 week),2018-03-01,2018-04-15,244,289,3,4,2017
334,yu2292,56.921463738,spring,2018,enrolled,Mar A (4 week),2018-03-01,2018-03-28,244,271,3,3,2017
527,co578,95.0921759439,spring,2018,enrolled,Mar A (4 week),2018-03-01,2018-03-28,244,271,3,3,2017
528,co581,174.803776391,spring,2018,enrolled,Mar A (4 week),2018-03-01,2018-03-28,244,271,3,3,2017
541,tnc108,21.9089176108,spring,2018,enrolled,Mar B (6 week),2018-03-19,2018-04-29,262,303,3,4,2017
1040,tnc150,41.2954294659,spring,2018,enrolled,Mar B (6 week),2018-03-19,2018-04-29,262,303,3,4,2017
1045,tnc154,31.788886664,spring,2018,enrolled,Mar B (4 week),2018-03-19,2018-04-15,262,289,3,4,2017
1046,tnc155,28.1106861819,spring,2018,enrolled,Mar B (4 week),2018-03-19,2018-04-15,262,289,3,4,2017
1047,co4734,52.2617204926,spring,2018,enrolled,Mar B (4 week),2018-03-19,2018-04-15,262,289,3,4,2017
1048,tnc156,70.0162043804,spring,2018,enrolled,Mar B (6 week),2018-03-19,2018-04-29,262,303,3,4,2017
1049,tnc157,12.2199814765,spring,2018,enrolled,Mar B (6 week),2018-03-19,2018-04-29,262,303,3,4,2017
1050,tnc158,17.2751806256,spring,2018,enrolled,Mar B (6 week),2018-03-19,2018-04-29,262,303,3,4,2017
1051,tnc159,15.4310976733,spring,2018,enrolled,Mar B (6 week),2018-03-19,2018-04-29,262,303,3,4,2017
1053,co4378,98.06459095,spring,2018,enrolled,Mar B (6 week),2018-03-19,2018-04-29,262,303,3,4,2017
1054,tnc160,253.413607431,spring,2018,enrolled,Mar B (6 week),2018-03-19,2018-04-29,262,303,3,4,2017
1055,co6751,92.5979301797,spring,2018,enrolled,Mar B (6 week),2018-03-19,2018-04-29,262,303,3,4,2017
10,su637,58.7949076155,fall,2018,enrolled,Sep A,2018-09-01,2018-09-28,63,90,9,9,2018
86,su3428,159.151838341,fall,2018,enrolled,Sep B,2018-09-17,2018-10-14,79,106,9,10,2018
88,su4504,52.4281515935,fall,2018,enrolled,Sep B,2018-09-17,2018-10-14,79,106,9,10,2018
89,su3427,162.836986175,fall,2018,enrolled,Sep B,2018-09-17,2018-10-14,79,106,9,10,2018
91,su3267,314.283737345,fall,2018,enrolled,Sep B,2018-09-17,2018-10-14,79,106,9,10,2018
153,yu2464,70.7327629713,fall,2018,enrolled,Sep B,2018-09-17,2018-10-14,79,106,9,10,2018
154,yu894,21.0832391668,fall,2018,enrolled,Sep B,2018-09-17,2018-10-14,79,106,9,10,2018
300,su3426,151.409954263,fall,2018,enrolled,Sep B,2018-09-17,2018-10-14,79,106,9,10,2018
426,su3435,37.8440791602,fall,2018,enrolled,Sep B,2018-09-17,2018-10-14,79,106,9,10,2018
623,su3266,304.690399221,fall,2018,enrolled,Sep B,2018-09-17,2018-10-14,79,106,9,10,2018
969,co1011,71.3986021648,fall,2018,enrolled,Sep A,2018-09-01,2018-09-28,63,90,9,9,2018
1024,yo3377,96.3554147535,fall,2018,enrolled,Sep A,2018-09-01,2018-09-28,63,90,9,9,2018
1026,yo3379,34.4537492561,fall,2018,enrolled,Sep A,2018-09-01,2018-09-28,63,90,9,9,2018
1040,tnc150,41.2954294659,fall,2018,enrolled,Sep A,2018-09-01,2018-09-28,63,90,9,9,2018
1047,co4734,52.2617204926,fall,2018,enrolled,Sep A,2018-09-01,2018-09-28,63,90,9,9,2018
1053,co4378,98.06459095,fall,2018,enrolled,Sep A,2018-09-01,2018-09-28,63,90,9,9,2018
1058,tnc163,50.13690207,fall,2018,enrolled,Sep A,2018-09-01,2018-09-28,63,90,9,9,2018
1059,tnc164,56.6493278467,fall,2018,enrolled,Sep A,2018-09-01,2018-09-28,63,90,9,9,2018
1060,tnc165,85.4610371794,fall,2018,enrolled,Sep A,2018-09-01,2018-09-28,63,90,9,9,2018
1087,tnc192,134.694794711,fall,2018,enrolled,Sep A,2018-09-01,2018-09-28,63,90,9,9,2018
1132,co4400,43.5386812426,fall,2018,enrolled,Sep A,2018-09-01,2018-09-28,63,90,9,9,2018
1133,co4401,32.7055522381,fall,2018,enrolled,Sep A,2018-09-01,2018-09-28,63,90,9,9,2018
1134,co4399,20.9126711648,fall,2018,enrolled,Sep A,2018-09-01,2018-09-28,63,90,9,9,2018
