landcover,group,yday,available,added,returned
whep_vardd,2013-14,1,0,0,0
whep_vardd,2013-14,2,0,0,0
whep_vardd,2013-14,3,0,0,0
whep_vardd,2013-14,4,0,0,0
whep_vardd,2013-14,5,0,0,0
whep_vardd,2013-14,6,0,0,0
whep_vardd,2013-14,7,0,0,0
whep_vardd,2013-14,8,0,0,0
whep_vardd,2013-14,9,0,0,0
whep_vardd,2013-14,10,0,0,0
whep_vardd,2013-14,11,0,0,0
whep_vardd,2013-14,12,0,0,0
whep_vardd,2013-14,13,0,0,0
whep_vardd,2013-14,14,0,0,0
whep_vardd,2013-14,15,0,0,0
whep_vardd,2013-14,16,0,0,0
whep_vardd,2013-14,17,0,0,0
whep_vardd,2013-14,18,0,0,0
whep_vardd,2013-14,19,0,0,0
whep_vardd,2013-14,20,0,0,0
whep_vardd,2013-14,21,0,0,0
whep_vardd,2013-14,22,0,0,0
whep_vardd,2013-14,23,0,0,0
whep_vardd,2013-14,24,0,0,0
whep_vardd,2013-14,25,0,0,0
whep_vardd,2013-14,26,0,0,0
whep_vardd,2013-14,27,0,0,0
whep_vardd,2013-14,28,0,0,0
whep_vardd,2013-14,29,0,0,0
whep_vardd,2013-14,30,0,0,0
whep_vardd,2013-14,31,0,0,0
whep_vardd,2013-14,32,0,0,0
whep_vardd,2013-14,33,0,0,0
whep_vardd,2013-14,34,0,0,0
whep_vardd,2013-14,35,0,0,0
whep_vardd,2013-14,36,0,0,0
whep_vardd,2013-14,37,0,0,0
whep_vardd,2013-14,38,0,0,0
whep_vardd,2013-14,39,0,0,0
whep_vardd,2013-14,40,0,0,0
whep_vardd,2013-14,41,0,0,0
whep_vardd,2013-14,42,0,0,0
whep_vardd,2013-14,43,0,0,0
whep_vardd,2013-14,44,0,0,0
whep_vardd,2013-14,45,0,0,0
whep_vardd,2013-14,46,0,0,0
whep_vardd,2013-14,47,0,0,0
whep_vardd,2013-14,48,0,0,0
whep_vardd,2013-14,49,0,0,0
whep_vardd,2013-14,50,0,0,0
whep_vardd,2013-14,51,0,0,0
whep_vardd,2013-14,52,0,0,0
whep_vardd,2013-14,53,0,0,0
whep_vardd,2013-14,54,0,0,0
whep_vardd,2013-14,55,0,0,0
whep_vardd,2013-14,56,0,0,0
whep_vardd,2013-14,57,0,0,0
whep_vardd,2013-14,58,0,0,0
whep_vardd,2013-14,59,0,0,0
whep_vardd,2013-14,60,0,0,0
whep_vardd,2013-14,61,0,0,0
whep_vardd,2013-14,62,0,0,0
whep_vardd,2013-14,63,0,0,0
whep_vardd,2013-14,64,0,0,0
whep_vardd,2013-14,65,0,0,0
whep_vardd,2013-14,66,0,0,0
whep_vardd,2013-14,67,0,0,0
whep_vardd,2013-14,68,0,0,0
whep_vardd,2013-14,69,0,0,0
whep_vardd,2013-14,70,0,0,0
whep_vardd,2013-14,71,0,0,0
whep_vardd,2013-14,72,0,0,0
whep_vardd,2013-14,73,0,0,0
whep_vardd,2013-14,74,0,0,0
whep_vardd,2013-14,75,0,0,0
whep_vardd,2013-14,76,0,0,0
whep_vardd,2013-14,77,0,0,0
whep_vardd,2013-14,78,0,0,0
whep_vardd,2013-14,79,0,0,0
whep_vardd,2013-14,80,0,0,0
whep_vardd,2013-14,81,0,0,0
whep_vardd,2013-14,82,0,0,0
whep_vardd,2013-14,83,0,0,0
whep_vardd,2013-14,84,0,0,0
whep_vardd,2013-14,85,0,0,0
whep_vardd,2013-14,86,0,0,0
whep_vardd,2013-14,87,0,0,0
whep_vardd,2013-14,88,0,0,0
whep_vardd,2013-14,89,0,0,0
whep_vardd,2013-14,90,0,0,0
whep_vardd,2013-14,91,0,0,0
whep_vardd,2013-14,92,0,0,0
whep_vardd,2013-14,93,0,0,0
whep_vardd,2013-14,94,0,0,0
whep_vardd,2013-14,95,0,0,0
whep_vardd,2013-14,96,0,0,0
whep_vardd,2013-14,97,0,0,0
whep_vardd,2013-14,98,0,0,0
whep_vardd,2013-14,99,0,0,0
whep_vardd,2013-14,100,0,0,0
whep_vardd,2013-14,101,0,0,0
whep_vardd,2013-14,102,0,0,0
whep_vardd,2013-14,103,0,0,0
whep_vardd,2013-14,104,0,0,0
whep_vardd,2013-14,105,0,0,0
whep_vardd,2013-14,106,0,0,0
whep_vardd,2013-14,107,0,0,0
whep_vardd,2013-14,108,0,0,0
whep_vardd,2013-14,109,0,0,0
whep_vardd,2013-14,110,0,0,0
whep_vardd,2013-14,111,0,0,0
whep_vardd,2013-14,112,0,0,0
whep_vardd,2013-14,113,0,0,0
whep_vardd,2013-14,114,0,0,0
whep_vardd,2013-14,115,0,0,0
whep_vardd,2013-14,116,0,0,0
whep_vardd,2013-14,117,0,0,0
whep_vardd,2013-14,118,0,0,0
whep_vardd,2013-14,119,0,0,0
whep_vardd,2013-14,120,0,0,0
whep_vardd,2013-14,121,0,0,0
whep_vardd,2013-14,122,0,0,0
whep_vardd,2013-14,123,0,0,0
whep_vardd,2013-14,124,1710.0230960233791,1710.0230960233791,0
whep_vardd,2013-14,125,3420.0461920467583,1710.0230960233791,0
whep_vardd,2013-14,126,5130.069288070137,1710.0230960233791,0
whep_vardd,2013-14,127,6840.092384093517,1710.0230960233791,0
whep_vardd,2013-14,128,8550.115480116896,1710.0230960233791,0
whep_vardd,2013-14,129,10260.138576140274,1710.0230960233791,0
whep_vardd,2013-14,130,11970.161672163655,1710.0230960233791,0
whep_vardd,2013-14,131,13680.184768187033,1710.0230960233791,0
whep_vardd,2013-14,132,15390.207864210412,1710.0230960233791,0
whep_vardd,2013-14,133,17100.230960233792,1710.0230960233791,0
whep_vardd,2013-14,134,18810.25405625717,1710.0230960233791,0
whep_vardd,2013-14,135,20520.27715228055,1710.0230960233791,0
whep_vardd,2013-14,136,22230.300248303927,1710.0230960233791,0
whep_vardd,2013-14,137,23940.32334432731,1710.0230960233791,0
whep_vardd,2013-14,138,23940.32334432731,0,0
whep_vardd,2013-14,139,23940.32334432731,0,0
whep_vardd,2013-14,140,23940.32334432731,0,0
whep_vardd,2013-14,141,23940.32334432731,0,0
whep_vardd,2013-14,142,23940.32334432731,0,0
whep_vardd,2013-14,143,23940.32334432731,0,0
whep_vardd,2013-14,144,23940.32334432731,0,0
whep_vardd,2013-14,145,23940.32334432731,0,0
whep_vardd,2013-14,146,23940.32334432731,0,0
whep_vardd,2013-14,147,23940.32334432731,0,0
whep_vardd,2013-14,148,23940.32334432731,0,0
whep_vardd,2013-14,149,23940.32334432731,0,0
whep_vardd,2013-14,150,23940.32334432731,0,0
whep_vardd,2013-14,151,23940.32334432731,0,0
whep_vardd,2013-14,152,23940.32334432731,0,0
whep_vardd,2013-14,153,23940.32334432731,0,0
whep_vardd,2013-14,154,23940.32334432731,0,0
whep_vardd,2013-14,155,23940.32334432731,0,0
whep_vardd,2013-14,156,23940.32334432731,0,0
whep_vardd,2013-14,157,23940.32334432731,0,0
whep_vardd,2013-14,158,23940.32334432731,0,0
whep_vardd,2013-14,159,23940.32334432731,0,0
whep_vardd,2013-14,160,23940.32334432731,0,0
whep_vardd,2013-14,161,23940.32334432731,0,0
whep_vardd,2013-14,162,23940.32334432731,0,0
whep_vardd,2013-14,163,23940.32334432731,0,0
whep_vardd,2013-14,164,23940.32334432731,0,0
whep_vardd,2013-14,165,23940.32334432731,0,0
whep_vardd,2013-14,166,23940.32334432731,0,0
whep_vardd,2013-14,167,23940.32334432731,0,0
whep_vardd,2013-14,168,23940.32334432731,0,0
whep_vardd,2013-14,169,23940.32334432731,0,0
whep_vardd,2013-14,170,23940.32334432731,0,0
whep_vardd,2013-14,171,23940.32334432731,0,0
whep_vardd,2013-14,172,23940.32334432731,0,0
whep_vardd,2013-14,173,23940.32334432731,0,0
whep_vardd,2013-14,174,23940.32334432731,0,0
whep_vardd,2013-14,175,23940.32334432731,0,0
whep_vardd,2013-14,176,23940.32334432731,0,0
whep_vardd,2013-14,177,23940.32334432731,0,0
whep_vardd,2013-14,178,23940.32334432731,0,0
whep_vardd,2013-14,179,23940.32334432731,0,0
whep_vardd,2013-14,180,23940.32334432731,0,0
whep_vardd,2013-14,181,23940.32334432731,0,0
whep_vardd,2013-14,182,23940.32334432731,0,0
whep_vardd,2013-14,183,23940.32334432731,0,0
whep_vardd,2013-14,184,23940.32334432731,0,0
whep_vardd,2013-14,185,23940.32334432731,0,0
whep_vardd,2013-14,186,23940.32334432731,0,0
whep_vardd,2013-14,187,23940.32334432731,0,0
whep_vardd,2013-14,188,23940.32334432731,0,0
whep_vardd,2013-14,189,23940.32334432731,0,0
whep_vardd,2013-14,190,23940.32334432731,0,0
whep_vardd,2013-14,191,23940.32334432731,0,0
whep_vardd,2013-14,192,23940.32334432731,0,0
whep_vardd,2013-14,193,23940.32334432731,0,0
whep_vardd,2013-14,194,23940.32334432731,0,0
whep_vardd,2013-14,195,23940.32334432731,0,0
whep_vardd,2013-14,196,23940.32334432731,0,0
whep_vardd,2013-14,197,23940.32334432731,0,0
whep_vardd,2013-14,198,23940.32334432731,0,0
whep_vardd,2013-14,199,23940.32334432731,0,0
whep_vardd,2013-14,200,23940.32334432731,0,0
whep_vardd,2013-14,201,23940.32334432731,0,0
whep_vardd,2013-14,202,23940.32334432731,0,0
whep_vardd,2013-14,203,23940.32334432731,0,0
whep_vardd,2013-14,204,23940.32334432731,0,0
whep_vardd,2013-14,205,23940.32334432731,0,0
whep_vardd,2013-14,206,23940.32334432731,0,0
whep_vardd,2013-14,207,23940.32334432731,0,0
whep_vardd,2013-14,208,23940.32334432731,0,0
whep_vardd,2013-14,209,23940.32334432731,0,0
whep_vardd,2013-14,210,23940.32334432731,0,0
whep_vardd,2013-14,211,23940.32334432731,0,0
whep_vardd,2013-14,212,23940.32334432731,0,0
whep_vardd,2013-14,213,23940.32334432731,0,0
whep_vardd,2013-14,214,23940.32334432731,0,0
whep_vardd,2013-14,215,23940.32334432731,0,0
whep_vardd,2013-14,216,23940.32334432731,0,1781.2740583576865
whep_vardd,2013-14,217,22159.049285969624,0,1781.2740583576865
whep_vardd,2013-14,218,20377.775227611935,0,1781.2740583576865
whep_vardd,2013-14,219,18596.50116925425,0,1781.2740583576865
whep_vardd,2013-14,220,16815.227110896565,0,1781.2740583576865
whep_vardd,2013-14,221,15033.953052538876,0,1781.2740583576865
whep_vardd,2013-14,222,13252.678994181191,0,1781.2740583576865
whep_vardd,2013-14,223,11471.404935823504,0,926.2625103459972
whep_vardd,2013-14,224,10545.142425477507,0,926.2625103459972
whep_vardd,2013-14,225,9618.879915131509,0,926.2625103459972
whep_vardd,2013-14,226,8692.617404785513,0,926.2625103459972
whep_vardd,2013-14,227,7766.354894439515,0,926.2625103459972
whep_vardd,2013-14,228,6840.0923840935175,0,926.2625103459972
whep_vardd,2013-14,229,5913.82987374752,0,926.2625103459972
whep_vardd,2013-14,230,4987.567363401522,0,498.7567363401523
whep_vardd,2013-14,231,4488.810627061372,0,498.7567363401523
whep_vardd,2013-14,232,3990.0538907212176,0,498.7567363401523
whep_vardd,2013-14,233,3491.2971543810672,0,498.7567363401523
whep_vardd,2013-14,234,2992.540418040913,0,498.7567363401523
whep_vardd,2013-14,235,2493.783681700763,0,498.7567363401523
whep_vardd,2013-14,236,1995.0269453606088,0,498.7567363401523
whep_vardd,2013-14,237,1496.2702090204584,0,213.7528870029224
whep_vardd,2013-14,238,1282.5173220175348,0,213.7528870029224
whep_vardd,2013-14,239,1068.764435014611,0,213.7528870029224
whep_vardd,2013-14,240,855.011548011691,0,213.7528870029224
whep_vardd,2013-14,241,641.2586610087674,0,213.7528870029224
whep_vardd,2013-14,242,427.50577400584734,0,213.7528870029224
whep_vardd,2013-14,243,213.75288700292367,0,213.7528870029224
whep_vardd,2013-14,244,0,0,0
whep_vardd,2013-14,245,0,0,0
whep_vardd,2013-14,246,0,0,0
whep_vardd,2013-14,247,0,0,0
whep_vardd,2013-14,248,0,0,0
whep_vardd,2013-14,249,0,0,0
whep_vardd,2013-14,250,0,0,0
whep_vardd,2013-14,251,0,0,0
whep_vardd,2013-14,252,0,0,0
whep_vardd,2013-14,253,0,0,0
whep_vardd,2013-14,254,0,0,0
whep_vardd,2013-14,255,0,0,0
whep_vardd,2013-14,256,0,0,0
whep_vardd,2013-14,257,0,0,0
whep_vardd,2013-14,258,0,0,0
whep_vardd,2013-14,259,0,0,0
whep_vardd,2013-14,260,0,0,0
whep_vardd,2013-14,261,0,0,0
whep_vardd,2013-14,262,0,0,0
whep_vardd,2013-14,263,0,0,0
whep_vardd,2013-14,264,0,0,0
whep_vardd,2013-14,265,0,0,0
whep_vardd,2013-14,266,0,0,0
whep_vardd,2013-14,267,0,0,0
whep_vardd,2013-14,268,0,0,0
whep_vardd,2013-14,269,0,0,0
whep_vardd,2013-14,270,0,0,0
whep_vardd,2013-14,271,0,0,0
whep_vardd,2013-14,272,0,0,0
whep_vardd,2013-14,273,0,0,0
whep_vardd,2013-14,274,0,0,0
whep_vardd,2013-14,275,0,0,0
whep_vardd,2013-14,276,0,0,0
whep_vardd,2013-14,277,0,0,0
whep_vardd,2013-14,278,0,0,0
whep_vardd,2013-14,279,0,0,0
whep_vardd,2013-14,280,0,0,0
whep_vardd,2013-14,281,0,0,0
whep_vardd,2013-14,282,0,0,0
whep_vardd,2013-14,283,0,0,0
whep_vardd,2013-14,284,0,0,0
whep_vardd,2013-14,285,0,0,0
whep_vardd,2013-14,286,0,0,0
whep_vardd,2013-14,287,0,0,0
whep_vardd,2013-14,288,0,0,0
whep_vardd,2013-14,289,0,0,0
whep_vardd,2013-14,290,0,0,0
whep_vardd,2013-14,291,0,0,0
whep_vardd,2013-14,292,0,0,0
whep_vardd,2013-14,293,0,0,0
whep_vardd,2013-14,294,0,0,0
whep_vardd,2013-14,295,0,0,0
whep_vardd,2013-14,296,0,0,0
whep_vardd,2013-14,297,0,0,0
whep_vardd,2013-14,298,0,0,0
whep_vardd,2013-14,299,0,0,0
whep_vardd,2013-14,300,0,0,0
whep_vardd,2013-14,301,0,0,0
whep_vardd,2013-14,302,0,0,0
whep_vardd,2013-14,303,0,0,0
whep_vardd,2013-14,304,0,0,0
whep_vardd,2013-14,305,0,0,0
whep_vardd,2013-14,306,0,0,0
whep_vardd,2013-14,307,0,0,0
whep_vardd,2013-14,308,0,0,0
whep_vardd,2013-14,309,0,0,0
whep_vardd,2013-14,310,0,0,0
whep_vardd,2013-14,311,0,0,0
whep_vardd,2013-14,312,0,0,0
whep_vardd,2013-14,313,0,0,0
whep_vardd,2013-14,314,0,0,0
whep_vardd,2013-14,315,0,0,0
whep_vardd,2013-14,316,0,0,0
whep_vardd,2013-14,317,0,0,0
whep_vardd,2013-14,318,0,0,0
whep_vardd,2013-14,319,0,0,0
whep_fall,2014-15,1,2.149895793286255,2.149895793286255,0
whep_fall,2014-15,2,4.29979158657251,2.149895793286255,0
whep_fall,2014-15,3,6.449687379858764,2.149895793286255,0
whep_fall,2014-15,4,8.59958317314502,2.149895793286255,0
whep_fall,2014-15,5,10.749478966431274,2.149895793286255,0
whep_fall,2014-15,6,12.899374759717528,2.149895793286255,0
whep_fall,2014-15,7,15.049270553003783,2.149895793286255,0
whep_fall,2014-15,8,17.19916634629004,2.149895793286255,0
whep_fall,2014-15,9,19.349062139576294,2.149895793286255,0
whep_fall,2014-15,10,21.49895793286255,2.149895793286255,0
whep_fall,2014-15,11,23.648853726148804,2.149895793286255,0
whep_fall,2014-15,12,25.798749519435056,2.149895793286255,0
whep_fall,2014-15,13,27.94864531272131,2.149895793286255,0
whep_fall,2014-15,14,30.098541106007566,2.149895793286255,0
whep_fall,2014-15,15,32.24843689929382,2.149895793286255,0.1535639852347325
whep_fall,2014-15,16,34.244768707345344,2.149895793286255,0.307127970469465
whep_fall,2014-15,17,36.08753653016213,2.149895793286255,0.4606919557041975
whep_fall,2014-15,18,37.77674036774419,2.149895793286255,0.61425594093893
whep_fall,2014-15,19,39.31238022009152,2.149895793286255,0.7678199261736625
whep_fall,2014-15,20,40.69445608720411,2.149895793286255,0.921383911408395
whep_fall,2014-15,21,41.922967969081974,2.149895793286255,1.0749478966431274
whep_fall,2014-15,22,42.9979158657251,2.149895793286255,1.22851188187786
whep_fall,2014-15,23,43.919299777133496,2.149895793286255,1.3820758671125926
whep_fall,2014-15,24,44.68711970330715,2.149895793286255,1.535639852347325
whep_fall,2014-15,25,45.30137564424608,2.149895793286255,1.6892038375820575
whep_fall,2014-15,26,45.76206759995028,2.149895793286255,1.84276782281679
whep_fall,2014-15,27,46.069195570419744,2.149895793286255,1.9963318080515224
whep_fall,2014-15,28,46.22275955565448,2.149895793286255,2.149895793286255
whep_fall,2014-15,29,46.22275955565448,2.149895793286255,2.149895793286255
whep_fall,2014-15,30,46.22275955565448,2.149895793286255,2.149895793286255
whep_fall,2014-15,31,46.222759555654484,2.149895793286255,2.149895793286255
whep_fall,2014-15,32,46.22275955565448,2.149895793286255,2.149895793286255
whep_fall,2014-15,33,46.22275955565447,2.149895793286255,2.149895793286255
whep_fall,2014-15,34,46.22275955565448,2.149895793286255,2.149895793286255
whep_fall,2014-15,35,46.22275955565447,2.149895793286255,2.149895793286255
whep_fall,2014-15,36,46.22275955565448,2.149895793286255,2.149895793286255
whep_fall,2014-15,37,46.22275955565447,2.149895793286255,2.149895793286255
whep_fall,2014-15,38,46.22275955565448,2.149895793286255,2.149895793286255
whep_fall,2014-15,39,46.22275955565447,2.149895793286255,2.149895793286255
whep_fall,2014-15,40,46.22275955565448,2.149895793286255,2.149895793286255
whep_fall,2014-15,41,46.22275955565448,2.149895793286255,2.149895793286255
whep_fall,2014-15,42,46.222759555654484,2.149895793286255,2.149895793286255
whep_fall,2014-15,43,46.22275955565448,2.149895793286255,2.149895793286255
whep_fall,2014-15,44,46.222759555654484,2.149895793286255,2.149895793286255
whep_fall,2014-15,45,46.22275955565448,2.149895793286255,2.149895793286255
whep_fall,2014-15,46,46.222759555654484,2.149895793286255,2.149895793286255
whep_fall,2014-15,47,46.22275955565448,2.149895793286255,2.149895793286255
whep_fall,2014-15,48,46.22275955565447,2.149895793286255,2.149895793286255
whep_fall,2014-15,49,46.22275955565448,2.149895793286255,2.149895793286255
whep_fall,2014-15,50,46.22275955565447,2.149895793286255,2.149895793286255
whep_fall,2014-15,51,46.22275955565448,2.149895793286255,2.149895793286255
whep_fall,2014-15,52,46.22275955565448,2.149895793286255,2.149895793286255
whep_fall,2014-15,53,46.22275955565448,2.149895793286255,2.149895793286255
whep_fall,2014-15,54,46.22275955565448,2.149895793286255,2.149895793286255
whep_fall,2014-15,55,46.22275955565448,2.149895793286255,2.149895793286255
whep_fall,2014-15,56,46.22275955565448,2.149895793286255,2.149895793286255
whep_fall,2014-15,57,46.22275955565448,2.149895793286255,2.149895793286255
whep_fall,2014-15,58,46.22275955565448,2.149895793286255,2.149895793286255
whep_fall,2014-15,59,46.22275955565448,2.149895793286255,2.149895793286255
whep_fall,2014-15,60,46.22275955565448,2.149895793286255,2.149895793286255
whep_fall,2014-15,61,46.22275955565446,2.149895793286255,2.149895793286255
whep_fall,2014-15,62,46.22275955565449,2.149895793286255,2.149895793286255
whep_fall,2014-15,63,46.22275955565448,2.149895793286255,2.149895793286255
whep_fall,2014-15,64,46.22275955565448,2.149895793286255,2.149895793286255
whep_fall,2014-15,65,44.07286376236823,0,2.149895793286255
whep_fall,2014-15,66,41.92296796908197,0,2.149895793286255
whep_fall,2014-15,67,39.77307217579572,0,2.149895793286255
whep_fall,2014-15,68,37.623176382509456,0,2.149895793286255
whep_fall,2014-15,69,35.47328058922321,0,2.149895793286255
whep_fall,2014-15,70,33.323384795936946,0,2.149895793286255
whep_fall,2014-15,71,31.173489002650697,0,2.149895793286255
whep_fall,2014-15,72,29.023593209364435,0,2.149895793286255
whep_fall,2014-15,73,26.873697416078187,0,2.149895793286255
whep_fall,2014-15,74,24.723801622791925,0,2.149895793286255
whep_fall,2014-15,75,22.573905829505676,0,2.149895793286255
whep_fall,2014-15,76,20.424010036219414,0,2.149895793286255
whep_fall,2014-15,77,18.274114242933166,0,2.149895793286255
whep_fall,2014-15,78,16.124218449646904,0,2.149895793286255
whep_fall,2014-15,79,13.974322656360656,0,1.9963318080515222
whep_fall,2014-15,80,11.977990848309133,0,1.8427678228167899
whep_fall,2014-15,81,10.135223025492337,0,1.6892038375820573
whep_fall,2014-15,82,8.44601918791028,0,1.535639852347325
whep_fall,2014-15,83,6.910379335562965,0,1.3820758671125923
whep_fall,2014-15,84,5.5283034684503605,0,1.2285118818778598
whep_fall,2014-15,85,4.299791586572496,0,1.0749478966431274
whep_fall,2014-15,86,3.224843689929372,0,0.9213839114083948
whep_fall,2014-15,87,2.3034597785209883,0,0.7678199261736622
whep_fall,2014-15,88,1.535639852347316,0,0.6142559409389299
whep_fall,2014-15,89,0.9213839114083839,0,0.4606919557041973
whep_fall,2014-15,90,0.46069195570419197,0,0.3071279704694647
whep_fall,2014-15,91,0.15356398523474013,0,0.15356398523473236
whep_fall,2014-15,92,0,0,0
whep_fall,2014-15,93,0,0,0
whep_fall,2014-15,94,0,0,0
whep_fall,2014-15,95,0,0,0
whep_fall,2014-15,96,0,0,0
whep_fall,2014-15,97,0,0,0
whep_fall,2014-15,98,0,0,0
whep_fall,2014-15,99,0,0,0
whep_fall,2014-15,100,0,0,0
whep_fall,2014-15,101,0,0,0
whep_fall,2014-15,102,0,0,0
whep_fall,2014-15,103,0,0,0
whep_fall,2014-15,104,0,0,0
whep_fall,2014-15,105,0,0,0
whep_fall,2014-15,106,0,0,0
whep_fall,2014-15,107,0,0,0
whep_fall,2014-15,108,0,0,0
whep_fall,2014-15,109,0,0,0
whep_fall,2014-15,110,0,0,0
whep_fall,2014-15,111,0,0,0
whep_fall,2014-15,112,0,0,0
whep_fall,2014-15,113,0,0,0
whep_fall,2014-15,114,0,0,0
whep_fall,2014-15,115,0,0,0
whep_fall,2014-15,116,0,0,0
whep_fall,2014-15,117,0,0,0
whep_fall,2014-15,118,0,0,0
whep_fall,2014-15,119,0,0,0
whep_fall,2014-15,120,0,0,0
whep_fall,2014-15,121,0,0,0
whep_fall,2014-15,122,0,0,0
whep_fall,2014-15,123,0,0,0
whep_fall,2014-15,124,0,0,0
whep_fall,2014-15,125,0,0,0
whep_fall,2014-15,126,0,0,0
whep_fall,2014-15,127,0,0,0
whep_fall,2014-15,128,0,0,0
whep_fall,2014-15,129,0,0,0
whep_fall,2014-15,130,0,0,0
whep_fall,2014-15,131,0,0,0
whep_fall,2014-15,132,0,0,0
whep_fall,2014-15,133,0,0,0
whep_fall,2014-15,134,0,0,0
whep_fall,2014-15,135,0,0,0
whep_fall,2014-15,136,0,0,0
whep_fall,2014-15,137,0,0,0
whep_fall,2014-15,138,0,0,0
whep_fall,2014-15,139,0,0,0
whep_fall,2014-15,140,0,0,0
whep_fall,2014-15,141,0,0,0
whep_fall,2014-15,142,0,0,0
whep_fall,2014-15,143,0,0,0
whep_fall,2014-15,144,0,0,0
whep_fall,2014-15,145,0,0,0
whep_fall,2014-15,146,0,0,0
whep_fall,2014-15,147,0,0,0
whep_fall,2014-15,148,0,0,0
whep_fall,2014-15,149,0,0,0
whep_fall,2014-15,150,0,0,0
whep_fall,2014-15,151,0,0,0
whep_fall,2014-15,152,0,0,0
whep_fall,2014-15,153,0,0,0
whep_fall,2014-15,154,0,0,0
whep_fall,2014-15,155,0,0,0
whep_fall,2014-15,156,0,0,0
whep_fall,2014-15,157,0,0,0
whep_fall,2014-15,158,0,0,0
whep_fall,2014-15,159,0,0,0
whep_fall,2014-15,160,0,0,0
whep_fall,2014-15,161,0,0,0
whep_fall,2014-15,162,0,0,0
whep_fall,2014-15,163,0,0,0
whep_fall,2014-15,164,0,0,0
whep_fall,2014-15,165,0,0,0
whep_fall,2014-15,166,0,0,0
whep_fall,2014-15,167,0,0,0
whep_fall,2014-15,168,0,0,0
whep_fall,2014-15,169,0,0,0
whep_fall,2014-15,170,0,0,0
whep_fall,2014-15,171,0,0,0
whep_fall,2014-15,172,0,0,0
whep_fall,2014-15,173,0,0,0
whep_fall,2014-15,174,0,0,0
whep_fall,2014-15,175,0,0,0
whep_fall,2014-15,176,0,0,0
whep_fall,2014-15,177,0,0,0
whep_fall,2014-15,178,0,0,0
whep_fall,2014-15,179,0,0,0
whep_fall,2014-15,180,0,0,0
whep_fall,2014-15,181,0,0,0
whep_fall,2014-15,182,0,0,0
whep_fall,2014-15,183,0,0,0
whep_fall,2014-15,184,0,0,0
whep_fall,2014-15,185,0,0,0
whep_fall,2014-15,186,0,0,0
whep_fall,2014-15,187,0,0,0
whep_fall,2014-15,188,0,0,0
whep_fall,2014-15,189,0,0,0
whep_fall,2014-15,190,0,0,0
whep_fall,2014-15,191,0,0,0
whep_fall,2014-15,192,0,0,0
whep_fall,2014-15,193,0,0,0
whep_fall,2014-15,194,0,0,0
whep_fall,2014-15,195,0,0,0
whep_fall,2014-15,196,0,0,0
whep_fall,2014-15,197,0,0,0
whep_fall,2014-15,198,0,0,0
whep_fall,2014-15,199,0,0,0
whep_fall,2014-15,200,0,0,0
whep_fall,2014-15,201,0,0,0
whep_fall,2014-15,202,0,0,0
whep_fall,2014-15,203,0,0,0
whep_fall,2014-15,204,0,0,0
whep_fall,2014-15,205,0,0,0
whep_fall,2014-15,206,0,0,0
whep_fall,2014-15,207,0,0,0
whep_fall,2014-15,208,0,0,0
whep_fall,2014-15,209,0,0,0
whep_fall,2014-15,210,0,0,0
whep_fall,2014-15,211,0,0,0
whep_fall,2014-15,212,0,0,0
whep_fall,2014-15,213,0,0,0
whep_fall,2014-15,214,0,0,0
whep_fall,2014-15,215,0,0,0
whep_fall,2014-15,216,0,0,0
whep_fall,2014-15,217,0,0,0
whep_fall,2014-15,218,0,0,0
whep_fall,2014-15,219,0,0,0
whep_fall,2014-15,220,0,0,0
whep_fall,2014-15,221,0,0,0
whep_fall,2014-15,222,0,0,0
whep_fall,2014-15,223,0,0,0
whep_fall,2014-15,224,0,0,0
whep_fall,2014-15,225,0,0,0
whep_fall,2014-15,226,0,0,0
whep_fall,2014-15,227,0,0,0
whep_fall,2014-15,228,0,0,0
whep_fall,2014-15,229,0,0,0
whep_fall,2014-15,230,0,0,0
whep_fall,2014-15,231,0,0,0
whep_fall,2014-15,232,0,0,0
whep_fall,2014-15,233,0,0,0
whep_fall,2014-15,234,0,0,0
whep_fall,2014-15,235,0,0,0
whep_fall,2014-15,236,0,0,0
whep_fall,2014-15,237,0,0,0
whep_fall,2014-15,238,0,0,0
whep_fall,2014-15,239,0,0,0
whep_fall,2014-15,240,0,0,0
whep_fall,2014-15,241,0,0,0
whep_fall,2014-15,242,0,0,0
whep_fall,2014-15,243,0,0,0
whep_fall,2014-15,244,0,0,0
whep_fall,2014-15,245,0,0,0
whep_fall,2014-15,246,0,0,0
whep_fall,2014-15,247,0,0,0
whep_fall,2014-15,248,0,0,0
whep_fall,2014-15,249,0,0,0
whep_fall,2014-15,250,0,0,0
whep_fall,2014-15,251,0,0,0
whep_fall,2014-15,252,0,0,0
whep_fall,2014-15,253,0,0,0
whep_fall,2014-15,254,0,0,0
whep_fall,2014-15,255,0,0,0
whep_fall,2014-15,256,0,0,0
whep_fall,2014-15,257,0,0,0
whep_fall,2014-15,258,0,0,0
whep_fall,2014-15,259,0,0,0
whep_fall,2014-15,260,0,0,0
whep_fall,2014-15,261,0,0,0
whep_fall,2014-15,262,0,0,0
whep_fall,2014-15,263,0,0,0
whep_fall,2014-15,264,0,0,0
whep_fall,2014-15,265,0,0,0
whep_fall,2014-15,266,0,0,0
whep_fall,2014-15,267,0,0,0
whep_fall,2014-15,268,0,0,0
whep_fall,2014-15,269,0,0,0
whep_fall,2014-15,270,0,0,0
whep_fall,2014-15,271,0,0,0
whep_fall,2014-15,272,0,0,0
whep_fall,2014-15,273,0,0,0
whep_fall,2014-15,274,0,0,0
whep_fall,2014-15,275,0,0,0
whep_fall,2014-15,276,0,0,0
whep_fall,2014-15,277,0,0,0
whep_fall,2014-15,278,0,0,0
whep_fall,2014-15,279,0,0,0
whep_fall,2014-15,280,0,0,0
whep_fall,2014-15,281,0,0,0
whep_fall,2014-15,282,0,0,0
whep_fall,2014-15,283,0,0,0
whep_fall,2014-15,284,0,0,0
whep_fall,2014-15,285,0,0,0
whep_fall,2014-15,286,0,0,0
whep_fall,2014-15,287,0,0,0
whep_fall,2014-15,288,0,0,0
whep_fall,2014-15,289,0,0,0
whep_fall,2014-15,290,0,0,0
whep_fall,2014-15,291,0,0,0
whep_fall,2014-15,292,0,0,0
whep_fall,2014-15,293,0,0,0
whep_fall,2014-15,294,0,0,0
whep_fall,2014-15,295,0,0,0
whep_fall,2014-15,296,0,0,0
whep_fall,2014-15,297,0,0,0
whep_fall,2014-15,298,0,0,0
whep_fall,2014-15,299,0,0,0
whep_fall,2014-15,300,0,0,0
whep_fall,2014-15,301,0,0,0
whep_fall,2014-15,302,0,0,0
whep_fall,2014-15,303,0,0,0
whep_fall,2014-15,304,0,0,0
whep_fall,2014-15,305,0,0,0
whep_fall,2014-15,306,0,0,0
whep_fall,2014-15,307,0,0,0
whep_fall,2014-15,308,0,0,0
whep_fall,2014-15,309,0,0,0
whep_fall,2014-15,310,0,0,0
whep_fall,2014-15,311,0,0,0
whep_fall,2014-15,312,0,0,0
whep_fall,2014-15,313,0,0,0
whep_fall,2014-15,314,0,0,0
whep_fall,2014-15,315,0,0,0
whep_fall,2014-15,316,0,0,0
whep_fall,2014-15,317,0,0,0
whep_fall,2014-15,318,0,0,0
whep_fall,2014-15,319,0,0,0
whep_vardd,2014-15,1,0,0,0
whep_vardd,2014-15,2,0,0,0
whep_vardd,2014-15,3,0,0,0
whep_vardd,2014-15,4,0,0,0
whep_vardd,2014-15,5,0,0,0
whep_vardd,2014-15,6,0,0,0
whep_vardd,2014-15,7,0,0,0
whep_vardd,2014-15,8,0,0,0
whep_vardd,2014-15,9,0,0,0
whep_vardd,2014-15,10,0,0,0
whep_vardd,2014-15,11,0,0,0
whep_vardd,2014-15,12,0,0,0
whep_vardd,2014-15,13,0,0,0
whep_vardd,2014-15,14,0,0,0
whep_vardd,2014-15,15,0,0,0
whep_vardd,2014-15,16,0,0,0
whep_vardd,2014-15,17,0,0,0
whep_vardd,2014-15,18,0,0,0
whep_vardd,2014-15,19,0,0,0
whep_vardd,2014-15,20,0,0,0
whep_vardd,2014-15,21,0,0,0
whep_vardd,2014-15,22,0,0,0
whep_vardd,2014-15,23,0,0,0
whep_vardd,2014-15,24,0,0,0
whep_vardd,2014-15,25,0,0,0
whep_vardd,2014-15,26,0,0,0
whep_vardd,2014-15,27,0,0,0
whep_vardd,2014-15,28,0,0,0
whep_vardd,2014-15,29,0,0,0
whep_vardd,2014-15,30,0,0,0
whep_vardd,2014-15,31,0,0,0
whep_vardd,2014-15,32,0,0,0
whep_vardd,2014-15,33,0,0,0
whep_vardd,2014-15,34,0,0,0
whep_vardd,2014-15,35,0,0,0
whep_vardd,2014-15,36,0,0,0
whep_vardd,2014-15,37,0,0,0
whep_vardd,2014-15,38,0,0,0
whep_vardd,2014-15,39,0,0,0
whep_vardd,2014-15,40,0,0,0
whep_vardd,2014-15,41,0,0,0
whep_vardd,2014-15,42,0,0,0
whep_vardd,2014-15,43,0,0,0
whep_vardd,2014-15,44,0,0,0
whep_vardd,2014-15,45,0,0,0
whep_vardd,2014-15,46,0,0,0
whep_vardd,2014-15,47,0,0,0
whep_vardd,2014-15,48,0,0,0
whep_vardd,2014-15,49,0,0,0
whep_vardd,2014-15,50,0,0,0
whep_vardd,2014-15,51,0,0,0
whep_vardd,2014-15,52,0,0,0
whep_vardd,2014-15,53,0,0,0
whep_vardd,2014-15,54,0,0,0
whep_vardd,2014-15,55,0,0,0
whep_vardd,2014-15,56,0,0,0
whep_vardd,2014-15,57,0,0,0
whep_vardd,2014-15,58,0,0,0
whep_vardd,2014-15,59,0,0,0
whep_vardd,2014-15,60,0,0,0
whep_vardd,2014-15,61,0,0,0
whep_vardd,2014-15,62,0,0,0
whep_vardd,2014-15,63,0,0,0
whep_vardd,2014-15,64,0,0,0
whep_vardd,2014-15,65,0,0,0
whep_vardd,2014-15,66,0,0,0
whep_vardd,2014-15,67,0,0,0
whep_vardd,2014-15,68,0,0,0
whep_vardd,2014-15,69,0,0,0
whep_vardd,2014-15,70,0,0,0
whep_vardd,2014-15,71,0,0,0
whep_vardd,2014-15,72,0,0,0
whep_vardd,2014-15,73,0,0,0
whep_vardd,2014-15,74,0,0,0
whep_vardd,2014-15,75,0,0,0
whep_vardd,2014-15,76,0,0,0
whep_vardd,2014-15,77,0,0,0
whep_vardd,2014-15,78,0,0,0
whep_vardd,2014-15,79,0,0,0
whep_vardd,2014-15,80,0,0,0
whep_vardd,2014-15,81,0,0,0
whep_vardd,2014-15,82,0,0,0
whep_vardd,2014-15,83,0,0,0
whep_vardd,2014-15,84,0,0,0
whep_vardd,2014-15,85,0,0,0
whep_vardd,2014-15,86,0,0,0
whep_vardd,2014-15,87,0,0,0
whep_vardd,2014-15,88,0,0,0
whep_vardd,2014-15,89,0,0,0
whep_vardd,2014-15,90,0,0,0
whep_vardd,2014-15,91,0,0,0
whep_vardd,2014-15,92,0,0,0
whep_vardd,2014-15,93,0,0,0
whep_vardd,2014-15,94,0,0,0
whep_vardd,2014-15,95,0,0,0
whep_vardd,2014-15,96,0,0,0
whep_vardd,2014-15,97,0,0,0
whep_vardd,2014-15,98,0,0,0
whep_vardd,2014-15,99,0,0,0
whep_vardd,2014-15,100,0,0,0
whep_vardd,2014-15,101,0,0,0
whep_vardd,2014-15,102,0,0,0
whep_vardd,2014-15,103,0,0,0
whep_vardd,2014-15,104,0,0,0
whep_vardd,2014-15,105,0,0,0
whep_vardd,2014-15,106,0,0,0
whep_vardd,2014-15,107,0,0,0
whep_vardd,2014-15,108,0,0,0
whep_vardd,2014-15,109,0,0,0
whep_vardd,2014-15,110,0,0,0
whep_vardd,2014-15,111,0,0,0
whep_vardd,2014-15,112,0,0,0
whep_vardd,2014-15,113,0,0,0
whep_vardd,2014-15,114,0,0,0
whep_vardd,2014-15,115,0,0,0
whep_vardd,2014-15,116,0,0,0
whep_vardd,2014-15,117,0,0,0
whep_vardd,2014-15,118,0,0,0
whep_vardd,2014-15,119,0,0,0
whep_vardd,2014-15,120,0,0,0
whep_vardd,2014-15,121,0,0,0
whep_vardd,2014-15,122,0,0,0
whep_vardd,2014-15,123,0,0,0
whep_vardd,2014-15,124,1899.0804949891171,1899.0804949891171,0
whep_vardd,2014-15,125,3798.1609899782343,1899.0804949891171,0
whep_vardd,2014-15,126,5697.241484967351,1899.0804949891171,0
whep_vardd,2014-15,127,7596.321979956469,1899.0804949891171,0
whep_vardd,2014-15,128,9495.402474945582,1899.0804949891171,0
whep_vardd,2014-15,129,11394.4829699347,1899.0804949891171,0
whep_vardd,2014-15,130,13293.563464923816,1899.0804949891171,0
whep_vardd,2014-15,131,15192.643959912933,1899.0804949891171,0
whep_vardd,2014-15,132,17091.72445490205,1899.0804949891171,0
whep_vardd,2014-15,133,18990.804949891168,1899.0804949891171,0
whep_vardd,2014-15,134,20889.885444880285,1899.0804949891171,0
whep_vardd,2014-15,135,22788.965939869402,1899.0804949891171,0
whep_vardd,2014-15,136,24688.04643485852,1899.0804949891171,0
whep_vardd,2014-15,137,26587.126929847636,1899.0804949891171,0
whep_vardd,2014-15,138,26587.126929847636,0,0
whep_vardd,2014-15,139,26587.126929847636,0,0
whep_vardd,2014-15,140,26587.126929847636,0,0
whep_vardd,2014-15,141,26587.126929847636,0,0
whep_vardd,2014-15,142,26587.126929847636,0,0
whep_vardd,2014-15,143,26587.126929847636,0,0
whep_vardd,2014-15,144,26587.126929847636,0,0
whep_vardd,2014-15,145,26587.126929847636,0,0
whep_vardd,2014-15,146,26587.126929847636,0,0
whep_vardd,2014-15,147,26587.126929847636,0,0
whep_vardd,2014-15,148,26587.126929847636,0,0
whep_vardd,2014-15,149,26587.126929847636,0,0
whep_vardd,2014-15,150,26587.126929847636,0,0
whep_vardd,2014-15,151,26587.126929847636,0,0
whep_vardd,2014-15,152,26587.126929847636,0,0
whep_vardd,2014-15,153,26587.126929847636,0,0
whep_vardd,2014-15,154,26587.126929847636,0,0
whep_vardd,2014-15,155,26587.126929847636,0,0
whep_vardd,2014-15,156,26587.126929847636,0,0
whep_vardd,2014-15,157,26587.126929847636,0,0
whep_vardd,2014-15,158,26587.126929847636,0,0
whep_vardd,2014-15,159,26587.126929847636,0,0
whep_vardd,2014-15,160,26587.126929847636,0,0
whep_vardd,2014-15,161,26587.126929847636,0,0
whep_vardd,2014-15,162,26587.126929847636,0,0
whep_vardd,2014-15,163,26587.126929847636,0,0
whep_vardd,2014-15,164,26587.126929847636,0,0
whep_vardd,2014-15,165,26587.126929847636,0,0
whep_vardd,2014-15,166,26587.126929847636,0,0
whep_vardd,2014-15,167,26587.126929847636,0,0
whep_vardd,2014-15,168,26587.126929847636,0,0
whep_vardd,2014-15,169,26587.126929847636,0,0
whep_vardd,2014-15,170,26587.126929847636,0,0
whep_vardd,2014-15,171,26587.126929847636,0,0
whep_vardd,2014-15,172,26587.126929847636,0,0
whep_vardd,2014-15,173,26587.126929847636,0,0
whep_vardd,2014-15,174,26587.126929847636,0,0
whep_vardd,2014-15,175,26587.126929847636,0,0
whep_vardd,2014-15,176,26587.126929847636,0,0
whep_vardd,2014-15,177,26587.126929847636,0,0
whep_vardd,2014-15,178,26587.126929847636,0,0
whep_vardd,2014-15,179,26587.126929847636,0,0
whep_vardd,2014-15,180,26587.126929847636,0,0
whep_vardd,2014-15,181,26587.126929847636,0,0
whep_vardd,2014-15,182,26587.126929847636,0,0
whep_vardd,2014-15,183,26587.126929847636,0,0
whep_vardd,2014-15,184,26587.126929847636,0,0
whep_vardd,2014-15,185,26587.126929847636,0,0
whep_vardd,2014-15,186,26587.126929847636,0,0
whep_vardd,2014-15,187,26587.126929847636,0,0
whep_vardd,2014-15,188,26587.126929847636,0,0
whep_vardd,2014-15,189,26587.126929847636,0,0
whep_vardd,2014-15,190,26587.126929847636,0,0
whep_vardd,2014-15,191,26587.126929847636,0,0
whep_vardd,2014-15,192,26587.126929847636,0,0
whep_vardd,2014-15,193,26587.126929847636,0,0
whep_vardd,2014-15,194,26587.126929847636,0,0
whep_vardd,2014-15,195,26587.126929847636,0,0
whep_vardd,2014-15,196,26587.126929847636,0,0
whep_vardd,2014-15,197,26587.126929847636,0,0
whep_vardd,2014-15,198,26587.126929847636,0,0
whep_vardd,2014-15,199,26587.126929847636,0,0
whep_vardd,2014-15,200,26587.126929847636,0,0
whep_vardd,2014-15,201,26587.126929847636,0,0
whep_vardd,2014-15,202,26587.126929847636,0,0
whep_vardd,2014-15,203,26587.126929847636,0,0
whep_vardd,2014-15,204,26587.126929847636,0,0
whep_vardd,2014-15,205,26587.126929847636,0,0
whep_vardd,2014-15,206,26587.126929847636,0,0
whep_vardd,2014-15,207,26587.126929847636,0,0
whep_vardd,2014-15,208,26587.126929847636,0,0
whep_vardd,2014-15,209,26587.126929847636,0,0
whep_vardd,2014-15,210,26587.126929847636,0,0
whep_vardd,2014-15,211,26587.126929847636,0,0
whep_vardd,2014-15,212,26587.126929847636,0,0
whep_vardd,2014-15,213,26587.126929847636,0,0
whep_vardd,2014-15,214,26587.126929847636,0,0
whep_vardd,2014-15,215,26587.126929847636,0,0
whep_vardd,2014-15,216,26587.126929847636,0,1978.208848946997
whep_vardd,2014-15,217,24608.91808090064,0,1978.208848946997
whep_vardd,2014-15,218,22630.709231953642,0,1978.208848946997
whep_vardd,2014-15,219,20652.500383006645,0,1978.208848946997
whep_vardd,2014-15,220,18674.29153405965,0,1978.208848946997
whep_vardd,2014-15,221,16696.082685112655,0,1978.208848946997
whep_vardd,2014-15,222,14717.873836165658,0,1978.208848946997
whep_vardd,2014-15,223,12739.66498721866,0,1028.6686014524385
whep_vardd,2014-15,224,11710.996385766222,0,1028.6686014524385
whep_vardd,2014-15,225,10682.327784313784,0,1028.6686014524385
whep_vardd,2014-15,226,9653.659182861345,0,1028.6686014524385
whep_vardd,2014-15,227,8624.990581408907,0,1028.6686014524385
whep_vardd,2014-15,228,7596.321979956469,0,1028.6686014524385
whep_vardd,2014-15,229,6567.65337850403,0,1028.6686014524385
whep_vardd,2014-15,230,5538.984777051592,0,553.8984777051592
whep_vardd,2014-15,231,4985.0862993464325,0,553.8984777051592
whep_vardd,2014-15,232,4431.187821641273,0,553.8984777051592
whep_vardd,2014-15,233,3877.289343936114,0,553.8984777051592
whep_vardd,2014-15,234,3323.390866230955,0,553.8984777051592
whep_vardd,2014-15,235,2769.492388525796,0,553.8984777051592
whep_vardd,2014-15,236,2215.5939108206367,0,553.8984777051592
whep_vardd,2014-15,237,1661.6954331154775,0,237.38506187363964
whep_vardd,2014-15,238,1424.3103712418379,0,237.38506187363964
whep_vardd,2014-15,239,1186.9253093681982,0,237.38506187363964
whep_vardd,2014-15,240,949.5402474945586,0,237.38506187363964
whep_vardd,2014-15,241,712.1551856209189,0,237.38506187363964
whep_vardd,2014-15,242,474.7701237472793,0,237.38506187363964
whep_vardd,2014-15,243,237.38506187363964,0,237.38506187363964
whep_vardd,2014-15,244,0,0,0
whep_vardd,2014-15,245,0,0,0
whep_vardd,2014-15,246,0,0,0
whep_vardd,2014-15,247,0,0,0
whep_vardd,2014-15,248,0,0,0
whep_vardd,2014-15,249,0,0,0
whep_vardd,2014-15,250,0,0,0
whep_vardd,2014-15,251,0,0,0
whep_vardd,2014-15,252,0,0,0
whep_vardd,2014-15,253,0,0,0
whep_vardd,2014-15,254,0,0,0
whep_vardd,2014-15,255,0,0,0
whep_vardd,2014-15,256,0,0,0
whep_vardd,2014-15,257,0,0,0
whep_vardd,2014-15,258,0,0,0
whep_vardd,2014-15,259,0,0,0
whep_vardd,2014-15,260,0,0,0
whep_vardd,2014-15,261,0,0,0
whep_vardd,2014-15,262,0,0,0
whep_vardd,2014-15,263,0,0,0
whep_vardd,2014-15,264,0,0,0
whep_vardd,2014-15,265,0,0,0
whep_vardd,2014-15,266,0,0,0
whep_vardd,2014-15,267,0,0,0
whep_vardd,2014-15,268,0,0,0
whep_vardd,2014-15,269,0,0,0
whep_vardd,2014-15,270,0,0,0
whep_vardd,2014-15,271,0,0,0
whep_vardd,2014-15,272,0,0,0
whep_vardd,2014-15,273,0,0,0
whep_vardd,2014-15,274,0,0,0
whep_vardd,2014-15,275,0,0,0
whep_vardd,2014-15,276,0,0,0
whep_vardd,2014-15,277,0,0,0
whep_vardd,2014-15,278,0,0,0
whep_vardd,2014-15,279,0,0,0
whep_vardd,2014-15,280,0,0,0
whep_vardd,2014-15,281,0,0,0
whep_vardd,2014-15,282,0,0,0
whep_vardd,2014-15,283,0,0,0
whep_vardd,2014-15,284,0,0,0
whep_vardd,2014-15,285,0,0,0
whep_vardd,2014-15,286,0,0,0
whep_vardd,2014-15,287,0,0,0
whep_vardd,2014-15,288,0,0,0
whep_vardd,2014-15,289,0,0,0
whep_vardd,2014-15,290,0,0,0
whep_vardd,2014-15,291,0,0,0
whep_vardd,2014-15,292,0,0,0
whep_vardd,2014-15,293,0,0,0
whep_vardd,2014-15,294,0,0,0
whep_vardd,2014-15,295,0,0,0
whep_vardd,2014-15,296,0,0,0
whep_vardd,2014-15,297,0,0,0
whep_vardd,2014-15,298,0,0,0
whep_vardd,2014-15,299,0,0,0
whep_vardd,2014-15,300,0,0,0
whep_vardd,2014-15,301,0,0,0
whep_vardd,2014-15,302,0,0,0
whep_vardd,2014-15,303,0,0,0
whep_vardd,2014-15,304,0,0,0
whep_vardd,2014-15,305,0,0,0
whep_vardd,2014-15,306,0,0,0
whep_vardd,2014-15,307,0,0,0
whep_vardd,2014-15,308,0,0,0
whep_vardd,2014-15,309,0,0,0
whep_vardd,2014-15,310,0,0,0
whep_vardd,2014-15,311,0,0,0
whep_vardd,2014-15,312,0,0,0
whep_vardd,2014-15,313,0,0,0
whep_vardd,2014-15,314,0,0,0
whep_vardd,2014-15,315,0,0,0
whep_vardd,2014-15,316,0,0,0
whep_vardd,2014-15,317,0,0,0
whep_vardd,2014-15,318,0,0,0
whep_vardd,2014-15,319,0,0,0
whep_fall,2015-16,1,0.30351470022864774,0.30351470022864774,0
whep_fall,2015-16,2,0.6070294004572955,0.30351470022864774,0
whep_fall,2015-16,3,0.9105441006859432,0.30351470022864774,0
whep_fall,2015-16,4,1.214058800914591,0.30351470022864774,0
whep_fall,2015-16,5,1.5175735011432387,0.30351470022864774,0
whep_fall,2015-16,6,1.8210882013718863,0.30351470022864774,0
whep_fall,2015-16,7,2.124602901600534,0.30351470022864774,0
whep_fall,2015-16,8,2.428117601829182,0.30351470022864774,0
whep_fall,2015-16,9,2.7316323020578297,0.30351470022864774,0
whep_fall,2015-16,10,3.0351470022864775,0.30351470022864774,0
whep_fall,2015-16,11,3.3386617025151253,0.30351470022864774,0
whep_fall,2015-16,12,3.6421764027437726,0.30351470022864774,0
whep_fall,2015-16,13,3.9456911029724204,0.30351470022864774,0
whep_fall,2015-16,14,4.249205803201068,0.30351470022864774,0
whep_fall,2015-16,15,4.5527205034297165,0.30351470022864774,0.02167962144490341
whep_fall,2015-16,16,4.8345555822134605,0.30351470022864774,0.04335924288980682
whep_fall,2015-16,17,5.094711039552301,0.30351470022864774,0.06503886433471023
whep_fall,2015-16,18,5.333186875446239,0.30351470022864774,0.08671848577961364
whep_fall,2015-16,19,5.549983089895273,0.30351470022864774,0.10839810722451704
whep_fall,2015-16,20,5.745099682899404,0.30351470022864774,0.13007772866942047
whep_fall,2015-16,21,5.918536654458631,0.30351470022864774,0.15175735011432387
whep_fall,2015-16,22,6.070294004572955,0.30351470022864774,0.17343697155922727
whep_fall,2015-16,23,6.200371733242375,0.30351470022864774,0.19511659300413067
whep_fall,2015-16,24,6.3087698404668915,0.30351470022864774,0.21679621444903407
whep_fall,2015-16,25,6.395488326246506,0.30351470022864774,0.2384758358939375
whep_fall,2015-16,26,6.460527190581216,0.30351470022864774,0.26015545733884093
whep_fall,2015-16,27,6.503886433471022,0.30351470022864774,0.2818350787837443
whep_fall,2015-16,28,6.5255660549159265,0.30351470022864774,0.30351470022864774
whep_fall,2015-16,29,6.525566054915927,0.30351470022864774,0.30351470022864774
whep_fall,2015-16,30,6.525566054915927,0.30351470022864774,0.30351470022864774
whep_fall,2015-16,31,6.525566054915926,0.30351470022864774,0.30351470022864774
whep_fall,2015-16,32,6.5255660549159265,0.30351470022864774,0.30351470022864774
whep_fall,2015-16,33,6.525566054915927,0.30351470022864774,0.30351470022864774
whep_fall,2015-16,34,6.525566054915926,0.30351470022864774,0.30351470022864774
whep_fall,2015-16,35,6.5255660549159265,0.30351470022864774,0.30351470022864774
whep_fall,2015-16,36,6.5255660549159265,0.30351470022864774,0.30351470022864774
whep_fall,2015-16,37,6.525566054915927,0.30351470022864774,0.30351470022864774
whep_fall,2015-16,38,6.525566054915926,0.30351470022864774,0.30351470022864774
whep_fall,2015-16,39,6.5255660549159265,0.30351470022864774,0.30351470022864774
whep_fall,2015-16,40,6.5255660549159265,0.30351470022864774,0.30351470022864774
whep_fall,2015-16,41,6.525566054915926,0.30351470022864774,0.30351470022864774
whep_fall,2015-16,42,6.5255660549159265,0.30351470022864774,0.30351470022864774
whep_fall,2015-16,43,6.5255660549159265,0.30351470022864774,0.30351470022864774
whep_fall,2015-16,44,6.525566054915927,0.30351470022864774,0.30351470022864774
whep_fall,2015-16,45,6.525566054915926,0.30351470022864774,0.30351470022864774
whep_fall,2015-16,46,6.5255660549159265,0.30351470022864774,0.30351470022864774
whep_fall,2015-16,47,6.5255660549159265,0.30351470022864774,0.30351470022864774
whep_fall,2015-16,48,6.525566054915926,0.30351470022864774,0.30351470022864774
whep_fall,2015-16,49,6.525566054915926,0.30351470022864774,0.30351470022864774
whep_fall,2015-16,50,6.525566054915927,0.30351470022864774,0.30351470022864774
whep_fall,2015-16,51,6.525566054915927,0.30351470022864774,0.30351470022864774
whep_fall,2015-16,52,6.525566054915926,0.30351470022864774,0.30351470022864774
whep_fall,2015-16,53,6.525566054915926,0.30351470022864774,0.30351470022864774
whep_fall,2015-16,54,6.525566054915926,0.30351470022864774,0.30351470022864774
whep_fall,2015-16,55,6.525566054915927,0.30351470022864774,0.30351470022864774
whep_fall,2015-16,56,6.525566054915926,0.30351470022864774,0.30351470022864774
whep_fall,2015-16,57,6.525566054915926,0.30351470022864774,0.30351470022864774
whep_fall,2015-16,58,6.525566054915927,0.30351470022864774,0.30351470022864774
whep_fall,2015-16,59,6.525566054915926,0.30351470022864774,0.30351470022864774
whep_fall,2015-16,60,6.525566054915927,0.30351470022864774,0.30351470022864774
whep_fall,2015-16,61,6.525566054915927,0.30351470022864774,0.30351470022864774
whep_fall,2015-16,62,6.525566054915926,0.30351470022864774,0.30351470022864774
whep_fall,2015-16,63,6.525566054915927,0.30351470022864774,0.30351470022864774
whep_fall,2015-16,64,6.525566054915926,0.30351470022864774,0.30351470022864774
whep_fall,2015-16,65,6.222051354687279,0,0.30351470022864774
whep_fall,2015-16,66,5.918536654458631,0,0.30351470022864774
whep_fall,2015-16,67,5.615021954229983,0,0.30351470022864774
whep_fall,2015-16,68,5.311507254001336,0,0.30351470022864774
whep_fall,2015-16,69,5.007992553772688,0,0.30351470022864774
whep_fall,2015-16,70,4.70447785354404,0,0.30351470022864774
whep_fall,2015-16,71,4.4009631533153915,0,0.30351470022864774
whep_fall,2015-16,72,4.097448453086745,0,0.30351470022864774
whep_fall,2015-16,73,3.7939337528580968,0,0.30351470022864774
whep_fall,2015-16,74,3.4904190526294485,0,0.30351470022864774
whep_fall,2015-16,75,3.186904352400802,0,0.30351470022864774
whep_fall,2015-16,76,2.883389652172152,0,0.30351470022864774
whep_fall,2015-16,77,2.5798749519435056,0,0.30351470022864774
whep_fall,2015-16,78,2.276360251714859,0,0.30351470022864774
whep_fall,2015-16,79,1.972845551486209,0,0.2818350787837443
whep_fall,2015-16,80,1.691010472702466,0,0.26015545733884093
whep_fall,2015-16,81,1.4308550153636261,0,0.2384758358939375
whep_fall,2015-16,82,1.192379179469686,0,0.2167962144490341
whep_fall,2015-16,83,0.9755829650206529,0,0.1951165930041307
whep_fall,2015-16,84,0.780466372016523,0,0.17343697155922727
whep_fall,2015-16,85,0.6070294004572965,0,0.15175735011432387
whep_fall,2015-16,86,0.45527205034297324,0,0.13007772866942047
whep_fall,2015-16,87,0.3251943216735498,0,0.10839810722451707
whep_fall,2015-16,88,0.2167962144490332,0,0.08671848577961366
whep_fall,2015-16,89,0.1300777286694199,0,0.06503886433471023
whep_fall,2015-16,90,0.06503886433470996,0,0.043359242889806804
whep_fall,2015-16,91,0.02167962144490332,0,0.02167962144490343
whep_fall,2015-16,92,0,0,0
whep_fall,2015-16,93,0,0,0
whep_fall,2015-16,94,0,0,0
whep_fall,2015-16,95,0,0,0
whep_fall,2015-16,96,0,0,0
whep_fall,2015-16,97,0,0,0
whep_fall,2015-16,98,0,0,0
whep_fall,2015-16,99,0,0,0
whep_fall,2015-16,100,0,0,0
whep_fall,2015-16,101,0,0,0
whep_fall,2015-16,102,0,0,0
whep_fall,2015-16,103,0,0,0
whep_fall,2015-16,104,0,0,0
whep_fall,2015-16,105,0,0,0
whep_fall,2015-16,106,0,0,0
whep_fall,2015-16,107,0,0,0
whep_fall,2015-16,108,0,0,0
whep_fall,2015-16,109,0,0,0
whep_fall,2015-16,110,0,0,0
whep_fall,2015-16,111,0,0,0
whep_fall,2015-16,112,0,0,0
whep_fall,2015-16,113,0,0,0
whep_fall,2015-16,114,0,0,0
whep_fall,2015-16,115,0,0,0
whep_fall,2015-16,116,0,0,0
whep_fall,2015-16,117,0,0,0
whep_fall,2015-16,118,0,0,0
whep_fall,2015-16,119,0,0,0
whep_fall,2015-16,120,0,0,0
whep_fall,2015-16,121,0,0,0
whep_fall,2015-16,122,0,0,0
whep_fall,2015-16,123,0,0,0
whep_fall,2015-16,124,0,0,0
whep_fall,2015-16,125,0,0,0
whep_fall,2015-16,126,0,0,0
whep_fall,2015-16,127,0,0,0
whep_fall,2015-16,128,0,0,0
whep_fall,2015-16,129,0,0,0
whep_fall,2015-16,130,0,0,0
whep_fall,2015-16,131,0,0,0
whep_fall,2015-16,132,0,0,0
whep_fall,2015-16,133,0,0,0
whep_fall,2015-16,134,0,0,0
whep_fall,2015-16,135,0,0,0
whep_fall,2015-16,136,0,0,0
whep_fall,2015-16,137,0,0,0
whep_fall,2015-16,138,0,0,0
whep_fall,2015-16,139,0,0,0
whep_fall,2015-16,140,0,0,0
whep_fall,2015-16,141,0,0,0
whep_fall,2015-16,142,0,0,0
whep_fall,2015-16,143,0,0,0
whep_fall,2015-16,144,0,0,0
whep_fall,2015-16,145,0,0,0
whep_fall,2015-16,146,0,0,0
whep_fall,2015-16,147,0,0,0
whep_fall,2015-16,148,0,0,0
whep_fall,2015-16,149,0,0,0
whep_fall,2015-16,150,0,0,0
whep_fall,2015-16,151,0,0,0
whep_fall,2015-16,152,0,0,0
whep_fall,2015-16,153,0,0,0
whep_fall,2015-16,154,0,0,0
whep_fall,2015-16,155,0,0,0
whep_fall,2015-16,156,0,0,0
whep_fall,2015-16,157,0,0,0
whep_fall,2015-16,158,0,0,0
whep_fall,2015-16,159,0,0,0
whep_fall,2015-16,160,0,0,0
whep_fall,2015-16,161,0,0,0
whep_fall,2015-16,162,0,0,0
whep_fall,2015-16,163,0,0,0
whep_fall,2015-16,164,0,0,0
whep_fall,2015-16,165,0,0,0
whep_fall,2015-16,166,0,0,0
whep_fall,2015-16,167,0,0,0
whep_fall,2015-16,168,0,0,0
whep_fall,2015-16,169,0,0,0
whep_fall,2015-16,170,0,0,0
whep_fall,2015-16,171,0,0,0
whep_fall,2015-16,172,0,0,0
whep_fall,2015-16,173,0,0,0
whep_fall,2015-16,174,0,0,0
whep_fall,2015-16,175,0,0,0
whep_fall,2015-16,176,0,0,0
whep_fall,2015-16,177,0,0,0
whep_fall,2015-16,178,0,0,0
whep_fall,2015-16,179,0,0,0
whep_fall,2015-16,180,0,0,0
whep_fall,2015-16,181,0,0,0
whep_fall,2015-16,182,0,0,0
whep_fall,2015-16,183,0,0,0
whep_fall,2015-16,184,0,0,0
whep_fall,2015-16,185,0,0,0
whep_fall,2015-16,186,0,0,0
whep_fall,2015-16,187,0,0,0
whep_fall,2015-16,188,0,0,0
whep_fall,2015-16,189,0,0,0
whep_fall,2015-16,190,0,0,0
whep_fall,2015-16,191,0,0,0
whep_fall,2015-16,192,0,0,0
whep_fall,2015-16,193,0,0,0
whep_fall,2015-16,194,0,0,0
whep_fall,2015-16,195,0,0,0
whep_fall,2015-16,196,0,0,0
whep_fall,2015-16,197,0,0,0
whep_fall,2015-16,198,0,0,0
whep_fall,2015-16,199,0,0,0
whep_fall,2015-16,200,0,0,0
whep_fall,2015-16,201,0,0,0
whep_fall,2015-16,202,0,0,0
whep_fall,2015-16,203,0,0,0
whep_fall,2015-16,204,0,0,0
whep_fall,2015-16,205,0,0,0
whep_fall,2015-16,206,0,0,0
whep_fall,2015-16,207,0,0,0
whep_fall,2015-16,208,0,0,0
whep_fall,2015-16,209,0,0,0
whep_fall,2015-16,210,0,0,0
whep_fall,2015-16,211,0,0,0
whep_fall,2015-16,212,0,0,0
whep_fall,2015-16,213,0,0,0
whep_fall,2015-16,214,0,0,0
whep_fall,2015-16,215,0,0,0
whep_fall,2015-16,216,0,0,0
whep_fall,2015-16,217,0,0,0
whep_fall,2015-16,218,0,0,0
whep_fall,2015-16,219,0,0,0
whep_fall,2015-16,220,0,0,0
whep_fall,2015-16,221,0,0,0
whep_fall,2015-16,222,0,0,0
whep_fall,2015-16,223,0,0,0
whep_fall,2015-16,224,0,0,0
whep_fall,2015-16,225,0,0,0
whep_fall,2015-16,226,0,0,0
whep_fall,2015-16,227,0,0,0
whep_fall,2015-16,228,0,0,0
whep_fall,2015-16,229,0,0,0
whep_fall,2015-16,230,0,0,0
whep_fall,2015-16,231,0,0,0
whep_fall,2015-16,232,0,0,0
whep_fall,2015-16,233,0,0,0
whep_fall,2015-16,234,0,0,0
whep_fall,2015-16,235,0,0,0
whep_fall,2015-16,236,0,0,0
whep_fall,2015-16,237,0,0,0
whep_fall,2015-16,238,0,0,0
whep_fall,2015-16,239,0,0,0
whep_fall,2015-16,240,0,0,0
whep_fall,2015-16,241,0,0,0
whep_fall,2015-16,242,0,0,0
whep_fall,2015-16,243,0,0,0
whep_fall,2015-16,244,0,0,0
whep_fall,2015-16,245,0,0,0
whep_fall,2015-16,246,0,0,0
whep_fall,2015-16,247,0,0,0
whep_fall,2015-16,248,0,0,0
whep_fall,2015-16,249,0,0,0
whep_fall,2015-16,250,0,0,0
whep_fall,2015-16,251,0,0,0
whep_fall,2015-16,252,0,0,0
whep_fall,2015-16,253,0,0,0
whep_fall,2015-16,254,0,0,0
whep_fall,2015-16,255,0,0,0
whep_fall,2015-16,256,0,0,0
whep_fall,2015-16,257,0,0,0
whep_fall,2015-16,258,0,0,0
whep_fall,2015-16,259,0,0,0
whep_fall,2015-16,260,0,0,0
whep_fall,2015-16,261,0,0,0
whep_fall,2015-16,262,0,0,0
whep_fall,2015-16,263,0,0,0
whep_fall,2015-16,264,0,0,0
whep_fall,2015-16,265,0,0,0
whep_fall,2015-16,266,0,0,0
whep_fall,2015-16,267,0,0,0
whep_fall,2015-16,268,0,0,0
whep_fall,2015-16,269,0,0,0
whep_fall,2015-16,270,0,0,0
whep_fall,2015-16,271,0,0,0
whep_fall,2015-16,272,0,0,0
whep_fall,2015-16,273,0,0,0
whep_fall,2015-16,274,0,0,0
whep_fall,2015-16,275,0,0,0
whep_fall,2015-16,276,0,0,0
whep_fall,2015-16,277,0,0,0
whep_fall,2015-16,278,0,0,0
whep_fall,2015-16,279,0,0,0
whep_fall,2015-16,280,0,0,0
whep_fall,2015-16,281,0,0,0
whep_fall,2015-16,282,0,0,0
whep_fall,2015-16,283,0,0,0
whep_fall,2015-16,284,0,0,0
whep_fall,2015-16,285,0,0,0
whep_fall,2015-16,286,0,0,0
whep_fall,2015-16,287,0,0,0
whep_fall,2015-16,288,0,0,0
whep_fall,2015-16,289,0,0,0
whep_fall,2015-16,290,0,0,0
whep_fall,2015-16,291,0,0,0
whep_fall,2015-16,292,0,0,0
whep_fall,2015-16,293,0,0,0
whep_fall,2015-16,294,0,0,0
whep_fall,2015-16,295,0,0,0
whep_fall,2015-16,296,0,0,0
whep_fall,2015-16,297,0,0,0
whep_fall,2015-16,298,0,0,0
whep_fall,2015-16,299,0,0,0
whep_fall,2015-16,300,0,0,0
whep_fall,2015-16,301,0,0,0
whep_fall,2015-16,302,0,0,0
whep_fall,2015-16,303,0,0,0
whep_fall,2015-16,304,0,0,0
whep_fall,2015-16,305,0,0,0
whep_fall,2015-16,306,0,0,0
whep_fall,2015-16,307,0,0,0
whep_fall,2015-16,308,0,0,0
whep_fall,2015-16,309,0,0,0
whep_fall,2015-16,310,0,0,0
whep_fall,2015-16,311,0,0,0
whep_fall,2015-16,312,0,0,0
whep_fall,2015-16,313,0,0,0
whep_fall,2015-16,314,0,0,0
whep_fall,2015-16,315,0,0,0
whep_fall,2015-16,316,0,0,0
whep_fall,2015-16,317,0,0,0
whep_fall,2015-16,318,0,0,0
whep_fall,2015-16,319,0,0,0
whep_vardd,2015-16,1,0,0,0
whep_vardd,2015-16,2,0,0,0
whep_vardd,2015-16,3,0,0,0
whep_vardd,2015-16,4,0,0,0
whep_vardd,2015-16,5,0,0,0
whep_vardd,2015-16,6,0,0,0
whep_vardd,2015-16,7,0,0,0
whep_vardd,2015-16,8,0,0,0
whep_vardd,2015-16,9,0,0,0
whep_vardd,2015-16,10,0,0,0
whep_vardd,2015-16,11,0,0,0
whep_vardd,2015-16,12,0,0,0
whep_vardd,2015-16,13,0,0,0
whep_vardd,2015-16,14,0,0,0
whep_vardd,2015-16,15,0,0,0
whep_vardd,2015-16,16,0,0,0
whep_vardd,2015-16,17,0,0,0
whep_vardd,2015-16,18,0,0,0
whep_vardd,2015-16,19,0,0,0
whep_vardd,2015-16,20,0,0,0
whep_vardd,2015-16,21,0,0,0
whep_vardd,2015-16,22,0,0,0
whep_vardd,2015-16,23,0,0,0
whep_vardd,2015-16,24,0,0,0
whep_vardd,2015-16,25,0,0,0
whep_vardd,2015-16,26,0,0,0
whep_vardd,2015-16,27,0,0,0
whep_vardd,2015-16,28,0,0,0
whep_vardd,2015-16,29,0,0,0
whep_vardd,2015-16,30,0,0,0
whep_vardd,2015-16,31,0,0,0
whep_vardd,2015-16,32,0,0,0
whep_vardd,2015-16,33,0,0,0
whep_vardd,2015-16,34,0,0,0
whep_vardd,2015-16,35,0,0,0
whep_vardd,2015-16,36,0,0,0
whep_vardd,2015-16,37,0,0,0
whep_vardd,2015-16,38,0,0,0
whep_vardd,2015-16,39,0,0,0
whep_vardd,2015-16,40,0,0,0
whep_vardd,2015-16,41,0,0,0
whep_vardd,2015-16,42,0,0,0
whep_vardd,2015-16,43,0,0,0
whep_vardd,2015-16,44,0,0,0
whep_vardd,2015-16,45,0,0,0
whep_vardd,2015-16,46,0,0,0
whep_vardd,2015-16,47,0,0,0
whep_vardd,2015-16,48,0,0,0
whep_vardd,2015-16,49,0,0,0
whep_vardd,2015-16,50,0,0,0
whep_vardd,2015-16,51,0,0,0
whep_vardd,2015-16,52,0,0,0
whep_vardd,2015-16,53,0,0,0
whep_vardd,2015-16,54,0,0,0
whep_vardd,2015-16,55,0,0,0
whep_vardd,2015-16,56,0,0,0
whep_vardd,2015-16,57,0,0,0
whep_vardd,2015-16,58,0,0,0
whep_vardd,2015-16,59,0,0,0
whep_vardd,2015-16,60,0,0,0
whep_vardd,2015-16,61,0,0,0
whep_vardd,2015-16,62,0,0,0
whep_vardd,2015-16,63,0,0,0
whep_vardd,2015-16,64,0,0,0
whep_vardd,2015-16,65,0,0,0
whep_vardd,2015-16,66,0,0,0
whep_vardd,2015-16,67,0,0,0
whep_vardd,2015-16,68,0,0,0
whep_vardd,2015-16,69,0,0,0
whep_vardd,2015-16,70,0,0,0
whep_vardd,2015-16,71,0,0,0
whep_vardd,2015-16,72,0,0,0
whep_vardd,2015-16,73,0,0,0
whep_vardd,2015-16,74,0,0,0
whep_vardd,2015-16,75,0,0,0
whep_vardd,2015-16,76,0,0,0
whep_vardd,2015-16,77,0,0,0
whep_vardd,2015-16,78,0,0,0
whep_vardd,2015-16,79,0,0,0
whep_vardd,2015-16,80,0,0,0
whep_vardd,2015-16,81,0,0,0
whep_vardd,2015-16,82,0,0,0
whep_vardd,2015-16,83,0,0,0
whep_vardd,2015-16,84,0,0,0
whep_vardd,2015-16,85,0,0,0
whep_vardd,2015-16,86,0,0,0
whep_vardd,2015-16,87,0,0,0
whep_vardd,2015-16,88,0,0,0
whep_vardd,2015-16,89,0,0,0
whep_vardd,2015-16,90,0,0,0
whep_vardd,2015-16,91,0,0,0
whep_vardd,2015-16,92,0,0,0
whep_vardd,2015-16,93,0,0,0
whep_vardd,2015-16,94,0,0,0
whep_vardd,2015-16,95,0,0,0
whep_vardd,2015-16,96,0,0,0
whep_vardd,2015-16,97,0,0,0
whep_vardd,2015-16,98,0,0,0
whep_vardd,2015-16,99,0,0,0
whep_vardd,2015-16,100,0,0,0
whep_vardd,2015-16,101,0,0,0
whep_vardd,2015-16,102,0,0,0
whep_vardd,2015-16,103,0,0,0
whep_vardd,2015-16,104,0,0,0
whep_vardd,2015-16,105,0,0,0
whep_vardd,2015-16,106,0,0,0
whep_vardd,2015-16,107,0,0,0
whep_vardd,2015-16,108,0,0,0
whep_vardd,2015-16,109,0,0,0
whep_vardd,2015-16,110,0,0,0
whep_vardd,2015-16,111,0,0,0
whep_vardd,2015-16,112,0,0,0
whep_vardd,2015-16,113,0,0,0
whep_vardd,2015-16,114,0,0,0
whep_vardd,2015-16,115,0,0,0
whep_vardd,2015-16,116,0,0,0
whep_vardd,2015-16,117,0,0,0
whep_vardd,2015-16,118,0,0,0
whep_vardd,2015-16,119,0,0,0
whep_vardd,2015-16,120,0,0,0
whep_vardd,2015-16,121,0,0,0
whep_vardd,2015-16,122,0,0,0
whep_vardd,2015-16,123,0,0,0
whep_vardd,2015-16,124,1026.5806033872286,1026.5806033872243,0
whep_vardd,2015-16,125,2053.16120677445,1026.5806033872243,0
whep_vardd,2015-16,126,3079.7418101616786,1026.5806033872243,0
whep_vardd,2015-16,127,4106.3224135489,1026.5806033872243,0
whep_vardd,2015-16,128,5132.903016936121,1026.5806033872243,0
whep_vardd,2015-16,129,6159.48362032335,1026.5806033872243,0
whep_vardd,2015-16,130,7186.064223710571,1026.5806033872243,0
whep_vardd,2015-16,131,8212.6448270978,1026.5806033872243,0
whep_vardd,2015-16,132,9239.225430485021,1026.5806033872243,0
whep_vardd,2015-16,133,10265.806033872243,1026.5806033872243,0
whep_vardd,2015-16,134,11292.386637259471,1026.5806033872243,0
whep_vardd,2015-16,135,12318.967240646693,1026.5806033872243,0
whep_vardd,2015-16,136,13345.547844033921,1026.5806033872243,0
whep_vardd,2015-16,137,14372.128447421142,1026.5806033872243,0
whep_vardd,2015-16,138,14372.128447421142,0,0
whep_vardd,2015-16,139,14372.128447421142,0,0
whep_vardd,2015-16,140,14372.128447421142,0,0
whep_vardd,2015-16,141,14372.128447421142,0,0
whep_vardd,2015-16,142,14372.128447421142,0,0
whep_vardd,2015-16,143,14372.128447421142,0,0
whep_vardd,2015-16,144,14372.128447421142,0,0
whep_vardd,2015-16,145,14372.128447421142,0,0
whep_vardd,2015-16,146,14372.128447421142,0,0
whep_vardd,2015-16,147,14372.128447421142,0,0
whep_vardd,2015-16,148,14372.128447421142,0,0
whep_vardd,2015-16,149,14372.128447421142,0,0
whep_vardd,2015-16,150,14372.128447421142,0,0
whep_vardd,2015-16,151,14372.128447421142,0,0
whep_vardd,2015-16,152,14372.128447421142,0,0
whep_vardd,2015-16,153,14372.128447421142,0,0
whep_vardd,2015-16,154,14372.128447421142,0,0
whep_vardd,2015-16,155,14372.128447421142,0,0
whep_vardd,2015-16,156,14372.128447421142,0,0
whep_vardd,2015-16,157,14372.128447421142,0,0
whep_vardd,2015-16,158,14372.128447421142,0,0
whep_vardd,2015-16,159,14372.128447421142,0,0
whep_vardd,2015-16,160,14372.128447421142,0,0
whep_vardd,2015-16,161,14372.128447421142,0,0
whep_vardd,2015-16,162,14372.128447421142,0,0
whep_vardd,2015-16,163,14372.128447421142,0,0
whep_vardd,2015-16,164,14372.128447421142,0,0
whep_vardd,2015-16,165,14372.128447421142,0,0
whep_vardd,2015-16,166,14372.128447421142,0,0
whep_vardd,2015-16,167,14372.128447421142,0,0
whep_vardd,2015-16,168,14372.128447421142,0,0
whep_vardd,2015-16,169,14372.128447421142,0,0
whep_vardd,2015-16,170,14372.128447421142,0,0
whep_vardd,2015-16,171,14372.128447421142,0,0
whep_vardd,2015-16,172,14372.128447421142,0,0
whep_vardd,2015-16,173,14372.128447421142,0,0
whep_vardd,2015-16,174,14372.128447421142,0,0
whep_vardd,2015-16,175,14372.128447421142,0,0
whep_vardd,2015-16,176,14372.128447421142,0,0
whep_vardd,2015-16,177,14372.128447421142,0,0
whep_vardd,2015-16,178,14372.128447421142,0,0
whep_vardd,2015-16,179,14372.128447421142,0,0
whep_vardd,2015-16,180,14372.128447421142,0,0
whep_vardd,2015-16,181,14372.128447421142,0,0
whep_vardd,2015-16,182,14372.128447421142,0,0
whep_vardd,2015-16,183,14372.128447421142,0,0
whep_vardd,2015-16,184,14372.128447421142,0,0
whep_vardd,2015-16,185,14372.128447421142,0,0
whep_vardd,2015-16,186,14372.128447421142,0,0
whep_vardd,2015-16,187,14372.128447421142,0,0
whep_vardd,2015-16,188,14372.128447421142,0,0
whep_vardd,2015-16,189,14372.128447421142,0,0
whep_vardd,2015-16,190,14372.128447421142,0,0
whep_vardd,2015-16,191,14372.128447421142,0,0
whep_vardd,2015-16,192,14372.128447421142,0,0
whep_vardd,2015-16,193,14372.128447421142,0,0
whep_vardd,2015-16,194,14372.128447421142,0,0
whep_vardd,2015-16,195,14372.128447421142,0,0
whep_vardd,2015-16,196,14372.128447421142,0,0
whep_vardd,2015-16,197,14372.128447421142,0,0
whep_vardd,2015-16,198,14372.128447421142,0,0
whep_vardd,2015-16,199,14372.128447421142,0,0
whep_vardd,2015-16,200,14372.128447421142,0,0
whep_vardd,2015-16,201,14372.128447421142,0,0
whep_vardd,2015-16,202,14372.128447421142,0,0
whep_vardd,2015-16,203,14372.128447421142,0,0
whep_vardd,2015-16,204,14372.128447421142,0,0
whep_vardd,2015-16,205,14372.128447421142,0,0
whep_vardd,2015-16,206,14372.128447421142,0,0
whep_vardd,2015-16,207,14372.128447421142,0,0
whep_vardd,2015-16,208,14372.128447421142,0,0
whep_vardd,2015-16,209,14372.128447421142,0,0
whep_vardd,2015-16,210,14372.128447421142,0,0
whep_vardd,2015-16,211,14372.128447421142,0,0
whep_vardd,2015-16,212,14372.128447421142,0,0
whep_vardd,2015-16,213,14372.128447421142,0,0
whep_vardd,2015-16,214,14372.128447421142,0,0
whep_vardd,2015-16,215,14372.128447421142,0,0
whep_vardd,2015-16,216,14372.128447421142,0,1069.3547951950254
whep_vardd,2015-16,217,13302.773652226111,0,1069.3547951950254
whep_vardd,2015-16,218,12233.418857031087,0,1069.3547951950254
whep_vardd,2015-16,219,11164.064061836063,0,1069.3547951950254
whep_vardd,2015-16,220,10094.709266641039,0,1069.3547951950254
whep_vardd,2015-16,221,9025.354471446015,0,1069.3547951950254
whep_vardd,2015-16,222,7955.999676250984,0,1069.3547951950254
whep_vardd,2015-16,223,6886.64488105596,0,556.0644935014132
whep_vardd,2015-16,224,6330.580387554546,0,556.0644935014132
whep_vardd,2015-16,225,5774.515894053133,0,556.0644935014132
whep_vardd,2015-16,226,5218.451400551719,0,556.0644935014132
whep_vardd,2015-16,227,4662.386907050306,0,556.0644935014132
whep_vardd,2015-16,228,4106.322413548893,0,556.0644935014132
whep_vardd,2015-16,229,3550.2579200474793,0,556.0644935014132
whep_vardd,2015-16,230,2994.193426546073,0,299.4193426546071
whep_vardd,2015-16,231,2694.7740838914615,0,299.4193426546071
whep_vardd,2015-16,232,2395.354741236857,0,299.4193426546071
whep_vardd,2015-16,233,2095.9353985822454,0,299.4193426546071
whep_vardd,2015-16,234,1796.516055927641,0,299.4193426546071
whep_vardd,2015-16,235,1497.0967132730366,0,299.4193426546071
whep_vardd,2015-16,236,1197.677370618425,0,299.4193426546071
whep_vardd,2015-16,237,898.2580279638205,0,128.32257542340304
whep_vardd,2015-16,238,769.9354525404196,0,128.32257542340304
whep_vardd,2015-16,239,641.6128771170115,0,128.32257542340304
whep_vardd,2015-16,240,513.2903016936107,0,128.32257542340304
whep_vardd,2015-16,241,384.9677262702098,0,128.32257542340304
whep_vardd,2015-16,242,256.6451508468017,0,128.32257542340304
whep_vardd,2015-16,243,128.32257542340085,0,128.32257542340304
whep_vardd,2015-16,244,0,0,0
whep_vardd,2015-16,245,0,0,0
whep_vardd,2015-16,246,0,0,0
whep_vardd,2015-16,247,0,0,0
whep_vardd,2015-16,248,0,0,0
whep_vardd,2015-16,249,0,0,0
whep_vardd,2015-16,250,0,0,0
whep_vardd,2015-16,251,0,0,0
whep_vardd,2015-16,252,0,0,0
whep_vardd,2015-16,253,0,0,0
whep_vardd,2015-16,254,0,0,0
whep_vardd,2015-16,255,0,0,0
whep_vardd,2015-16,256,0,0,0
whep_vardd,2015-16,257,0,0,0
whep_vardd,2015-16,258,0,0,0
whep_vardd,2015-16,259,0,0,0
whep_vardd,2015-16,260,0,0,0
whep_vardd,2015-16,261,0,0,0
whep_vardd,2015-16,262,0,0,0
whep_vardd,2015-16,263,0,0,0
whep_vardd,2015-16,264,0,0,0
whep_vardd,2015-16,265,0,0,0
whep_vardd,2015-16,266,0,0,0
whep_vardd,2015-16,267,0,0,0
whep_vardd,2015-16,268,0,0,0
whep_vardd,2015-16,269,0,0,0
whep_vardd,2015-16,270,0,0,0
whep_vardd,2015-16,271,0,0,0
whep_vardd,2015-16,272,0,0,0
whep_vardd,2015-16,273,0,0,0
whep_vardd,2015-16,274,0,0,0
whep_vardd,2015-16,275,0,0,0
whep_vardd,2015-16,276,0,0,0
whep_vardd,2015-16,277,0,0,0
whep_vardd,2015-16,278,0,0,0
whep_vardd,2015-16,279,0,0,0
whep_vardd,2015-16,280,0,0,0
whep_vardd,2015-16,281,0,0,0
whep_vardd,2015-16,282,0,0,0
whep_vardd,2015-16,283,0,0,0
whep_vardd,2015-16,284,0,0,0
whep_vardd,2015-16,285,0,0,0
whep_vardd,2015-16,286,0,0,0
whep_vardd,2015-16,287,0,0,0
whep_vardd,2015-16,288,0,0,0
whep_vardd,2015-16,289,0,0,0
whep_vardd,2015-16,290,0,0,0
whep_vardd,2015-16,291,0,0,0
whep_vardd,2015-16,292,0,0,0
whep_vardd,2015-16,293,0,0,0
whep_vardd,2015-16,294,0,0,0
whep_vardd,2015-16,295,0,0,0
whep_vardd,2015-16,296,0,0,0
whep_vardd,2015-16,297,0,0,0
whep_vardd,2015-16,298,0,0,0
whep_vardd,2015-16,299,0,0,0
whep_vardd,2015-16,300,0,0,0
whep_vardd,2015-16,301,0,0,0
whep_vardd,2015-16,302,0,0,0
whep_vardd,2015-16,303,0,0,0
whep_vardd,2015-16,304,0,0,0
whep_vardd,2015-16,305,0,0,0
whep_vardd,2015-16,306,0,0,0
whep_vardd,2015-16,307,0,0,0
whep_vardd,2015-16,308,0,0,0
whep_vardd,2015-16,309,0,0,0
whep_vardd,2015-16,310,0,0,0
whep_vardd,2015-16,311,0,0,0
whep_vardd,2015-16,312,0,0,0
whep_vardd,2015-16,313,0,0,0
whep_vardd,2015-16,314,0,0,0
whep_vardd,2015-16,315,0,0,0
whep_vardd,2015-16,316,0,0,0
whep_vardd,2015-16,317,0,0,0
whep_vardd,2015-16,318,0,0,0
whep_vardd,2015-16,319,0,0,0
whep_fall,2016-17,1,2.5242305902349202,2.5242305902349202,0
whep_fall,2016-17,2,5.0484611804698405,2.5242305902349202,0
whep_fall,2016-17,3,7.572691770704761,2.5242305902349202,0
whep_fall,2016-17,4,10.096922360939681,2.5242305902349202,0
whep_fall,2016-17,5,12.6211529511746,2.5242305902349202,0
whep_fall,2016-17,6,15.145383541409522,2.5242305902349202,0
whep_fall,2016-17,7,17.66961413164444,2.5242305902349202,0
whep_fall,2016-17,8,20.193844721879362,2.5242305902349202,0
whep_fall,2016-17,9,22.718075312114284,2.5242305902349202,0
whep_fall,2016-17,10,25.2423059023492,2.5242305902349202,0
whep_fall,2016-17,11,27.766536492584123,2.5242305902349202,0
whep_fall,2016-17,12,30.290767082819045,2.5242305902349202,0
whep_fall,2016-17,13,32.814997673053966,2.5242305902349202,0
whep_fall,2016-17,14,35.33922826328888,2.5242305902349202,0
whep_fall,2016-17,15,37.8634588535238,2.5242305902349202,0.18030218501678003
whep_fall,2016-17,16,40.207387258741946,2.5242305902349202,0.36060437003356005
whep_fall,2016-17,17,42.371013478943304,2.5242305902349202,0.54090655505034
whep_fall,2016-17,18,44.354337514127884,2.5242305902349202,0.7212087400671201
whep_fall,2016-17,19,46.15735936429568,2.5242305902349202,0.9015109250839002
whep_fall,2016-17,20,47.7800790294467,2.5242305902349202,1.08181311010068
whep_fall,2016-17,21,49.22249650958094,2.5242305902349202,1.2621152951174601
whep_fall,2016-17,22,50.4846118046984,2.5242305902349202,1.4424174801342402
whep_fall,2016-17,23,51.566424914799086,2.5242305902349202,1.6227196651510203
whep_fall,2016-17,24,52.46793583988299,2.5242305902349202,1.8030218501678004
whep_fall,2016-17,25,53.1891445799501,2.5242305902349202,1.9833240351845802
whep_fall,2016-17,26,53.73005113500045,2.5242305902349202,2.16362622020136
whep_fall,2016-17,27,54.090655505034,2.5242305902349202,2.3439284052181404
whep_fall,2016-17,28,54.27095769005078,2.5242305902349202,2.5242305902349202
whep_fall,2016-17,29,54.27095769005078,2.5242305902349202,2.5242305902349202
whep_fall,2016-17,30,54.27095769005078,2.5242305902349202,2.5242305902349202
whep_fall,2016-17,31,54.27095769005078,2.5242305902349202,2.5242305902349202
whep_fall,2016-17,32,54.270957690050786,2.5242305902349202,2.5242305902349202
whep_fall,2016-17,33,54.270957690050786,2.5242305902349202,2.5242305902349202
whep_fall,2016-17,34,54.27095769005079,2.5242305902349202,2.5242305902349202
whep_fall,2016-17,35,54.270957690050786,2.5242305902349202,2.5242305902349202
whep_fall,2016-17,36,54.27095769005079,2.5242305902349202,2.5242305902349202
whep_fall,2016-17,37,54.27095769005079,2.5242305902349202,2.5242305902349202
whep_fall,2016-17,38,54.27095769005078,2.5242305902349202,2.5242305902349202
whep_fall,2016-17,39,54.27095769005078,2.5242305902349202,2.5242305902349202
whep_fall,2016-17,40,54.27095769005078,2.5242305902349202,2.5242305902349202
whep_fall,2016-17,41,54.270957690050786,2.5242305902349202,2.5242305902349202
whep_fall,2016-17,42,54.270957690050786,2.5242305902349202,2.5242305902349202
whep_fall,2016-17,43,54.270957690050786,2.5242305902349202,2.5242305902349202
whep_fall,2016-17,44,54.270957690050786,2.5242305902349202,2.5242305902349202
whep_fall,2016-17,45,54.270957690050786,2.5242305902349202,2.5242305902349202
whep_fall,2016-17,46,54.27095769005079,2.5242305902349202,2.5242305902349202
whep_fall,2016-17,47,54.27095769005079,2.5242305902349202,2.5242305902349202
whep_fall,2016-17,48,54.27095769005079,2.5242305902349202,2.5242305902349202
whep_fall,2016-17,49,54.27095769005078,2.5242305902349202,2.5242305902349202
whep_fall,2016-17,50,54.27095769005078,2.5242305902349202,2.5242305902349202
whep_fall,2016-17,51,54.27095769005078,2.5242305902349202,2.5242305902349202
whep_fall,2016-17,52,54.27095769005079,2.5242305902349202,2.5242305902349202
whep_fall,2016-17,53,54.27095769005078,2.5242305902349202,2.5242305902349202
whep_fall,2016-17,54,54.27095769005078,2.5242305902349202,2.5242305902349202
whep_fall,2016-17,55,54.27095769005079,2.5242305902349202,2.5242305902349202
whep_fall,2016-17,56,54.27095769005078,2.5242305902349202,2.5242305902349202
whep_fall,2016-17,57,54.27095769005079,2.5242305902349202,2.5242305902349202
whep_fall,2016-17,58,54.27095769005078,2.5242305902349202,2.5242305902349202
whep_fall,2016-17,59,54.27095769005079,2.5242305902349202,2.5242305902349202
whep_fall,2016-17,60,54.27095769005078,2.5242305902349202,2.5242305902349202
whep_fall,2016-17,61,54.27095769005079,2.5242305902349202,2.5242305902349202
whep_fall,2016-17,62,54.27095769005078,2.5242305902349202,2.5242305902349202
whep_fall,2016-17,63,54.27095769005079,2.5242305902349202,2.5242305902349202
whep_fall,2016-17,64,54.27095769005078,2.5242305902349202,2.5242305902349202
whep_fall,2016-17,65,51.74672709981587,0,2.5242305902349202
whep_fall,2016-17,66,49.22249650958095,0,2.5242305902349202
whep_fall,2016-17,67,46.69826591934603,0,2.5242305902349202
whep_fall,2016-17,68,44.174035329111106,0,2.5242305902349202
whep_fall,2016-17,69,41.649804738876185,0,2.5242305902349202
whep_fall,2016-17,70,39.12557414864126,0,2.5242305902349202
whep_fall,2016-17,71,36.60134355840634,0,2.5242305902349202
whep_fall,2016-17,72,34.07711296817142,0,2.5242305902349202
whep_fall,2016-17,73,31.5528823779365,0,2.5242305902349202
whep_fall,2016-17,74,29.02865178770159,0,2.5242305902349202
whep_fall,2016-17,75,26.504421197466655,0,2.5242305902349202
whep_fall,2016-17,76,23.980190607231748,0,2.5242305902349202
whep_fall,2016-17,77,21.455960016996812,0,2.5242305902349202
whep_fall,2016-17,78,18.931729426761905,0,2.5242305902349202
whep_fall,2016-17,79,16.40749883652697,0,2.3439284052181404
whep_fall,2016-17,80,14.063570431308847,0,2.16362622020136
whep_fall,2016-17,81,11.899944211107481,0,1.9833240351845802
whep_fall,2016-17,82,9.916620175922901,0,1.8030218501678001
whep_fall,2016-17,83,8.113598325755106,0,1.62271966515102
whep_fall,2016-17,84,6.490878660604068,0,1.4424174801342402
whep_fall,2016-17,85,5.048461180469843,0,1.2621152951174601
whep_fall,2016-17,86,3.7863458853523753,0,1.08181311010068
whep_fall,2016-17,87,2.7045327752516926,0,0.9015109250839
whep_fall,2016-17,88,1.803021850167795,0,0.7212087400671199
whep_fall,2016-17,89,1.0818131101006827,0,0.54090655505034
whep_fall,2016-17,90,0.5409065550503271,0,0.36060437003356016
whep_fall,2016-17,91,0.1803021850167852,0,0.18030218501677986
whep_fall,2016-17,92,0,0,0
whep_fall,2016-17,93,0,0,0
whep_fall,2016-17,94,0,0,0
whep_fall,2016-17,95,0,0,0
whep_fall,2016-17,96,0,0,0
whep_fall,2016-17,97,0,0,0
whep_fall,2016-17,98,0,0,0
whep_fall,2016-17,99,0,0,0
whep_fall,2016-17,100,0,0,0
whep_fall,2016-17,101,0,0,0
whep_fall,2016-17,102,0,0,0
whep_fall,2016-17,103,0,0,0
whep_fall,2016-17,104,0,0,0
whep_fall,2016-17,105,0,0,0
whep_fall,2016-17,106,0,0,0
whep_fall,2016-17,107,0,0,0
whep_fall,2016-17,108,0,0,0
whep_fall,2016-17,109,0,0,0
whep_fall,2016-17,110,0,0,0
whep_fall,2016-17,111,0,0,0
whep_fall,2016-17,112,0,0,0
whep_fall,2016-17,113,0,0,0
whep_fall,2016-17,114,0,0,0
whep_fall,2016-17,115,0,0,0
whep_fall,2016-17,116,0,0,0
whep_fall,2016-17,117,0,0,0
whep_fall,2016-17,118,0,0,0
whep_fall,2016-17,119,0,0,0
whep_fall,2016-17,120,0,0,0
whep_fall,2016-17,121,0,0,0
whep_fall,2016-17,122,0,0,0
whep_fall,2016-17,123,0,0,0
whep_fall,2016-17,124,0,0,0
whep_fall,2016-17,125,0,0,0
whep_fall,2016-17,126,0,0,0
whep_fall,2016-17,127,0,0,0
whep_fall,2016-17,128,0,0,0
whep_fall,2016-17,129,0,0,0
whep_fall,2016-17,130,0,0,0
whep_fall,2016-17,131,0,0,0
whep_fall,2016-17,132,0,0,0
whep_fall,2016-17,133,0,0,0
whep_fall,2016-17,134,0,0,0
whep_fall,2016-17,135,0,0,0
whep_fall,2016-17,136,0,0,0
whep_fall,2016-17,137,0,0,0
whep_fall,2016-17,138,0,0,0
whep_fall,2016-17,139,0,0,0
whep_fall,2016-17,140,0,0,0
whep_fall,2016-17,141,0,0,0
whep_fall,2016-17,142,0,0,0
whep_fall,2016-17,143,0,0,0
whep_fall,2016-17,144,0,0,0
whep_fall,2016-17,145,0,0,0
whep_fall,2016-17,146,0,0,0
whep_fall,2016-17,147,0,0,0
whep_fall,2016-17,148,0,0,0
whep_fall,2016-17,149,0,0,0
whep_fall,2016-17,150,0,0,0
whep_fall,2016-17,151,0,0,0
whep_fall,2016-17,152,0,0,0
whep_fall,2016-17,153,0,0,0
whep_fall,2016-17,154,0,0,0
whep_fall,2016-17,155,0,0,0
whep_fall,2016-17,156,0,0,0
whep_fall,2016-17,157,0,0,0
whep_fall,2016-17,158,0,0,0
whep_fall,2016-17,159,0,0,0
whep_fall,2016-17,160,0,0,0
whep_fall,2016-17,161,0,0,0
whep_fall,2016-17,162,0,0,0
whep_fall,2016-17,163,0,0,0
whep_fall,2016-17,164,0,0,0
whep_fall,2016-17,165,0,0,0
whep_fall,2016-17,166,0,0,0
whep_fall,2016-17,167,0,0,0
whep_fall,2016-17,168,0,0,0
whep_fall,2016-17,169,0,0,0
whep_fall,2016-17,170,0,0,0
whep_fall,2016-17,171,0,0,0
whep_fall,2016-17,172,0,0,0
whep_fall,2016-17,173,0,0,0
whep_fall,2016-17,174,0,0,0
whep_fall,2016-17,175,0,0,0
whep_fall,2016-17,176,0,0,0
whep_fall,2016-17,177,0,0,0
whep_fall,2016-17,178,0,0,0
whep_fall,2016-17,179,0,0,0
whep_fall,2016-17,180,0,0,0
whep_fall,2016-17,181,0,0,0
whep_fall,2016-17,182,0,0,0
whep_fall,2016-17,183,0,0,0
whep_fall,2016-17,184,0,0,0
whep_fall,2016-17,185,0,0,0
whep_fall,2016-17,186,0,0,0
whep_fall,2016-17,187,0,0,0
whep_fall,2016-17,188,0,0,0
whep_fall,2016-17,189,0,0,0
whep_fall,2016-17,190,0,0,0
whep_fall,2016-17,191,0,0,0
whep_fall,2016-17,192,0,0,0
whep_fall,2016-17,193,0,0,0
whep_fall,2016-17,194,0,0,0
whep_fall,2016-17,195,0,0,0
whep_fall,2016-17,196,0,0,0
whep_fall,2016-17,197,0,0,0
whep_fall,2016-17,198,0,0,0
whep_fall,2016-17,199,0,0,0
whep_fall,2016-17,200,0,0,0
whep_fall,2016-17,201,0,0,0
whep_fall,2016-17,202,0,0,0
whep_fall,2016-17,203,0,0,0
whep_fall,2016-17,204,0,0,0
whep_fall,2016-17,205,0,0,0
whep_fall,2016-17,206,0,0,0
whep_fall,2016-17,207,0,0,0
whep_fall,2016-17,208,0,0,0
whep_fall,2016-17,209,0,0,0
whep_fall,2016-17,210,0,0,0
whep_fall,2016-17,211,0,0,0
whep_fall,2016-17,212,0,0,0
whep_fall,2016-17,213,0,0,0
whep_fall,2016-17,214,0,0,0
whep_fall,2016-17,215,0,0,0
whep_fall,2016-17,216,0,0,0
whep_fall,2016-17,217,0,0,0
whep_fall,2016-17,218,0,0,0
whep_fall,2016-17,219,0,0,0
whep_fall,2016-17,220,0,0,0
whep_fall,2016-17,221,0,0,0
whep_fall,2016-17,222,0,0,0
whep_fall,2016-17,223,0,0,0
whep_fall,2016-17,224,0,0,0
whep_fall,2016-17,225,0,0,0
whep_fall,2016-17,226,0,0,0
whep_fall,2016-17,227,0,0,0
whep_fall,2016-17,228,0,0,0
whep_fall,2016-17,229,0,0,0
whep_fall,2016-17,230,0,0,0
whep_fall,2016-17,231,0,0,0
whep_fall,2016-17,232,0,0,0
whep_fall,2016-17,233,0,0,0
whep_fall,2016-17,234,0,0,0
whep_fall,2016-17,235,0,0,0
whep_fall,2016-17,236,0,0,0
whep_fall,2016-17,237,0,0,0
whep_fall,2016-17,238,0,0,0
whep_fall,2016-17,239,0,0,0
whep_fall,2016-17,240,0,0,0
whep_fall,2016-17,241,0,0,0
whep_fall,2016-17,242,0,0,0
whep_fall,2016-17,243,0,0,0
whep_fall,2016-17,244,0,0,0
whep_fall,2016-17,245,0,0,0
whep_fall,2016-17,246,0,0,0
whep_fall,2016-17,247,0,0,0
whep_fall,2016-17,248,0,0,0
whep_fall,2016-17,249,0,0,0
whep_fall,2016-17,250,0,0,0
whep_fall,2016-17,251,0,0,0
whep_fall,2016-17,252,0,0,0
whep_fall,2016-17,253,0,0,0
whep_fall,2016-17,254,0,0,0
whep_fall,2016-17,255,0,0,0
whep_fall,2016-17,256,0,0,0
whep_fall,2016-17,257,0,0,0
whep_fall,2016-17,258,0,0,0
whep_fall,2016-17,259,0,0,0
whep_fall,2016-17,260,0,0,0
whep_fall,2016-17,261,0,0,0
whep_fall,2016-17,262,0,0,0
whep_fall,2016-17,263,0,0,0
whep_fall,2016-17,264,0,0,0
whep_fall,2016-17,265,0,0,0
whep_fall,2016-17,266,0,0,0
whep_fall,2016-17,267,0,0,0
whep_fall,2016-17,268,0,0,0
whep_fall,2016-17,269,0,0,0
whep_fall,2016-17,270,0,0,0
whep_fall,2016-17,271,0,0,0
whep_fall,2016-17,272,0,0,0
whep_fall,2016-17,273,0,0,0
whep_fall,2016-17,274,0,0,0
whep_fall,2016-17,275,0,0,0
whep_fall,2016-17,276,0,0,0
whep_fall,2016-17,277,0,0,0
whep_fall,2016-17,278,0,0,0
whep_fall,2016-17,279,0,0,0
whep_fall,2016-17,280,0,0,0
whep_fall,2016-17,281,0,0,0
whep_fall,2016-17,282,0,0,0
whep_fall,2016-17,283,0,0,0
whep_fall,2016-17,284,0,0,0
whep_fall,2016-17,285,0,0,0
whep_fall,2016-17,286,0,0,0
whep_fall,2016-17,287,0,0,0
whep_fall,2016-17,288,0,0,0
whep_fall,2016-17,289,0,0,0
whep_fall,2016-17,290,0,0,0
whep_fall,2016-17,291,0,0,0
whep_fall,2016-17,292,0,0,0
whep_fall,2016-17,293,0,0,0
whep_fall,2016-17,294,0,0,0
whep_fall,2016-17,295,0,0,0
whep_fall,2016-17,296,0,0,0
whep_fall,2016-17,297,0,0,0
whep_fall,2016-17,298,0,0,0
whep_fall,2016-17,299,0,0,0
whep_fall,2016-17,300,0,0,0
whep_fall,2016-17,301,0,0,0
whep_fall,2016-17,302,0,0,0
whep_fall,2016-17,303,0,0,0
whep_fall,2016-17,304,0,0,0
whep_fall,2016-17,305,0,0,0
whep_fall,2016-17,306,0,0,0
whep_fall,2016-17,307,0,0,0
whep_fall,2016-17,308,0,0,0
whep_fall,2016-17,309,0,0,0
whep_fall,2016-17,310,0,0,0
whep_fall,2016-17,311,0,0,0
whep_fall,2016-17,312,0,0,0
whep_fall,2016-17,313,0,0,0
whep_fall,2016-17,314,0,0,0
whep_fall,2016-17,315,0,0,0
whep_fall,2016-17,316,0,0,0
whep_fall,2016-17,317,0,0,0
whep_fall,2016-17,318,0,0,0
whep_fall,2016-17,319,0,0,0
whep_vardd,2016-17,1,0,0,0
whep_vardd,2016-17,2,0,0,0
whep_vardd,2016-17,3,0,0,0
whep_vardd,2016-17,4,0,0,0
whep_vardd,2016-17,5,0,0,0
whep_vardd,2016-17,6,0,0,0
whep_vardd,2016-17,7,0,0,0
whep_vardd,2016-17,8,0,0,0
whep_vardd,2016-17,9,0,0,0
whep_vardd,2016-17,10,0,0,0
whep_vardd,2016-17,11,0,0,0
whep_vardd,2016-17,12,0,0,0
whep_vardd,2016-17,13,0,0,0
whep_vardd,2016-17,14,0,0,0
whep_vardd,2016-17,15,0,0,0
whep_vardd,2016-17,16,0,0,0
whep_vardd,2016-17,17,0,0,0
whep_vardd,2016-17,18,0,0,0
whep_vardd,2016-17,19,0,0,0
whep_vardd,2016-17,20,0,0,0
whep_vardd,2016-17,21,0,0,0
whep_vardd,2016-17,22,0,0,0
whep_vardd,2016-17,23,0,0,0
whep_vardd,2016-17,24,0,0,0
whep_vardd,2016-17,25,0,0,0
whep_vardd,2016-17,26,0,0,0
whep_vardd,2016-17,27,0,0,0
whep_vardd,2016-17,28,0,0,0
whep_vardd,2016-17,29,0,0,0
whep_vardd,2016-17,30,0,0,0
whep_vardd,2016-17,31,0,0,0
whep_vardd,2016-17,32,0,0,0
whep_vardd,2016-17,33,0,0,0
whep_vardd,2016-17,34,0,0,0
whep_vardd,2016-17,35,0,0,0
whep_vardd,2016-17,36,0,0,0
whep_vardd,2016-17,37,0,0,0
whep_vardd,2016-17,38,0,0,0
whep_vardd,2016-17,39,0,0,0
whep_vardd,2016-17,40,0,0,0
whep_vardd,2016-17,41,0,0,0
whep_vardd,2016-17,42,0,0,0
whep_vardd,2016-17,43,0,0,0
whep_vardd,2016-17,44,0,0,0
whep_vardd,2016-17,45,0,0,0
whep_vardd,2016-17,46,0,0,0
whep_vardd,2016-17,47,0,0,0
whep_vardd,2016-17,48,0,0,0
whep_vardd,2016-17,49,0,0,0
whep_vardd,2016-17,50,0,0,0
whep_vardd,2016-17,51,0,0,0
whep_vardd,2016-17,52,0,0,0
whep_vardd,2016-17,53,0,0,0
whep_vardd,2016-17,54,0,0,0
whep_vardd,2016-17,55,0,0,0
whep_vardd,2016-17,56,0,0,0
whep_vardd,2016-17,57,0,0,0
whep_vardd,2016-17,58,0,0,0
whep_vardd,2016-17,59,0,0,0
whep_vardd,2016-17,60,0,0,0
whep_vardd,2016-17,61,0,0,0
whep_vardd,2016-17,62,0,0,0
whep_vardd,2016-17,63,0,0,0
whep_vardd,2016-17,64,0,0,0
whep_vardd,2016-17,65,0,0,0
whep_vardd,2016-17,66,0,0,0
whep_vardd,2016-17,67,0,0,0
whep_vardd,2016-17,68,0,0,0
whep_vardd,2016-17,69,0,0,0
whep_vardd,2016-17,70,0,0,0
whep_vardd,2016-17,71,0,0,0
whep_vardd,2016-17,72,0,0,0
whep_vardd,2016-17,73,0,0,0
whep_vardd,2016-17,74,0,0,0
whep_vardd,2016-17,75,0,0,0
whep_vardd,2016-17,76,0,0,0
whep_vardd,2016-17,77,0,0,0
whep_vardd,2016-17,78,0,0,0
whep_vardd,2016-17,79,0,0,0
whep_vardd,2016-17,80,0,0,0
whep_vardd,2016-17,81,0,0,0
whep_vardd,2016-17,82,0,0,0
whep_vardd,2016-17,83,0,0,0
whep_vardd,2016-17,84,0,0,0
whep_vardd,2016-17,85,0,0,0
whep_vardd,2016-17,86,0,0,0
whep_vardd,2016-17,87,0,0,0
whep_vardd,2016-17,88,0,0,0
whep_vardd,2016-17,89,0,0,0
whep_vardd,2016-17,90,0,0,0
whep_vardd,2016-17,91,0,0,0
whep_vardd,2016-17,92,0,0,0
whep_vardd,2016-17,93,0,0,0
whep_vardd,2016-17,94,0,0,0
whep_vardd,2016-17,95,0,0,0
whep_vardd,2016-17,96,0,0,0
whep_vardd,2016-17,97,0,0,0
whep_vardd,2016-17,98,0,0,0
whep_vardd,2016-17,99,0,0,0
whep_vardd,2016-17,100,0,0,0
whep_vardd,2016-17,101,0,0,0
whep_vardd,2016-17,102,0,0,0
whep_vardd,2016-17,103,0,0,0
whep_vardd,2016-17,104,0,0,0
whep_vardd,2016-17,105,0,0,0
whep_vardd,2016-17,106,0,0,0
whep_vardd,2016-17,107,0,0,0
whep_vardd,2016-17,108,0,0,0
whep_vardd,2016-17,109,0,0,0
whep_vardd,2016-17,110,0,0,0
whep_vardd,2016-17,111,0,0,0
whep_vardd,2016-17,112,0,0,0
whep_vardd,2016-17,113,0,0,0
whep_vardd,2016-17,114,0,0,0
whep_vardd,2016-17,115,0,0,0
whep_vardd,2016-17,116,0,0,0
whep_vardd,2016-17,117,0,0,0
whep_vardd,2016-17,118,0,0,0
whep_vardd,2016-17,119,0,0,0
whep_vardd,2016-17,120,0,0,0
whep_vardd,2016-17,121,0,0,0
whep_vardd,2016-17,122,0,0,0
whep_vardd,2016-17,123,0,0,0
whep_vardd,2016-17,124,543.0609891110507,543.0609891110489,0
whep_vardd,2016-17,125,1086.1219782221015,543.0609891110489,0
whep_vardd,2016-17,126,1629.1829673331522,543.0609891110489,0
whep_vardd,2016-17,127,2172.2439564441884,543.0609891110489,0
whep_vardd,2016-17,128,2715.304945555239,543.0609891110489,0
whep_vardd,2016-17,129,3258.36593466629,543.0609891110489,0
whep_vardd,2016-17,130,3801.4269237773406,543.0609891110489,0
whep_vardd,2016-17,131,4344.487912888391,543.0609891110489,0
whep_vardd,2016-17,132,4887.548901999442,543.0609891110489,0
whep_vardd,2016-17,133,5430.609891110493,543.0609891110489,0
whep_vardd,2016-17,134,5973.6708802215435,543.0609891110489,0
whep_vardd,2016-17,135,6516.731869332594,543.0609891110489,0
whep_vardd,2016-17,136,7059.79285844363,543.0609891110489,0
whep_vardd,2016-17,137,7602.853847554681,543.0609891110489,0
whep_vardd,2016-17,138,7602.853847554681,0,0
whep_vardd,2016-17,139,7602.853847554681,0,0
whep_vardd,2016-17,140,7602.853847554681,0,0
whep_vardd,2016-17,141,7602.853847554681,0,0
whep_vardd,2016-17,142,7602.853847554681,0,0
whep_vardd,2016-17,143,7602.853847554681,0,0
whep_vardd,2016-17,144,7602.853847554681,0,0
whep_vardd,2016-17,145,7602.853847554681,0,0
whep_vardd,2016-17,146,7602.853847554681,0,0
whep_vardd,2016-17,147,7602.853847554681,0,0
whep_vardd,2016-17,148,7602.853847554681,0,0
whep_vardd,2016-17,149,7602.853847554681,0,0
whep_vardd,2016-17,150,7602.853847554681,0,0
whep_vardd,2016-17,151,7602.853847554681,0,0
whep_vardd,2016-17,152,7602.853847554681,0,0
whep_vardd,2016-17,153,7602.853847554681,0,0
whep_vardd,2016-17,154,7602.853847554681,0,0
whep_vardd,2016-17,155,7602.853847554681,0,0
whep_vardd,2016-17,156,7602.853847554681,0,0
whep_vardd,2016-17,157,7602.853847554681,0,0
whep_vardd,2016-17,158,7602.853847554681,0,0
whep_vardd,2016-17,159,7602.853847554681,0,0
whep_vardd,2016-17,160,7602.853847554681,0,0
whep_vardd,2016-17,161,7602.853847554681,0,0
whep_vardd,2016-17,162,7602.853847554681,0,0
whep_vardd,2016-17,163,7602.853847554681,0,0
whep_vardd,2016-17,164,7602.853847554681,0,0
whep_vardd,2016-17,165,7602.853847554681,0,0
whep_vardd,2016-17,166,7602.853847554681,0,0
whep_vardd,2016-17,167,7602.853847554681,0,0
whep_vardd,2016-17,168,7602.853847554681,0,0
whep_vardd,2016-17,169,7602.853847554681,0,0
whep_vardd,2016-17,170,7602.853847554681,0,0
whep_vardd,2016-17,171,7602.853847554681,0,0
whep_vardd,2016-17,172,7602.853847554681,0,0
whep_vardd,2016-17,173,7602.853847554681,0,0
whep_vardd,2016-17,174,7602.853847554681,0,0
whep_vardd,2016-17,175,7602.853847554681,0,0
whep_vardd,2016-17,176,7602.853847554681,0,0
whep_vardd,2016-17,177,7602.853847554681,0,0
whep_vardd,2016-17,178,7602.853847554681,0,0
whep_vardd,2016-17,179,7602.853847554681,0,0
whep_vardd,2016-17,180,7602.853847554681,0,0
whep_vardd,2016-17,181,7602.853847554681,0,0
whep_vardd,2016-17,182,7602.853847554681,0,0
whep_vardd,2016-17,183,7602.853847554681,0,0
whep_vardd,2016-17,184,7602.853847554681,0,0
whep_vardd,2016-17,185,7602.853847554681,0,0
whep_vardd,2016-17,186,7602.853847554681,0,0
whep_vardd,2016-17,187,7602.853847554681,0,0
whep_vardd,2016-17,188,7602.853847554681,0,0
whep_vardd,2016-17,189,7602.853847554681,0,0
whep_vardd,2016-17,190,7602.853847554681,0,0
whep_vardd,2016-17,191,7602.853847554681,0,0
whep_vardd,2016-17,192,7602.853847554681,0,0
whep_vardd,2016-17,193,7602.853847554681,0,0
whep_vardd,2016-17,194,7602.853847554681,0,0
whep_vardd,2016-17,195,7602.853847554681,0,0
whep_vardd,2016-17,196,7602.853847554681,0,0
whep_vardd,2016-17,197,7602.853847554681,0,0
whep_vardd,2016-17,198,7602.853847554681,0,0
whep_vardd,2016-17,199,7602.853847554681,0,0
whep_vardd,2016-17,200,7602.853847554681,0,0
whep_vardd,2016-17,201,7602.853847554681,0,0
whep_vardd,2016-17,202,7602.853847554681,0,0
whep_vardd,2016-17,203,7602.853847554681,0,0
whep_vardd,2016-17,204,7602.853847554681,0,0
whep_vardd,2016-17,205,7602.853847554681,0,0
whep_vardd,2016-17,206,7602.853847554681,0,0
whep_vardd,2016-17,207,7602.853847554681,0,0
whep_vardd,2016-17,208,7602.853847554681,0,0
whep_vardd,2016-17,209,7602.853847554681,0,0
whep_vardd,2016-17,210,7602.853847554681,0,0
whep_vardd,2016-17,211,7602.853847554681,0,0
whep_vardd,2016-17,212,7602.853847554681,0,0
whep_vardd,2016-17,213,7602.853847554681,0,0
whep_vardd,2016-17,214,7602.853847554681,0,0
whep_vardd,2016-17,215,7602.853847554681,0,0
whep_vardd,2016-17,216,7602.853847554681,0,565.6885303240092
whep_vardd,2016-17,217,7037.165317230669,0,565.6885303240092
whep_vardd,2016-17,218,6471.476786906656,0,565.6885303240092
whep_vardd,2016-17,219,5905.7882565826585,0,565.6885303240092
whep_vardd,2016-17,220,5340.099726258646,0,565.6885303240092
whep_vardd,2016-17,221,4774.411195934634,0,565.6885303240092
whep_vardd,2016-17,222,4208.722665610621,0,565.6885303240092
whep_vardd,2016-17,223,3643.034135286609,0,294.1580357684848
whep_vardd,2016-17,224,3348.8760995181365,0,294.1580357684848
whep_vardd,2016-17,225,3054.7180637496494,0,294.1580357684848
whep_vardd,2016-17,226,2760.5600279811624,0,294.1580357684848
whep_vardd,2016-17,227,2466.4019922126754,0,294.1580357684848
whep_vardd,2016-17,228,2172.2439564441884,0,294.1580357684848
whep_vardd,2016-17,229,1878.0859206757013,0,294.1580357684848
whep_vardd,2016-17,230,1583.9278849072289,0,158.39278849072258
whep_vardd,2016-17,231,1425.5350964164973,0,158.39278849072258
whep_vardd,2016-17,232,1267.1423079257802,0,158.39278849072258
whep_vardd,2016-17,233,1108.7495194350486,0,158.39278849072258
whep_vardd,2016-17,234,950.3567309443315,0,158.39278849072258
whep_vardd,2016-17,235,791.9639424536144,0,158.39278849072258
whep_vardd,2016-17,236,633.5711539628828,0,158.39278849072258
whep_vardd,2016-17,237,475.17836547216575,0,67.88262363888111
whep_vardd,2016-17,238,407.2957418332808,0,67.88262363888111
whep_vardd,2016-17,239,339.4131181943958,0,67.88262363888111
whep_vardd,2016-17,240,271.53049455552537,0,67.88262363888111
whep_vardd,2016-17,241,203.6478709166404,0,67.88262363888111
whep_vardd,2016-17,242,135.7652472777554,0,67.88262363888111
whep_vardd,2016-17,243,67.88262363887043,0,67.88262363888111
whep_vardd,2016-17,244,0,0,0
whep_vardd,2016-17,245,0,0,0
whep_vardd,2016-17,246,0,0,0
whep_vardd,2016-17,247,0,0,0
whep_vardd,2016-17,248,0,0,0
whep_vardd,2016-17,249,0,0,0
whep_vardd,2016-17,250,0,0,0
whep_vardd,2016-17,251,0,0,0
whep_vardd,2016-17,252,0,0,0
whep_vardd,2016-17,253,0,0,0
whep_vardd,2016-17,254,0,0,0
whep_vardd,2016-17,255,0,0,0
whep_vardd,2016-17,256,0,0,0
whep_vardd,2016-17,257,0,0,0
whep_vardd,2016-17,258,0,0,0
whep_vardd,2016-17,259,0,0,0
whep_vardd,2016-17,260,0,0,0
whep_vardd,2016-17,261,0,0,0
whep_vardd,2016-17,262,0,0,0
whep_vardd,2016-17,263,0,0,0
whep_vardd,2016-17,264,0,0,0
whep_vardd,2016-17,265,0,0,0
whep_vardd,2016-17,266,0,0,0
whep_vardd,2016-17,267,0,0,0
whep_vardd,2016-17,268,0,0,0
whep_vardd,2016-17,269,0,0,0
whep_vardd,2016-17,270,0,0,0
whep_vardd,2016-17,271,0,0,0
whep_vardd,2016-17,272,0,0,0
whep_vardd,2016-17,273,0,0,0
whep_vardd,2016-17,274,0,0,0
whep_vardd,2016-17,275,0,0,0
whep_vardd,2016-17,276,0,0,0
whep_vardd,2016-17,277,0,0,0
whep_vardd,2016-17,278,0,0,0
whep_vardd,2016-17,279,0,0,0
whep_vardd,2016-17,280,0,0,0
whep_vardd,2016-17,281,0,0,0
whep_vardd,2016-17,282,0,0,0
whep_vardd,2016-17,283,0,0,0
whep_vardd,2016-17,284,0,0,0
whep_vardd,2016-17,285,0,0,0
whep_vardd,2016-17,286,0,0,0
whep_vardd,2016-17,287,0,0,0
whep_vardd,2016-17,288,0,0,0
whep_vardd,2016-17,289,0,0,0
whep_vardd,2016-17,290,0,0,0
whep_vardd,2016-17,291,0,0,0
whep_vardd,2016-17,292,0,0,0
whep_vardd,2016-17,293,0,0,0
whep_vardd,2016-17,294,0,0,0
whep_vardd,2016-17,295,0,0,0
whep_vardd,2016-17,296,0,0,0
whep_vardd,2016-17,297,0,0,0
whep_vardd,2016-17,298,0,0,0
whep_vardd,2016-17,299,0,0,0
whep_vardd,2016-17,300,0,0,0
whep_vardd,2016-17,301,0,0,0
whep_vardd,2016-17,302,0,0,0
whep_vardd,2016-17,303,0,0,0
whep_vardd,2016-17,304,0,0,0
whep_vardd,2016-17,305,0,0,0
whep_vardd,2016-17,306,0,0,0
whep_vardd,2016-17,307,0,0,0
whep_vardd,2016-17,308,0,0,0
whep_vardd,2016-17,309,0,0,0
whep_vardd,2016-17,310,0,0,0
whep_vardd,2016-17,311,0,0,0
whep_vardd,2016-17,312,0,0,0
whep_vardd,2016-17,313,0,0,0
whep_vardd,2016-17,314,0,0,0
whep_vardd,2016-17,315,0,0,0
whep_vardd,2016-17,316,0,0,0
whep_vardd,2016-17,317,0,0,0
whep_vardd,2016-17,318,0,0,0
whep_vardd,2016-17,319,0,0,0
